web_scraper_order,web_scraper_start_url,pagination,review,timestamp
"1780196625-1","https://www.lazada.co.id/products/pdp-i8608700849-s16013570474.html?c=&channelLpJumpArgs=&clickTrackInfo=query%253Ahp%252Bhdc%252Bvivo%253Bnid%253A8608700849%253Bsrc%253ALazadaMainSrp%253Brn%253A2cc5dbdee968abe78d2a0a88c090c687%253Bregion%253Aid%253Bsku%253A8608700849_ID%253Bprice%253A688000%253Bclient%253Adesktop%253Bsupplier_id%253A401099536002%253Bsession_id%253A%253Bbiz_source%253Ah5_internal%253Bslot%253A2%253Butlog_bucket_id%253A470687%253Basc_category_id%253A10100333%253Bitem_id%253A8608700849%253Bsku_id%253A16013570474%253Bshop_id%253A6307054%253BtemplateInfo%253A107879_A3_C_E%2523&freeshipping=1&fs_ab=2&fuse_fs=&lang=id&location=Kab.%20Tangerang&price=6.88E%205&priceCompare=skuId%3A16013570474%3Bsource%3Alazada-search-voucher%3Bsn%3A2cc5dbdee968abe78d2a0a88c090c687%3BoriginPrice%3A68800000%3BdisplayPrice%3A68800000%3BisGray%3Afalse%3BsinglePromotionId%3A-1%3BsingleToolCode%3AmockedSalePrice%3BvoucherPricePlugin%3A0%3Btimestamp%3A1780167465147&ratingscore=4.46643109540636&request_id=2cc5dbdee968abe78d2a0a88c090c687&review=566&sale=1063&search=1&source=search&spm=a2o4j.searchlist.list.2&stock=1","","kemudahan penggunaan:","2026-03-07"
"1780196625-2","https://www.lazada.co.id/products/pdp-i8608700849-s16013570474.html?c=&channelLpJumpArgs=&clickTrackInfo=query%253Ahp%252Bhdc%252Bvivo%253Bnid%253A8608700849%253Bsrc%253ALazadaMainSrp%253Brn%253A2cc5dbdee968abe78d2a0a88c090c687%253Bregion%253Aid%253Bsku%253A8608700849_ID%253Bprice%253A688000%253Bclient%253Adesktop%253Bsupplier_id%253A401099536002%253Bsession_id%253A%253Bbiz_source%253Ah5_internal%253Bslot%253A2%253Butlog_bucket_id%253A470687%253Basc_category_id%253A10100333%253Bitem_id%253A8608700849%253Bsku_id%253A16013570474%253Bshop_id%253A6307054%253BtemplateInfo%253A107879_A3_C_E%2523&freeshipping=1&fs_ab=2&fuse_fs=&lang=id&location=Kab.%20Tangerang&price=6.88E%205&priceCompare=skuId%3A16013570474%3Bsource%3Alazada-search-voucher%3Bsn%3A2cc5dbdee968abe78d2a0a88c090c687%3BoriginPrice%3A68800000%3BdisplayPrice%3A68800000%3BisGray%3Afalse%3BsinglePromotionId%3A-1%3BsingleToolCode%3AmockedSalePrice%3BvoucherPricePlugin%3A0%3Btimestamp%3A1780167465147&ratingscore=4.46643109540636&request_id=2cc5dbdee968abe78d2a0a88c090c687&review=566&sale=1063&search=1&source=search&spm=a2o4j.searchlist.list.2&stock=1","","Lazada emang Asyik , Udah dapet discount dapet voucher pula , gratis ongkir sudah pasti 
Seller juga terpercaya , Respon Chat bertanggung jawab.
Terima kasih
"" kepuasan pembeli adalah Do'a ""","2026-01-10"
"1780196625-3","https://www.lazada.co.id/products/pdp-i8608700849-s16013570474.html?c=&channelLpJumpArgs=&clickTrackInfo=query%253Ahp%252Bhdc%252Bvivo%253Bnid%253A8608700849%253Bsrc%253ALazadaMainSrp%253Brn%253A2cc5dbdee968abe78d2a0a88c090c687%253Bregion%253Aid%253Bsku%253A8608700849_ID%253Bprice%253A688000%253Bclient%253Adesktop%253Bsupplier_id%253A401099536002%253Bsession_id%253A%253Bbiz_source%253Ah5_internal%253Bslot%253A2%253Butlog_bucket_id%253A470687%253Basc_category_id%253A10100333%253Bitem_id%253A8608700849%253Bsku_id%253A16013570474%253Bshop_id%253A6307054%253BtemplateInfo%253A107879_A3_C_E%2523&freeshipping=1&fs_ab=2&fuse_fs=&lang=id&location=Kab.%20Tangerang&price=6.88E%205&priceCompare=skuId%3A16013570474%3Bsource%3Alazada-search-voucher%3Bsn%3A2cc5dbdee968abe78d2a0a88c090c687%3BoriginPrice%3A68800000%3BdisplayPrice%3A68800000%3BisGray%3Afalse%3BsinglePromotionId%3A-1%3BsingleToolCode%3AmockedSalePrice%3BvoucherPricePlugin%3A0%3Btimestamp%3A1780167465147&ratingscore=4.46643109540636&request_id=2cc5dbdee968abe78d2a0a88c090c687&review=566&sale=1063&search=1&source=search&spm=a2o4j.searchlist.list.2&stock=1","","kemudahan penggunaan:","2026-01-09"
"1780196625-4","https://www.lazada.co.id/products/pdp-i8608700849-s16013570474.html?c=&channelLpJumpArgs=&clickTrackInfo=query%253Ahp%252Bhdc%252Bvivo%253Bnid%253A8608700849%253Bsrc%253ALazadaMainSrp%253Brn%253A2cc5dbdee968abe78d2a0a88c090c687%253Bregion%253Aid%253Bsku%253A8608700849_ID%253Bprice%253A688000%253Bclient%253Adesktop%253Bsupplier_id%253A401099536002%253Bsession_id%253A%253Bbiz_source%253Ah5_internal%253Bslot%253A2%253Butlog_bucket_id%253A470687%253Basc_category_id%253A10100333%253Bitem_id%253A8608700849%253Bsku_id%253A16013570474%253Bshop_id%253A6307054%253BtemplateInfo%253A107879_A3_C_E%2523&freeshipping=1&fs_ab=2&fuse_fs=&lang=id&location=Kab.%20Tangerang&price=6.88E%205&priceCompare=skuId%3A16013570474%3Bsource%3Alazada-search-voucher%3Bsn%3A2cc5dbdee968abe78d2a0a88c090c687%3BoriginPrice%3A68800000%3BdisplayPrice%3A68800000%3BisGray%3Afalse%3BsinglePromotionId%3A-1%3BsingleToolCode%3AmockedSalePrice%3BvoucherPricePlugin%3A0%3Btimestamp%3A1780167465147&ratingscore=4.46643109540636&request_id=2cc5dbdee968abe78d2a0a88c090c687&review=566&sale=1063&search=1&source=search&spm=a2o4j.searchlist.list.2&stock=1","","Alhamdulillah barang pesanan sudah di terima, real pict,Baru, segel, dan bergaransi, Kamera belakang 13MP dengan lampu kilat,dapat harga murah tai barang bagus,yang lain jangan ragu beli di toko ini. hatur nuhun seler, tks kang kurir, tks lazada.","2025-11-10"
"1780196625-5","https://www.lazada.co.id/products/pdp-i8608700849-s16013570474.html?c=&channelLpJumpArgs=&clickTrackInfo=query%253Ahp%252Bhdc%252Bvivo%253Bnid%253A8608700849%253Bsrc%253ALazadaMainSrp%253Brn%253A2cc5dbdee968abe78d2a0a88c090c687%253Bregion%253Aid%253Bsku%253A8608700849_ID%253Bprice%253A688000%253Bclient%253Adesktop%253Bsupplier_id%253A401099536002%253Bsession_id%253A%253Bbiz_source%253Ah5_internal%253Bslot%253A2%253Butlog_bucket_id%253A470687%253Basc_category_id%253A10100333%253Bitem_id%253A8608700849%253Bsku_id%253A16013570474%253Bshop_id%253A6307054%253BtemplateInfo%253A107879_A3_C_E%2523&freeshipping=1&fs_ab=2&fuse_fs=&lang=id&location=Kab.%20Tangerang&price=6.88E%205&priceCompare=skuId%3A16013570474%3Bsource%3Alazada-search-voucher%3Bsn%3A2cc5dbdee968abe78d2a0a88c090c687%3BoriginPrice%3A68800000%3BdisplayPrice%3A68800000%3BisGray%3Afalse%3BsinglePromotionId%3A-1%3BsingleToolCode%3AmockedSalePrice%3BvoucherPricePlugin%3A0%3Btimestamp%3A1780167465147&ratingscore=4.46643109540636&request_id=2cc5dbdee968abe78d2a0a88c090c687&review=566&sale=1063&search=1&source=search&spm=a2o4j.searchlist.list.2&stock=1","","alhamdulillah barang nya udah sampai Reselles nya amanah banget kurir nya ramah terima kasih lazada Reselles dan mas kurir","2025-10-28"
"1780196625-6","https://www.lazada.co.id/products/pdp-i8608700849-s16013570474.html?c=&channelLpJumpArgs=&clickTrackInfo=query%253Ahp%252Bhdc%252Bvivo%253Bnid%253A8608700849%253Bsrc%253ALazadaMainSrp%253Brn%253A2cc5dbdee968abe78d2a0a88c090c687%253Bregion%253Aid%253Bsku%253A8608700849_ID%253Bprice%253A688000%253Bclient%253Adesktop%253Bsupplier_id%253A401099536002%253Bsession_id%253A%253Bbiz_source%253Ah5_internal%253Bslot%253A2%253Butlog_bucket_id%253A470687%253Basc_category_id%253A10100333%253Bitem_id%253A8608700849%253Bsku_id%253A16013570474%253Bshop_id%253A6307054%253BtemplateInfo%253A107879_A3_C_E%2523&freeshipping=1&fs_ab=2&fuse_fs=&lang=id&location=Kab.%20Tangerang&price=6.88E%205&priceCompare=skuId%3A16013570474%3Bsource%3Alazada-search-voucher%3Bsn%3A2cc5dbdee968abe78d2a0a88c090c687%3BoriginPrice%3A68800000%3BdisplayPrice%3A68800000%3BisGray%3Afalse%3BsinglePromotionId%3A-1%3BsingleToolCode%3AmockedSalePrice%3BvoucherPricePlugin%3A0%3Btimestamp%3A1780167465147&ratingscore=4.46643109540636&request_id=2cc5dbdee968abe78d2a0a88c090c687&review=566&sale=1063&search=1&source=search&spm=a2o4j.searchlist.list.2&stock=1","","Durability:","2025-10-30"
"1780196625-7","https://www.lazada.co.id/products/pdp-i8608700849-s16013570474.html?c=&channelLpJumpArgs=&clickTrackInfo=query%253Ahp%252Bhdc%252Bvivo%253Bnid%253A8608700849%253Bsrc%253ALazadaMainSrp%253Brn%253A2cc5dbdee968abe78d2a0a88c090c687%253Bregion%253Aid%253Bsku%253A8608700849_ID%253Bprice%253A688000%253Bclient%253Adesktop%253Bsupplier_id%253A401099536002%253Bsession_id%253A%253Bbiz_source%253Ah5_internal%253Bslot%253A2%253Butlog_bucket_id%253A470687%253Basc_category_id%253A10100333%253Bitem_id%253A8608700849%253Bsku_id%253A16013570474%253Bshop_id%253A6307054%253BtemplateInfo%253A107879_A3_C_E%2523&freeshipping=1&fs_ab=2&fuse_fs=&lang=id&location=Kab.%20Tangerang&price=6.88E%205&priceCompare=skuId%3A16013570474%3Bsource%3Alazada-search-voucher%3Bsn%3A2cc5dbdee968abe78d2a0a88c090c687%3BoriginPrice%3A68800000%3BdisplayPrice%3A68800000%3BisGray%3Afalse%3BsinglePromotionId%3A-1%3BsingleToolCode%3AmockedSalePrice%3BvoucherPricePlugin%3A0%3Btimestamp%3A1780167465147&ratingscore=4.46643109540636&request_id=2cc5dbdee968abe78d2a0a88c090c687&review=566&sale=1063&search=1&source=search&spm=a2o4j.searchlist.list.2&stock=1","","Kamera belakang 13MP dengan lampu kilat, Baru, segel, dan bergaransi, 
terimakasih tokonya sudah amanah banget 
terimakasih Lazada 
terimakasih Abang kurirnya ramahKapasitas baterai 3360mAh,","2025-10-21"
"1780196625-8","https://www.lazada.co.id/products/pdp-i8608700849-s16013570474.html?c=&channelLpJumpArgs=&clickTrackInfo=query%253Ahp%252Bhdc%252Bvivo%253Bnid%253A8608700849%253Bsrc%253ALazadaMainSrp%253Brn%253A2cc5dbdee968abe78d2a0a88c090c687%253Bregion%253Aid%253Bsku%253A8608700849_ID%253Bprice%253A688000%253Bclient%253Adesktop%253Bsupplier_id%253A401099536002%253Bsession_id%253A%253Bbiz_source%253Ah5_internal%253Bslot%253A2%253Butlog_bucket_id%253A470687%253Basc_category_id%253A10100333%253Bitem_id%253A8608700849%253Bsku_id%253A16013570474%253Bshop_id%253A6307054%253BtemplateInfo%253A107879_A3_C_E%2523&freeshipping=1&fs_ab=2&fuse_fs=&lang=id&location=Kab.%20Tangerang&price=6.88E%205&priceCompare=skuId%3A16013570474%3Bsource%3Alazada-search-voucher%3Bsn%3A2cc5dbdee968abe78d2a0a88c090c687%3BoriginPrice%3A68800000%3BdisplayPrice%3A68800000%3BisGray%3Afalse%3BsinglePromotionId%3A-1%3BsingleToolCode%3AmockedSalePrice%3BvoucherPricePlugin%3A0%3Btimestamp%3A1780167465147&ratingscore=4.46643109540636&request_id=2cc5dbdee968abe78d2a0a88c090c687&review=566&sale=1063&search=1&source=search&spm=a2o4j.searchlist.list.2&stock=1","","Alhamdulillah barang sesuai pesanan tokonya amanah hp baru segel. datang sore langsung dices, semoga aja awet terimakasih kak...Baru, segel, dan bergaransi, Kapasitas baterai 3360mAh,","2025-10-11"
"1780196625-9","https://www.lazada.co.id/products/pdp-i8608700849-s16013570474.html?c=&channelLpJumpArgs=&clickTrackInfo=query%253Ahp%252Bhdc%252Bvivo%253Bnid%253A8608700849%253Bsrc%253ALazadaMainSrp%253Brn%253A2cc5dbdee968abe78d2a0a88c090c687%253Bregion%253Aid%253Bsku%253A8608700849_ID%253Bprice%253A688000%253Bclient%253Adesktop%253Bsupplier_id%253A401099536002%253Bsession_id%253A%253Bbiz_source%253Ah5_internal%253Bslot%253A2%253Butlog_bucket_id%253A470687%253Basc_category_id%253A10100333%253Bitem_id%253A8608700849%253Bsku_id%253A16013570474%253Bshop_id%253A6307054%253BtemplateInfo%253A107879_A3_C_E%2523&freeshipping=1&fs_ab=2&fuse_fs=&lang=id&location=Kab.%20Tangerang&price=6.88E%205&priceCompare=skuId%3A16013570474%3Bsource%3Alazada-search-voucher%3Bsn%3A2cc5dbdee968abe78d2a0a88c090c687%3BoriginPrice%3A68800000%3BdisplayPrice%3A68800000%3BisGray%3Afalse%3BsinglePromotionId%3A-1%3BsingleToolCode%3AmockedSalePrice%3BvoucherPricePlugin%3A0%3Btimestamp%3A1780167465147&ratingscore=4.46643109540636&request_id=2cc5dbdee968abe78d2a0a88c090c687&review=566&sale=1063&search=1&source=search&spm=a2o4j.searchlist.list.2&stock=1","","untuk sekarang udah 2hari Alhamdulillah bagussss batrei ya juga kuat mudahan mudahan bisa awet tokonya juga amanah kulirya juga amanah baik terimakasih banyak lazada sukses selalu pokoknya puassss jangan ragu bagus harga murah tapi gak murahan","2025-10-13"
"1780196625-10","https://www.lazada.co.id/products/pdp-i8608700849-s16013570474.html?c=&channelLpJumpArgs=&clickTrackInfo=query%253Ahp%252Bhdc%252Bvivo%253Bnid%253A8608700849%253Bsrc%253ALazadaMainSrp%253Brn%253A2cc5dbdee968abe78d2a0a88c090c687%253Bregion%253Aid%253Bsku%253A8608700849_ID%253Bprice%253A688000%253Bclient%253Adesktop%253Bsupplier_id%253A401099536002%253Bsession_id%253A%253Bbiz_source%253Ah5_internal%253Bslot%253A2%253Butlog_bucket_id%253A470687%253Basc_category_id%253A10100333%253Bitem_id%253A8608700849%253Bsku_id%253A16013570474%253Bshop_id%253A6307054%253BtemplateInfo%253A107879_A3_C_E%2523&freeshipping=1&fs_ab=2&fuse_fs=&lang=id&location=Kab.%20Tangerang&price=6.88E%205&priceCompare=skuId%3A16013570474%3Bsource%3Alazada-search-voucher%3Bsn%3A2cc5dbdee968abe78d2a0a88c090c687%3BoriginPrice%3A68800000%3BdisplayPrice%3A68800000%3BisGray%3Afalse%3BsinglePromotionId%3A-1%3BsingleToolCode%3AmockedSalePrice%3BvoucherPricePlugin%3A0%3Btimestamp%3A1780167465147&ratingscore=4.46643109540636&request_id=2cc5dbdee968abe78d2a0a88c090c687&review=566&sale=1063&search=1&source=search&spm=a2o4j.searchlist.list.2&stock=1","","paket aman. hanya saja baru pakai sehari udah bootlop recovery. diflash sinyal hilang. tapi nggak masalah buat eksperimen.","2025-10-09"
"1780196625-11","https://www.lazada.co.id/products/pdp-i8608700849-s16013570474.html?c=&channelLpJumpArgs=&clickTrackInfo=query%253Ahp%252Bhdc%252Bvivo%253Bnid%253A8608700849%253Bsrc%253ALazadaMainSrp%253Brn%253A2cc5dbdee968abe78d2a0a88c090c687%253Bregion%253Aid%253Bsku%253A8608700849_ID%253Bprice%253A688000%253Bclient%253Adesktop%253Bsupplier_id%253A401099536002%253Bsession_id%253A%253Bbiz_source%253Ah5_internal%253Bslot%253A2%253Butlog_bucket_id%253A470687%253Basc_category_id%253A10100333%253Bitem_id%253A8608700849%253Bsku_id%253A16013570474%253Bshop_id%253A6307054%253BtemplateInfo%253A107879_A3_C_E%2523&freeshipping=1&fs_ab=2&fuse_fs=&lang=id&location=Kab.%20Tangerang&price=6.88E%205&priceCompare=skuId%3A16013570474%3Bsource%3Alazada-search-voucher%3Bsn%3A2cc5dbdee968abe78d2a0a88c090c687%3BoriginPrice%3A68800000%3BdisplayPrice%3A68800000%3BisGray%3Afalse%3BsinglePromotionId%3A-1%3BsingleToolCode%3AmockedSalePrice%3BvoucherPricePlugin%3A0%3Btimestamp%3A1780167465147&ratingscore=4.46643109540636&request_id=2cc5dbdee968abe78d2a0a88c090c687&review=566&sale=1063&search=1&source=search&spm=a2o4j.searchlist.list.2&stock=1","","mantap, lumayan si hpnya, wajib beli, apalagi we dapat harga 181 ribu, cod, di kirim ke daerah sumbar, tidak mengecewakan, nnti pesan lagi,","2025-10-05"
"1780196625-12","https://www.lazada.co.id/products/pdp-i8608700849-s16013570474.html?c=&channelLpJumpArgs=&clickTrackInfo=query%253Ahp%252Bhdc%252Bvivo%253Bnid%253A8608700849%253Bsrc%253ALazadaMainSrp%253Brn%253A2cc5dbdee968abe78d2a0a88c090c687%253Bregion%253Aid%253Bsku%253A8608700849_ID%253Bprice%253A688000%253Bclient%253Adesktop%253Bsupplier_id%253A401099536002%253Bsession_id%253A%253Bbiz_source%253Ah5_internal%253Bslot%253A2%253Butlog_bucket_id%253A470687%253Basc_category_id%253A10100333%253Bitem_id%253A8608700849%253Bsku_id%253A16013570474%253Bshop_id%253A6307054%253BtemplateInfo%253A107879_A3_C_E%2523&freeshipping=1&fs_ab=2&fuse_fs=&lang=id&location=Kab.%20Tangerang&price=6.88E%205&priceCompare=skuId%3A16013570474%3Bsource%3Alazada-search-voucher%3Bsn%3A2cc5dbdee968abe78d2a0a88c090c687%3BoriginPrice%3A68800000%3BdisplayPrice%3A68800000%3BisGray%3Afalse%3BsinglePromotionId%3A-1%3BsingleToolCode%3AmockedSalePrice%3BvoucherPricePlugin%3A0%3Btimestamp%3A1780167465147&ratingscore=4.46643109540636&request_id=2cc5dbdee968abe78d2a0a88c090c687&review=566&sale=1063&search=1&source=search&spm=a2o4j.searchlist.list.2&stock=1","","Baru, segel, dan bergaransi, Kapasitas baterai 3360mAh, Pelindung kaca Gorilla Glass 3,","2025-09-30"
"1780196625-13","https://www.lazada.co.id/products/pdp-i8608700849-s16013570474.html?c=&channelLpJumpArgs=&clickTrackInfo=query%253Ahp%252Bhdc%252Bvivo%253Bnid%253A8608700849%253Bsrc%253ALazadaMainSrp%253Brn%253A2cc5dbdee968abe78d2a0a88c090c687%253Bregion%253Aid%253Bsku%253A8608700849_ID%253Bprice%253A688000%253Bclient%253Adesktop%253Bsupplier_id%253A401099536002%253Bsession_id%253A%253Bbiz_source%253Ah5_internal%253Bslot%253A2%253Butlog_bucket_id%253A470687%253Basc_category_id%253A10100333%253Bitem_id%253A8608700849%253Bsku_id%253A16013570474%253Bshop_id%253A6307054%253BtemplateInfo%253A107879_A3_C_E%2523&freeshipping=1&fs_ab=2&fuse_fs=&lang=id&location=Kab.%20Tangerang&price=6.88E%205&priceCompare=skuId%3A16013570474%3Bsource%3Alazada-search-voucher%3Bsn%3A2cc5dbdee968abe78d2a0a88c090c687%3BoriginPrice%3A68800000%3BdisplayPrice%3A68800000%3BisGray%3Afalse%3BsinglePromotionId%3A-1%3BsingleToolCode%3AmockedSalePrice%3BvoucherPricePlugin%3A0%3Btimestamp%3A1780167465147&ratingscore=4.46643109540636&request_id=2cc5dbdee968abe78d2a0a88c090c687&review=566&sale=1063&search=1&source=search&spm=a2o4j.searchlist.list.2&stock=1","","Alhamdulillah, paket nyampe. semua lengkap dan berfungsi 👍 desainnya, bagus. ketahanan? selamat, dan sukses untuk semua👍👍👍","2025-09-26"
"1780196625-14","https://www.lazada.co.id/products/pdp-i8608700849-s16013570474.html?c=&channelLpJumpArgs=&clickTrackInfo=query%253Ahp%252Bhdc%252Bvivo%253Bnid%253A8608700849%253Bsrc%253ALazadaMainSrp%253Brn%253A2cc5dbdee968abe78d2a0a88c090c687%253Bregion%253Aid%253Bsku%253A8608700849_ID%253Bprice%253A688000%253Bclient%253Adesktop%253Bsupplier_id%253A401099536002%253Bsession_id%253A%253Bbiz_source%253Ah5_internal%253Bslot%253A2%253Butlog_bucket_id%253A470687%253Basc_category_id%253A10100333%253Bitem_id%253A8608700849%253Bsku_id%253A16013570474%253Bshop_id%253A6307054%253BtemplateInfo%253A107879_A3_C_E%2523&freeshipping=1&fs_ab=2&fuse_fs=&lang=id&location=Kab.%20Tangerang&price=6.88E%205&priceCompare=skuId%3A16013570474%3Bsource%3Alazada-search-voucher%3Bsn%3A2cc5dbdee968abe78d2a0a88c090c687%3BoriginPrice%3A68800000%3BdisplayPrice%3A68800000%3BisGray%3Afalse%3BsinglePromotionId%3A-1%3BsingleToolCode%3AmockedSalePrice%3BvoucherPricePlugin%3A0%3Btimestamp%3A1780167465147&ratingscore=4.46643109540636&request_id=2cc5dbdee968abe78d2a0a88c090c687&review=566&sale=1063&search=1&source=search&spm=a2o4j.searchlist.list.2&stock=1","","maaap baru kasih ulesan soal nya waktu pas datang anak saya nya belam da sekarang udah ada d rmh lumayan lah dengan harga segtu irit d. kantong toko nya amanah Abang Ade makasih","2 minggu lalu"
"1780196625-15","https://www.lazada.co.id/products/pdp-i8608700849-s16013570474.html?c=&channelLpJumpArgs=&clickTrackInfo=query%253Ahp%252Bhdc%252Bvivo%253Bnid%253A8608700849%253Bsrc%253ALazadaMainSrp%253Brn%253A2cc5dbdee968abe78d2a0a88c090c687%253Bregion%253Aid%253Bsku%253A8608700849_ID%253Bprice%253A688000%253Bclient%253Adesktop%253Bsupplier_id%253A401099536002%253Bsession_id%253A%253Bbiz_source%253Ah5_internal%253Bslot%253A2%253Butlog_bucket_id%253A470687%253Basc_category_id%253A10100333%253Bitem_id%253A8608700849%253Bsku_id%253A16013570474%253Bshop_id%253A6307054%253BtemplateInfo%253A107879_A3_C_E%2523&freeshipping=1&fs_ab=2&fuse_fs=&lang=id&location=Kab.%20Tangerang&price=6.88E%205&priceCompare=skuId%3A16013570474%3Bsource%3Alazada-search-voucher%3Bsn%3A2cc5dbdee968abe78d2a0a88c090c687%3BoriginPrice%3A68800000%3BdisplayPrice%3A68800000%3BisGray%3Afalse%3BsinglePromotionId%3A-1%3BsingleToolCode%3AmockedSalePrice%3BvoucherPricePlugin%3A0%3Btimestamp%3A1780167465147&ratingscore=4.46643109540636&request_id=2cc5dbdee968abe78d2a0a88c090c687&review=566&sale=1063&search=1&source=search&spm=a2o4j.searchlist.list.2&stock=1","","Baru, segel, dan bergaransi, Kamera belakang 13MP dengan lampu kilat, Kapasitas baterai 3360mAh,","2025-09-18"
"1780196625-16","https://www.lazada.co.id/products/pdp-i8608700849-s16013570474.html?c=&channelLpJumpArgs=&clickTrackInfo=query%253Ahp%252Bhdc%252Bvivo%253Bnid%253A8608700849%253Bsrc%253ALazadaMainSrp%253Brn%253A2cc5dbdee968abe78d2a0a88c090c687%253Bregion%253Aid%253Bsku%253A8608700849_ID%253Bprice%253A688000%253Bclient%253Adesktop%253Bsupplier_id%253A401099536002%253Bsession_id%253A%253Bbiz_source%253Ah5_internal%253Bslot%253A2%253Butlog_bucket_id%253A470687%253Basc_category_id%253A10100333%253Bitem_id%253A8608700849%253Bsku_id%253A16013570474%253Bshop_id%253A6307054%253BtemplateInfo%253A107879_A3_C_E%2523&freeshipping=1&fs_ab=2&fuse_fs=&lang=id&location=Kab.%20Tangerang&price=6.88E%205&priceCompare=skuId%3A16013570474%3Bsource%3Alazada-search-voucher%3Bsn%3A2cc5dbdee968abe78d2a0a88c090c687%3BoriginPrice%3A68800000%3BdisplayPrice%3A68800000%3BisGray%3Afalse%3BsinglePromotionId%3A-1%3BsingleToolCode%3AmockedSalePrice%3BvoucherPricePlugin%3A0%3Btimestamp%3A1780167465147&ratingscore=4.46643109540636&request_id=2cc5dbdee968abe78d2a0a88c090c687&review=566&sale=1063&search=1&source=search&spm=a2o4j.searchlist.list.2&stock=1","","Desain bodi aluminium, Kamera belakang 13MP dengan lampu kilat, Kapasitas baterai 3360mAh, semoga tidak ada kendala","2 minggu lalu"
"1780196625-17","https://www.lazada.co.id/products/pdp-i8608700849-s16013570474.html?c=&channelLpJumpArgs=&clickTrackInfo=query%253Ahp%252Bhdc%252Bvivo%253Bnid%253A8608700849%253Bsrc%253ALazadaMainSrp%253Brn%253A2cc5dbdee968abe78d2a0a88c090c687%253Bregion%253Aid%253Bsku%253A8608700849_ID%253Bprice%253A688000%253Bclient%253Adesktop%253Bsupplier_id%253A401099536002%253Bsession_id%253A%253Bbiz_source%253Ah5_internal%253Bslot%253A2%253Butlog_bucket_id%253A470687%253Basc_category_id%253A10100333%253Bitem_id%253A8608700849%253Bsku_id%253A16013570474%253Bshop_id%253A6307054%253BtemplateInfo%253A107879_A3_C_E%2523&freeshipping=1&fs_ab=2&fuse_fs=&lang=id&location=Kab.%20Tangerang&price=6.88E%205&priceCompare=skuId%3A16013570474%3Bsource%3Alazada-search-voucher%3Bsn%3A2cc5dbdee968abe78d2a0a88c090c687%3BoriginPrice%3A68800000%3BdisplayPrice%3A68800000%3BisGray%3Afalse%3BsinglePromotionId%3A-1%3BsingleToolCode%3AmockedSalePrice%3BvoucherPricePlugin%3A0%3Btimestamp%3A1780167465147&ratingscore=4.46643109540636&request_id=2cc5dbdee968abe78d2a0a88c090c687&review=566&sale=1063&search=1&source=search&spm=a2o4j.searchlist.list.2&stock=1","","kemudahan penggunaan:","2025-09-11"
"1780196625-18","https://www.lazada.co.id/products/pdp-i8608700849-s16013570474.html?c=&channelLpJumpArgs=&clickTrackInfo=query%253Ahp%252Bhdc%252Bvivo%253Bnid%253A8608700849%253Bsrc%253ALazadaMainSrp%253Brn%253A2cc5dbdee968abe78d2a0a88c090c687%253Bregion%253Aid%253Bsku%253A8608700849_ID%253Bprice%253A688000%253Bclient%253Adesktop%253Bsupplier_id%253A401099536002%253Bsession_id%253A%253Bbiz_source%253Ah5_internal%253Bslot%253A2%253Butlog_bucket_id%253A470687%253Basc_category_id%253A10100333%253Bitem_id%253A8608700849%253Bsku_id%253A16013570474%253Bshop_id%253A6307054%253BtemplateInfo%253A107879_A3_C_E%2523&freeshipping=1&fs_ab=2&fuse_fs=&lang=id&location=Kab.%20Tangerang&price=6.88E%205&priceCompare=skuId%3A16013570474%3Bsource%3Alazada-search-voucher%3Bsn%3A2cc5dbdee968abe78d2a0a88c090c687%3BoriginPrice%3A68800000%3BdisplayPrice%3A68800000%3BisGray%3Afalse%3BsinglePromotionId%3A-1%3BsingleToolCode%3AmockedSalePrice%3BvoucherPricePlugin%3A0%3Btimestamp%3A1780167465147&ratingscore=4.46643109540636&request_id=2cc5dbdee968abe78d2a0a88c090c687&review=566&sale=1063&search=1&source=search&spm=a2o4j.searchlist.list.2&stock=1","","Baru, segel, dan bergaransi, Kapasitas baterai 3360mAh, terimakasih kak pesanan sudah diterima dgn baik dan sesuai pesanan. hp belum di coba tapi semoga saja awet.dan g ada lecetnya😊👍🏻","2025-09-11"
"1780196625-19","https://www.lazada.co.id/products/pdp-i8608700849-s16013570474.html?c=&channelLpJumpArgs=&clickTrackInfo=query%253Ahp%252Bhdc%252Bvivo%253Bnid%253A8608700849%253Bsrc%253ALazadaMainSrp%253Brn%253A2cc5dbdee968abe78d2a0a88c090c687%253Bregion%253Aid%253Bsku%253A8608700849_ID%253Bprice%253A688000%253Bclient%253Adesktop%253Bsupplier_id%253A401099536002%253Bsession_id%253A%253Bbiz_source%253Ah5_internal%253Bslot%253A2%253Butlog_bucket_id%253A470687%253Basc_category_id%253A10100333%253Bitem_id%253A8608700849%253Bsku_id%253A16013570474%253Bshop_id%253A6307054%253BtemplateInfo%253A107879_A3_C_E%2523&freeshipping=1&fs_ab=2&fuse_fs=&lang=id&location=Kab.%20Tangerang&price=6.88E%205&priceCompare=skuId%3A16013570474%3Bsource%3Alazada-search-voucher%3Bsn%3A2cc5dbdee968abe78d2a0a88c090c687%3BoriginPrice%3A68800000%3BdisplayPrice%3A68800000%3BisGray%3Afalse%3BsinglePromotionId%3A-1%3BsingleToolCode%3AmockedSalePrice%3BvoucherPricePlugin%3A0%3Btimestamp%3A1780167465147&ratingscore=4.46643109540636&request_id=2cc5dbdee968abe78d2a0a88c090c687&review=566&sale=1063&search=1&source=search&spm=a2o4j.searchlist.list.2&stock=1","","Kapasitas baterai 3360mAh, Oke dan sangat baik","2025-09-07"
"1780196625-20","https://www.lazada.co.id/products/pdp-i8608700849-s16013570474.html?c=&channelLpJumpArgs=&clickTrackInfo=query%253Ahp%252Bhdc%252Bvivo%253Bnid%253A8608700849%253Bsrc%253ALazadaMainSrp%253Brn%253A2cc5dbdee968abe78d2a0a88c090c687%253Bregion%253Aid%253Bsku%253A8608700849_ID%253Bprice%253A688000%253Bclient%253Adesktop%253Bsupplier_id%253A401099536002%253Bsession_id%253A%253Bbiz_source%253Ah5_internal%253Bslot%253A2%253Butlog_bucket_id%253A470687%253Basc_category_id%253A10100333%253Bitem_id%253A8608700849%253Bsku_id%253A16013570474%253Bshop_id%253A6307054%253BtemplateInfo%253A107879_A3_C_E%2523&freeshipping=1&fs_ab=2&fuse_fs=&lang=id&location=Kab.%20Tangerang&price=6.88E%205&priceCompare=skuId%3A16013570474%3Bsource%3Alazada-search-voucher%3Bsn%3A2cc5dbdee968abe78d2a0a88c090c687%3BoriginPrice%3A68800000%3BdisplayPrice%3A68800000%3BisGray%3Afalse%3BsinglePromotionId%3A-1%3BsingleToolCode%3AmockedSalePrice%3BvoucherPricePlugin%3A0%3Btimestamp%3A1780167465147&ratingscore=4.46643109540636&request_id=2cc5dbdee968abe78d2a0a88c090c687&review=566&sale=1063&search=1&source=search&spm=a2o4j.searchlist.list.2&stock=1","","Kamera belakang 13MP dengan lampu kilat, Pelindung kaca Gorilla Glass 3, masih segel kardusnya, aman tiba di tempat saya. 
saya tidak tau ini apa china made versi kw nya kah, respon layar agak delay","2025-09-05"
"1780196625-21","https://www.lazada.co.id/products/pdp-i8608700849-s16013570474.html?c=&channelLpJumpArgs=&clickTrackInfo=query%253Ahp%252Bhdc%252Bvivo%253Bnid%253A8608700849%253Bsrc%253ALazadaMainSrp%253Brn%253A2cc5dbdee968abe78d2a0a88c090c687%253Bregion%253Aid%253Bsku%253A8608700849_ID%253Bprice%253A688000%253Bclient%253Adesktop%253Bsupplier_id%253A401099536002%253Bsession_id%253A%253Bbiz_source%253Ah5_internal%253Bslot%253A2%253Butlog_bucket_id%253A470687%253Basc_category_id%253A10100333%253Bitem_id%253A8608700849%253Bsku_id%253A16013570474%253Bshop_id%253A6307054%253BtemplateInfo%253A107879_A3_C_E%2523&freeshipping=1&fs_ab=2&fuse_fs=&lang=id&location=Kab.%20Tangerang&price=6.88E%205&priceCompare=skuId%3A16013570474%3Bsource%3Alazada-search-voucher%3Bsn%3A2cc5dbdee968abe78d2a0a88c090c687%3BoriginPrice%3A68800000%3BdisplayPrice%3A68800000%3BisGray%3Afalse%3BsinglePromotionId%3A-1%3BsingleToolCode%3AmockedSalePrice%3BvoucherPricePlugin%3A0%3Btimestamp%3A1780167465147&ratingscore=4.46643109540636&request_id=2cc5dbdee968abe78d2a0a88c090c687&review=566&sale=1063&search=1&source=search&spm=a2o4j.searchlist.list.2&stock=1","","alhamdulillah hp nya udah datang pengiriman cepat cuman 2 hri udah nyampe.respon penjual cepet lagi..maksih seler .mdh2 hp nya awet","4 minggu lalu"
"1780196625-22","https://www.lazada.co.id/products/pdp-i8608700849-s16013570474.html?c=&channelLpJumpArgs=&clickTrackInfo=query%253Ahp%252Bhdc%252Bvivo%253Bnid%253A8608700849%253Bsrc%253ALazadaMainSrp%253Brn%253A2cc5dbdee968abe78d2a0a88c090c687%253Bregion%253Aid%253Bsku%253A8608700849_ID%253Bprice%253A688000%253Bclient%253Adesktop%253Bsupplier_id%253A401099536002%253Bsession_id%253A%253Bbiz_source%253Ah5_internal%253Bslot%253A2%253Butlog_bucket_id%253A470687%253Basc_category_id%253A10100333%253Bitem_id%253A8608700849%253Bsku_id%253A16013570474%253Bshop_id%253A6307054%253BtemplateInfo%253A107879_A3_C_E%2523&freeshipping=1&fs_ab=2&fuse_fs=&lang=id&location=Kab.%20Tangerang&price=6.88E%205&priceCompare=skuId%3A16013570474%3Bsource%3Alazada-search-voucher%3Bsn%3A2cc5dbdee968abe78d2a0a88c090c687%3BoriginPrice%3A68800000%3BdisplayPrice%3A68800000%3BisGray%3Afalse%3BsinglePromotionId%3A-1%3BsingleToolCode%3AmockedSalePrice%3BvoucherPricePlugin%3A0%3Btimestamp%3A1780167465147&ratingscore=4.46643109540636&request_id=2cc5dbdee968abe78d2a0a88c090c687&review=566&sale=1063&search=1&source=search&spm=a2o4j.searchlist.list.2&stock=1","","Pelindung kaca Gorilla Glass 3, Kamera belakang 13MP dengan lampu kilat, Desain bodi aluminium, ..
pesanan sudah di terima, barang bagus dan masih baru ( masih di segel ).. kondisi normal dan tidak ada kendala.. tokonya amanah, saya puas sekali belanja di sini..
terima kasih seller jg lazada semoga semakin sukses dan maju...!! 
😊😊🙏👍👍👍👍👍","2025-08-28"
"1780196625-23","https://www.lazada.co.id/products/pdp-i8608700849-s16013570474.html?c=&channelLpJumpArgs=&clickTrackInfo=query%253Ahp%252Bhdc%252Bvivo%253Bnid%253A8608700849%253Bsrc%253ALazadaMainSrp%253Brn%253A2cc5dbdee968abe78d2a0a88c090c687%253Bregion%253Aid%253Bsku%253A8608700849_ID%253Bprice%253A688000%253Bclient%253Adesktop%253Bsupplier_id%253A401099536002%253Bsession_id%253A%253Bbiz_source%253Ah5_internal%253Bslot%253A2%253Butlog_bucket_id%253A470687%253Basc_category_id%253A10100333%253Bitem_id%253A8608700849%253Bsku_id%253A16013570474%253Bshop_id%253A6307054%253BtemplateInfo%253A107879_A3_C_E%2523&freeshipping=1&fs_ab=2&fuse_fs=&lang=id&location=Kab.%20Tangerang&price=6.88E%205&priceCompare=skuId%3A16013570474%3Bsource%3Alazada-search-voucher%3Bsn%3A2cc5dbdee968abe78d2a0a88c090c687%3BoriginPrice%3A68800000%3BdisplayPrice%3A68800000%3BisGray%3Afalse%3BsinglePromotionId%3A-1%3BsingleToolCode%3AmockedSalePrice%3BvoucherPricePlugin%3A0%3Btimestamp%3A1780167465147&ratingscore=4.46643109540636&request_id=2cc5dbdee968abe78d2a0a88c090c687&review=566&sale=1063&search=1&source=search&spm=a2o4j.searchlist.list.2&stock=1","","Baru, segel, dan bergaransi, Desain bodi aluminium, trimakasih barang sudah sampai hari ini","2 minggu lalu"
"1780196625-24","https://www.lazada.co.id/products/pdp-i8608700849-s16013570474.html?c=&channelLpJumpArgs=&clickTrackInfo=query%253Ahp%252Bhdc%252Bvivo%253Bnid%253A8608700849%253Bsrc%253ALazadaMainSrp%253Brn%253A2cc5dbdee968abe78d2a0a88c090c687%253Bregion%253Aid%253Bsku%253A8608700849_ID%253Bprice%253A688000%253Bclient%253Adesktop%253Bsupplier_id%253A401099536002%253Bsession_id%253A%253Bbiz_source%253Ah5_internal%253Bslot%253A2%253Butlog_bucket_id%253A470687%253Basc_category_id%253A10100333%253Bitem_id%253A8608700849%253Bsku_id%253A16013570474%253Bshop_id%253A6307054%253BtemplateInfo%253A107879_A3_C_E%2523&freeshipping=1&fs_ab=2&fuse_fs=&lang=id&location=Kab.%20Tangerang&price=6.88E%205&priceCompare=skuId%3A16013570474%3Bsource%3Alazada-search-voucher%3Bsn%3A2cc5dbdee968abe78d2a0a88c090c687%3BoriginPrice%3A68800000%3BdisplayPrice%3A68800000%3BisGray%3Afalse%3BsinglePromotionId%3A-1%3BsingleToolCode%3AmockedSalePrice%3BvoucherPricePlugin%3A0%3Btimestamp%3A1780167465147&ratingscore=4.46643109540636&request_id=2cc5dbdee968abe78d2a0a88c090c687&review=566&sale=1063&search=1&source=search&spm=a2o4j.searchlist.list.2&stock=1","","Baru, segel, dan bergaransi, Pelindung kaca Gorilla Glass 3, 
Semoga Hpnya Awet, Sayang Simcardnya cuman ad 1, Deskripsinya 2..
tapi gak masalah Yg penting Hpnya.
Semoga Tokonya Amanah.
Thank Lazada Dan Seller.","4 minggu lalu"
"1780196625-25","https://www.lazada.co.id/products/pdp-i8608700849-s16013570474.html?c=&channelLpJumpArgs=&clickTrackInfo=query%253Ahp%252Bhdc%252Bvivo%253Bnid%253A8608700849%253Bsrc%253ALazadaMainSrp%253Brn%253A2cc5dbdee968abe78d2a0a88c090c687%253Bregion%253Aid%253Bsku%253A8608700849_ID%253Bprice%253A688000%253Bclient%253Adesktop%253Bsupplier_id%253A401099536002%253Bsession_id%253A%253Bbiz_source%253Ah5_internal%253Bslot%253A2%253Butlog_bucket_id%253A470687%253Basc_category_id%253A10100333%253Bitem_id%253A8608700849%253Bsku_id%253A16013570474%253Bshop_id%253A6307054%253BtemplateInfo%253A107879_A3_C_E%2523&freeshipping=1&fs_ab=2&fuse_fs=&lang=id&location=Kab.%20Tangerang&price=6.88E%205&priceCompare=skuId%3A16013570474%3Bsource%3Alazada-search-voucher%3Bsn%3A2cc5dbdee968abe78d2a0a88c090c687%3BoriginPrice%3A68800000%3BdisplayPrice%3A68800000%3BisGray%3Afalse%3BsinglePromotionId%3A-1%3BsingleToolCode%3AmockedSalePrice%3BvoucherPricePlugin%3A0%3Btimestamp%3A1780167465147&ratingscore=4.46643109540636&request_id=2cc5dbdee968abe78d2a0a88c090c687&review=566&sale=1063&search=1&source=search&spm=a2o4j.searchlist.list.2&stock=1","","Kondisi paket masih Utuh,Pengiriman Cepat,Kurirnya Amanah,meskipun Paket sempat HILANG oleh J&T Express di Orderan Pertama dan ada Refund Dana  oleh Lazada,tapi saya masih tetap Re-Order di Toko ini karena Review Pembelinya hampir mendekati Ekpetasi. Produk Hp yang saya pesan pertama adalah Vivo Y55 4G warna Hitam tapi yang sampai ke Alamat  adalah Vivo Y66 4G dengan versi android 14,1, Kapasitas Ram 4,0 GB dan Total Storage Capacity 64 GB  refurbished tapi Fullset, meskipun sering Loading sedikit  tapi tetap berfungsi dengan Baik,ada dikasih bonus Casingnya.Kualitas Produk sesuai Harga.Terima kasih","2026-04-30"
"1780196625-26","https://www.lazada.co.id/products/pdp-i8608700849-s16013570474.html?c=&channelLpJumpArgs=&clickTrackInfo=query%253Ahp%252Bhdc%252Bvivo%253Bnid%253A8608700849%253Bsrc%253ALazadaMainSrp%253Brn%253A2cc5dbdee968abe78d2a0a88c090c687%253Bregion%253Aid%253Bsku%253A8608700849_ID%253Bprice%253A688000%253Bclient%253Adesktop%253Bsupplier_id%253A401099536002%253Bsession_id%253A%253Bbiz_source%253Ah5_internal%253Bslot%253A2%253Butlog_bucket_id%253A470687%253Basc_category_id%253A10100333%253Bitem_id%253A8608700849%253Bsku_id%253A16013570474%253Bshop_id%253A6307054%253BtemplateInfo%253A107879_A3_C_E%2523&freeshipping=1&fs_ab=2&fuse_fs=&lang=id&location=Kab.%20Tangerang&price=6.88E%205&priceCompare=skuId%3A16013570474%3Bsource%3Alazada-search-voucher%3Bsn%3A2cc5dbdee968abe78d2a0a88c090c687%3BoriginPrice%3A68800000%3BdisplayPrice%3A68800000%3BisGray%3Afalse%3BsinglePromotionId%3A-1%3BsingleToolCode%3AmockedSalePrice%3BvoucherPricePlugin%3A0%3Btimestamp%3A1780167465147&ratingscore=4.46643109540636&request_id=2cc5dbdee968abe78d2a0a88c090c687&review=566&sale=1063&search=1&source=search&spm=a2o4j.searchlist.list.2&stock=1","","hp risa GK bisa baca kartu dijual ktnya ram 6 memori 128 tapi TPI yg dikirim ram  4 /64 mntap emak jdi penipu","2026-04-23"
"1780196625-27","https://www.lazada.co.id/products/pdp-i8608700849-s16013570474.html?c=&channelLpJumpArgs=&clickTrackInfo=query%253Ahp%252Bhdc%252Bvivo%253Bnid%253A8608700849%253Bsrc%253ALazadaMainSrp%253Brn%253A2cc5dbdee968abe78d2a0a88c090c687%253Bregion%253Aid%253Bsku%253A8608700849_ID%253Bprice%253A688000%253Bclient%253Adesktop%253Bsupplier_id%253A401099536002%253Bsession_id%253A%253Bbiz_source%253Ah5_internal%253Bslot%253A2%253Butlog_bucket_id%253A470687%253Basc_category_id%253A10100333%253Bitem_id%253A8608700849%253Bsku_id%253A16013570474%253Bshop_id%253A6307054%253BtemplateInfo%253A107879_A3_C_E%2523&freeshipping=1&fs_ab=2&fuse_fs=&lang=id&location=Kab.%20Tangerang&price=6.88E%205&priceCompare=skuId%3A16013570474%3Bsource%3Alazada-search-voucher%3Bsn%3A2cc5dbdee968abe78d2a0a88c090c687%3BoriginPrice%3A68800000%3BdisplayPrice%3A68800000%3BisGray%3Afalse%3BsinglePromotionId%3A-1%3BsingleToolCode%3AmockedSalePrice%3BvoucherPricePlugin%3A0%3Btimestamp%3A1780167465147&ratingscore=4.46643109540636&request_id=2cc5dbdee968abe78d2a0a88c090c687&review=566&sale=1063&search=1&source=search&spm=a2o4j.searchlist.list.2&stock=1","","pengiriman sangat cepat,kualitas Desain bodi sya suka..","2025-10-05"
"1780196625-28","https://www.lazada.co.id/products/pdp-i8608700849-s16013570474.html?c=&channelLpJumpArgs=&clickTrackInfo=query%253Ahp%252Bhdc%252Bvivo%253Bnid%253A8608700849%253Bsrc%253ALazadaMainSrp%253Brn%253A2cc5dbdee968abe78d2a0a88c090c687%253Bregion%253Aid%253Bsku%253A8608700849_ID%253Bprice%253A688000%253Bclient%253Adesktop%253Bsupplier_id%253A401099536002%253Bsession_id%253A%253Bbiz_source%253Ah5_internal%253Bslot%253A2%253Butlog_bucket_id%253A470687%253Basc_category_id%253A10100333%253Bitem_id%253A8608700849%253Bsku_id%253A16013570474%253Bshop_id%253A6307054%253BtemplateInfo%253A107879_A3_C_E%2523&freeshipping=1&fs_ab=2&fuse_fs=&lang=id&location=Kab.%20Tangerang&price=6.88E%205&priceCompare=skuId%3A16013570474%3Bsource%3Alazada-search-voucher%3Bsn%3A2cc5dbdee968abe78d2a0a88c090c687%3BoriginPrice%3A68800000%3BdisplayPrice%3A68800000%3BisGray%3Afalse%3BsinglePromotionId%3A-1%3BsingleToolCode%3AmockedSalePrice%3BvoucherPricePlugin%3A0%3Btimestamp%3A1780167465147&ratingscore=4.46643109540636&request_id=2cc5dbdee968abe78d2a0a88c090c687&review=566&sale=1063&search=1&source=search&spm=a2o4j.searchlist.list.2&stock=1","","pesanan dah mendarat dan sesuai.dan fungsi hp normal semua","2025-09-27"
"1780196625-29","https://www.lazada.co.id/products/pdp-i8608700849-s16013570474.html?c=&channelLpJumpArgs=&clickTrackInfo=query%253Ahp%252Bhdc%252Bvivo%253Bnid%253A8608700849%253Bsrc%253ALazadaMainSrp%253Brn%253A2cc5dbdee968abe78d2a0a88c090c687%253Bregion%253Aid%253Bsku%253A8608700849_ID%253Bprice%253A688000%253Bclient%253Adesktop%253Bsupplier_id%253A401099536002%253Bsession_id%253A%253Bbiz_source%253Ah5_internal%253Bslot%253A2%253Butlog_bucket_id%253A470687%253Basc_category_id%253A10100333%253Bitem_id%253A8608700849%253Bsku_id%253A16013570474%253Bshop_id%253A6307054%253BtemplateInfo%253A107879_A3_C_E%2523&freeshipping=1&fs_ab=2&fuse_fs=&lang=id&location=Kab.%20Tangerang&price=6.88E%205&priceCompare=skuId%3A16013570474%3Bsource%3Alazada-search-voucher%3Bsn%3A2cc5dbdee968abe78d2a0a88c090c687%3BoriginPrice%3A68800000%3BdisplayPrice%3A68800000%3BisGray%3Afalse%3BsinglePromotionId%3A-1%3BsingleToolCode%3AmockedSalePrice%3BvoucherPricePlugin%3A0%3Btimestamp%3A1780167465147&ratingscore=4.46643109540636&request_id=2cc5dbdee968abe78d2a0a88c090c687&review=566&sale=1063&search=1&source=search&spm=a2o4j.searchlist.list.2&stock=1","","Pelindung kaca Gorilla Glass 3, Desain bodi aluminium, Baru, segel, dan bergaransi, Kamera belakang 13MP dengan lampu kilat,","2026-04-10"
"1780196625-30","https://www.lazada.co.id/products/pdp-i8608700849-s16013570474.html?c=&channelLpJumpArgs=&clickTrackInfo=query%253Ahp%252Bhdc%252Bvivo%253Bnid%253A8608700849%253Bsrc%253ALazadaMainSrp%253Brn%253A2cc5dbdee968abe78d2a0a88c090c687%253Bregion%253Aid%253Bsku%253A8608700849_ID%253Bprice%253A688000%253Bclient%253Adesktop%253Bsupplier_id%253A401099536002%253Bsession_id%253A%253Bbiz_source%253Ah5_internal%253Bslot%253A2%253Butlog_bucket_id%253A470687%253Basc_category_id%253A10100333%253Bitem_id%253A8608700849%253Bsku_id%253A16013570474%253Bshop_id%253A6307054%253BtemplateInfo%253A107879_A3_C_E%2523&freeshipping=1&fs_ab=2&fuse_fs=&lang=id&location=Kab.%20Tangerang&price=6.88E%205&priceCompare=skuId%3A16013570474%3Bsource%3Alazada-search-voucher%3Bsn%3A2cc5dbdee968abe78d2a0a88c090c687%3BoriginPrice%3A68800000%3BdisplayPrice%3A68800000%3BisGray%3Afalse%3BsinglePromotionId%3A-1%3BsingleToolCode%3AmockedSalePrice%3BvoucherPricePlugin%3A0%3Btimestamp%3A1780167465147&ratingscore=4.46643109540636&request_id=2cc5dbdee968abe78d2a0a88c090c687&review=566&sale=1063&search=1&source=search&spm=a2o4j.searchlist.list.2&stock=1","","makasih kak baranya udah sampe dngan mulus, cma pengiriman nya aga lama","3 minggu lalu"
"1780196625-31","https://www.lazada.co.id/products/pdp-i8608700849-s16013570474.html?c=&channelLpJumpArgs=&clickTrackInfo=query%253Ahp%252Bhdc%252Bvivo%253Bnid%253A8608700849%253Bsrc%253ALazadaMainSrp%253Brn%253A2cc5dbdee968abe78d2a0a88c090c687%253Bregion%253Aid%253Bsku%253A8608700849_ID%253Bprice%253A688000%253Bclient%253Adesktop%253Bsupplier_id%253A401099536002%253Bsession_id%253A%253Bbiz_source%253Ah5_internal%253Bslot%253A2%253Butlog_bucket_id%253A470687%253Basc_category_id%253A10100333%253Bitem_id%253A8608700849%253Bsku_id%253A16013570474%253Bshop_id%253A6307054%253BtemplateInfo%253A107879_A3_C_E%2523&freeshipping=1&fs_ab=2&fuse_fs=&lang=id&location=Kab.%20Tangerang&price=6.88E%205&priceCompare=skuId%3A16013570474%3Bsource%3Alazada-search-voucher%3Bsn%3A2cc5dbdee968abe78d2a0a88c090c687%3BoriginPrice%3A68800000%3BdisplayPrice%3A68800000%3BisGray%3Afalse%3BsinglePromotionId%3A-1%3BsingleToolCode%3AmockedSalePrice%3BvoucherPricePlugin%3A0%3Btimestamp%3A1780167465147&ratingscore=4.46643109540636&request_id=2cc5dbdee968abe78d2a0a88c090c687&review=566&sale=1063&search=1&source=search&spm=a2o4j.searchlist.list.2&stock=1","","untuk produk realpi k, 
hanya saja pesan warna hitam di kirim pink, 
pdhal utk anak laki 🤦🏻‍♀️
untung doi gk papa😁","2026-04-01"
"1780196625-32","https://www.lazada.co.id/products/pdp-i8608700849-s16013570474.html?c=&channelLpJumpArgs=&clickTrackInfo=query%253Ahp%252Bhdc%252Bvivo%253Bnid%253A8608700849%253Bsrc%253ALazadaMainSrp%253Brn%253A2cc5dbdee968abe78d2a0a88c090c687%253Bregion%253Aid%253Bsku%253A8608700849_ID%253Bprice%253A688000%253Bclient%253Adesktop%253Bsupplier_id%253A401099536002%253Bsession_id%253A%253Bbiz_source%253Ah5_internal%253Bslot%253A2%253Butlog_bucket_id%253A470687%253Basc_category_id%253A10100333%253Bitem_id%253A8608700849%253Bsku_id%253A16013570474%253Bshop_id%253A6307054%253BtemplateInfo%253A107879_A3_C_E%2523&freeshipping=1&fs_ab=2&fuse_fs=&lang=id&location=Kab.%20Tangerang&price=6.88E%205&priceCompare=skuId%3A16013570474%3Bsource%3Alazada-search-voucher%3Bsn%3A2cc5dbdee968abe78d2a0a88c090c687%3BoriginPrice%3A68800000%3BdisplayPrice%3A68800000%3BisGray%3Afalse%3BsinglePromotionId%3A-1%3BsingleToolCode%3AmockedSalePrice%3BvoucherPricePlugin%3A0%3Btimestamp%3A1780167465147&ratingscore=4.46643109540636&request_id=2cc5dbdee968abe78d2a0a88c090c687&review=566&sale=1063&search=1&source=search&spm=a2o4j.searchlist.list.2&stock=1","","baterai cepet panas, ko ini hp udah ada email nya ya berarti second ya bukan baruPelindung kaca Gorilla Glass 3,","2026-04-01"
"1780196625-33","https://www.lazada.co.id/products/pdp-i8608700849-s16013570474.html?c=&channelLpJumpArgs=&clickTrackInfo=query%253Ahp%252Bhdc%252Bvivo%253Bnid%253A8608700849%253Bsrc%253ALazadaMainSrp%253Brn%253A2cc5dbdee968abe78d2a0a88c090c687%253Bregion%253Aid%253Bsku%253A8608700849_ID%253Bprice%253A688000%253Bclient%253Adesktop%253Bsupplier_id%253A401099536002%253Bsession_id%253A%253Bbiz_source%253Ah5_internal%253Bslot%253A2%253Butlog_bucket_id%253A470687%253Basc_category_id%253A10100333%253Bitem_id%253A8608700849%253Bsku_id%253A16013570474%253Bshop_id%253A6307054%253BtemplateInfo%253A107879_A3_C_E%2523&freeshipping=1&fs_ab=2&fuse_fs=&lang=id&location=Kab.%20Tangerang&price=6.88E%205&priceCompare=skuId%3A16013570474%3Bsource%3Alazada-search-voucher%3Bsn%3A2cc5dbdee968abe78d2a0a88c090c687%3BoriginPrice%3A68800000%3BdisplayPrice%3A68800000%3BisGray%3Afalse%3BsinglePromotionId%3A-1%3BsingleToolCode%3AmockedSalePrice%3BvoucherPricePlugin%3A0%3Btimestamp%3A1780167465147&ratingscore=4.46643109540636&request_id=2cc5dbdee968abe78d2a0a88c090c687&review=566&sale=1063&search=1&source=search&spm=a2o4j.searchlist.list.2&stock=1","","mantaf sesuai iklan
HP gres mulus dan normal
pengiriman cepat
respon penjual cepat dan bersahabat
harga bersaing
makasih banget seller","2025-07-17"
"1780196625-34","https://www.lazada.co.id/products/pdp-i8608700849-s16013570474.html?c=&channelLpJumpArgs=&clickTrackInfo=query%253Ahp%252Bhdc%252Bvivo%253Bnid%253A8608700849%253Bsrc%253ALazadaMainSrp%253Brn%253A2cc5dbdee968abe78d2a0a88c090c687%253Bregion%253Aid%253Bsku%253A8608700849_ID%253Bprice%253A688000%253Bclient%253Adesktop%253Bsupplier_id%253A401099536002%253Bsession_id%253A%253Bbiz_source%253Ah5_internal%253Bslot%253A2%253Butlog_bucket_id%253A470687%253Basc_category_id%253A10100333%253Bitem_id%253A8608700849%253Bsku_id%253A16013570474%253Bshop_id%253A6307054%253BtemplateInfo%253A107879_A3_C_E%2523&freeshipping=1&fs_ab=2&fuse_fs=&lang=id&location=Kab.%20Tangerang&price=6.88E%205&priceCompare=skuId%3A16013570474%3Bsource%3Alazada-search-voucher%3Bsn%3A2cc5dbdee968abe78d2a0a88c090c687%3BoriginPrice%3A68800000%3BdisplayPrice%3A68800000%3BisGray%3Afalse%3BsinglePromotionId%3A-1%3BsingleToolCode%3AmockedSalePrice%3BvoucherPricePlugin%3A0%3Btimestamp%3A1780167465147&ratingscore=4.46643109540636&request_id=2cc5dbdee968abe78d2a0a88c090c687&review=566&sale=1063&search=1&source=search&spm=a2o4j.searchlist.list.2&stock=1","","kemudahan penggunaan:","2025-06-29"
"1780196625-35","https://www.lazada.co.id/products/pdp-i8608700849-s16013570474.html?c=&channelLpJumpArgs=&clickTrackInfo=query%253Ahp%252Bhdc%252Bvivo%253Bnid%253A8608700849%253Bsrc%253ALazadaMainSrp%253Brn%253A2cc5dbdee968abe78d2a0a88c090c687%253Bregion%253Aid%253Bsku%253A8608700849_ID%253Bprice%253A688000%253Bclient%253Adesktop%253Bsupplier_id%253A401099536002%253Bsession_id%253A%253Bbiz_source%253Ah5_internal%253Bslot%253A2%253Butlog_bucket_id%253A470687%253Basc_category_id%253A10100333%253Bitem_id%253A8608700849%253Bsku_id%253A16013570474%253Bshop_id%253A6307054%253BtemplateInfo%253A107879_A3_C_E%2523&freeshipping=1&fs_ab=2&fuse_fs=&lang=id&location=Kab.%20Tangerang&price=6.88E%205&priceCompare=skuId%3A16013570474%3Bsource%3Alazada-search-voucher%3Bsn%3A2cc5dbdee968abe78d2a0a88c090c687%3BoriginPrice%3A68800000%3BdisplayPrice%3A68800000%3BisGray%3Afalse%3BsinglePromotionId%3A-1%3BsingleToolCode%3AmockedSalePrice%3BvoucherPricePlugin%3A0%3Btimestamp%3A1780167465147&ratingscore=4.46643109540636&request_id=2cc5dbdee968abe78d2a0a88c090c687&review=566&sale=1063&search=1&source=search&spm=a2o4j.searchlist.list.2&stock=1","","sebenarnya udah malas belanja di Lazada 
karena udah ga ada gratis ongkir
apalagi diskon,
cuma di toko ini harganya miring
ya lumayanlah 
rekomendasi banget deh di toko ini","2026-02-28"
"1780196625-36","https://www.lazada.co.id/products/pdp-i8608700849-s16013570474.html?c=&channelLpJumpArgs=&clickTrackInfo=query%253Ahp%252Bhdc%252Bvivo%253Bnid%253A8608700849%253Bsrc%253ALazadaMainSrp%253Brn%253A2cc5dbdee968abe78d2a0a88c090c687%253Bregion%253Aid%253Bsku%253A8608700849_ID%253Bprice%253A688000%253Bclient%253Adesktop%253Bsupplier_id%253A401099536002%253Bsession_id%253A%253Bbiz_source%253Ah5_internal%253Bslot%253A2%253Butlog_bucket_id%253A470687%253Basc_category_id%253A10100333%253Bitem_id%253A8608700849%253Bsku_id%253A16013570474%253Bshop_id%253A6307054%253BtemplateInfo%253A107879_A3_C_E%2523&freeshipping=1&fs_ab=2&fuse_fs=&lang=id&location=Kab.%20Tangerang&price=6.88E%205&priceCompare=skuId%3A16013570474%3Bsource%3Alazada-search-voucher%3Bsn%3A2cc5dbdee968abe78d2a0a88c090c687%3BoriginPrice%3A68800000%3BdisplayPrice%3A68800000%3BisGray%3Afalse%3BsinglePromotionId%3A-1%3BsingleToolCode%3AmockedSalePrice%3BvoucherPricePlugin%3A0%3Btimestamp%3A1780167465147&ratingscore=4.46643109540636&request_id=2cc5dbdee968abe78d2a0a88c090c687&review=566&sale=1063&search=1&source=search&spm=a2o4j.searchlist.list.2&stock=1","","alhamdulillah barangnya sudah keterima barangnya bagus pengiriman cepat barangnya semua baru Baru, segel, dan bergaransi, Kapasitas baterai 3360mAh, kurirnya baik dan ramah makasih lazada semoga bermanfaat amin.","2026-02-24"
"1780196625-37","https://www.lazada.co.id/products/pdp-i8608700849-s16013570474.html?c=&channelLpJumpArgs=&clickTrackInfo=query%253Ahp%252Bhdc%252Bvivo%253Bnid%253A8608700849%253Bsrc%253ALazadaMainSrp%253Brn%253A2cc5dbdee968abe78d2a0a88c090c687%253Bregion%253Aid%253Bsku%253A8608700849_ID%253Bprice%253A688000%253Bclient%253Adesktop%253Bsupplier_id%253A401099536002%253Bsession_id%253A%253Bbiz_source%253Ah5_internal%253Bslot%253A2%253Butlog_bucket_id%253A470687%253Basc_category_id%253A10100333%253Bitem_id%253A8608700849%253Bsku_id%253A16013570474%253Bshop_id%253A6307054%253BtemplateInfo%253A107879_A3_C_E%2523&freeshipping=1&fs_ab=2&fuse_fs=&lang=id&location=Kab.%20Tangerang&price=6.88E%205&priceCompare=skuId%3A16013570474%3Bsource%3Alazada-search-voucher%3Bsn%3A2cc5dbdee968abe78d2a0a88c090c687%3BoriginPrice%3A68800000%3BdisplayPrice%3A68800000%3BisGray%3Afalse%3BsinglePromotionId%3A-1%3BsingleToolCode%3AmockedSalePrice%3BvoucherPricePlugin%3A0%3Btimestamp%3A1780167465147&ratingscore=4.46643109540636&request_id=2cc5dbdee968abe78d2a0a88c090c687&review=566&sale=1063&search=1&source=search&spm=a2o4j.searchlist.list.2&stock=1","","HP nya sdh datang makasih lazada dan toko nya","2 minggu lalu"
"1780196625-38","https://www.lazada.co.id/products/pdp-i8608700849-s16013570474.html?c=&channelLpJumpArgs=&clickTrackInfo=query%253Ahp%252Bhdc%252Bvivo%253Bnid%253A8608700849%253Bsrc%253ALazadaMainSrp%253Brn%253A2cc5dbdee968abe78d2a0a88c090c687%253Bregion%253Aid%253Bsku%253A8608700849_ID%253Bprice%253A688000%253Bclient%253Adesktop%253Bsupplier_id%253A401099536002%253Bsession_id%253A%253Bbiz_source%253Ah5_internal%253Bslot%253A2%253Butlog_bucket_id%253A470687%253Basc_category_id%253A10100333%253Bitem_id%253A8608700849%253Bsku_id%253A16013570474%253Bshop_id%253A6307054%253BtemplateInfo%253A107879_A3_C_E%2523&freeshipping=1&fs_ab=2&fuse_fs=&lang=id&location=Kab.%20Tangerang&price=6.88E%205&priceCompare=skuId%3A16013570474%3Bsource%3Alazada-search-voucher%3Bsn%3A2cc5dbdee968abe78d2a0a88c090c687%3BoriginPrice%3A68800000%3BdisplayPrice%3A68800000%3BisGray%3Afalse%3BsinglePromotionId%3A-1%3BsingleToolCode%3AmockedSalePrice%3BvoucherPricePlugin%3A0%3Btimestamp%3A1780167465147&ratingscore=4.46643109540636&request_id=2cc5dbdee968abe78d2a0a88c090c687&review=566&sale=1063&search=1&source=search&spm=a2o4j.searchlist.list.2&stock=1","","jangan ragu kalau sayang anak beli disini aja
lumayan harga murah kualitas joss buat anak anak oke lah","2026-02-16"
"1780196625-39","https://www.lazada.co.id/products/pdp-i8608700849-s16013570474.html?c=&channelLpJumpArgs=&clickTrackInfo=query%253Ahp%252Bhdc%252Bvivo%253Bnid%253A8608700849%253Bsrc%253ALazadaMainSrp%253Brn%253A2cc5dbdee968abe78d2a0a88c090c687%253Bregion%253Aid%253Bsku%253A8608700849_ID%253Bprice%253A688000%253Bclient%253Adesktop%253Bsupplier_id%253A401099536002%253Bsession_id%253A%253Bbiz_source%253Ah5_internal%253Bslot%253A2%253Butlog_bucket_id%253A470687%253Basc_category_id%253A10100333%253Bitem_id%253A8608700849%253Bsku_id%253A16013570474%253Bshop_id%253A6307054%253BtemplateInfo%253A107879_A3_C_E%2523&freeshipping=1&fs_ab=2&fuse_fs=&lang=id&location=Kab.%20Tangerang&price=6.88E%205&priceCompare=skuId%3A16013570474%3Bsource%3Alazada-search-voucher%3Bsn%3A2cc5dbdee968abe78d2a0a88c090c687%3BoriginPrice%3A68800000%3BdisplayPrice%3A68800000%3BisGray%3Afalse%3BsinglePromotionId%3A-1%3BsingleToolCode%3AmockedSalePrice%3BvoucherPricePlugin%3A0%3Btimestamp%3A1780167465147&ratingscore=4.46643109540636&request_id=2cc5dbdee968abe78d2a0a88c090c687&review=566&sale=1063&search=1&source=search&spm=a2o4j.searchlist.list.2&stock=1","","aslinya pesen y 55 warna hitam ,tpi yg dtg malah y 66 gold ,tpi gpp barngnya asli vivo dan baru masih segel,semoga awet,syangnya pengiriman  seminggu baru nyampe, lamaaaa banget.","2026-02-19"
"1780196625-40","https://www.lazada.co.id/products/pdp-i8608700849-s16013570474.html?c=&channelLpJumpArgs=&clickTrackInfo=query%253Ahp%252Bhdc%252Bvivo%253Bnid%253A8608700849%253Bsrc%253ALazadaMainSrp%253Brn%253A2cc5dbdee968abe78d2a0a88c090c687%253Bregion%253Aid%253Bsku%253A8608700849_ID%253Bprice%253A688000%253Bclient%253Adesktop%253Bsupplier_id%253A401099536002%253Bsession_id%253A%253Bbiz_source%253Ah5_internal%253Bslot%253A2%253Butlog_bucket_id%253A470687%253Basc_category_id%253A10100333%253Bitem_id%253A8608700849%253Bsku_id%253A16013570474%253Bshop_id%253A6307054%253BtemplateInfo%253A107879_A3_C_E%2523&freeshipping=1&fs_ab=2&fuse_fs=&lang=id&location=Kab.%20Tangerang&price=6.88E%205&priceCompare=skuId%3A16013570474%3Bsource%3Alazada-search-voucher%3Bsn%3A2cc5dbdee968abe78d2a0a88c090c687%3BoriginPrice%3A68800000%3BdisplayPrice%3A68800000%3BisGray%3Afalse%3BsinglePromotionId%3A-1%3BsingleToolCode%3AmockedSalePrice%3BvoucherPricePlugin%3A0%3Btimestamp%3A1780167465147&ratingscore=4.46643109540636&request_id=2cc5dbdee968abe78d2a0a88c090c687&review=566&sale=1063&search=1&source=search&spm=a2o4j.searchlist.list.2&stock=1","","Kamera belakang 13MP dengan lampu kilat, Pelindung kaca Gorilla Glass 3, Kapasitas baterai 3360mAh,","2026-02-16"
"1780196625-41","https://www.lazada.co.id/products/pdp-i8608700849-s16013570474.html?c=&channelLpJumpArgs=&clickTrackInfo=query%253Ahp%252Bhdc%252Bvivo%253Bnid%253A8608700849%253Bsrc%253ALazadaMainSrp%253Brn%253A2cc5dbdee968abe78d2a0a88c090c687%253Bregion%253Aid%253Bsku%253A8608700849_ID%253Bprice%253A688000%253Bclient%253Adesktop%253Bsupplier_id%253A401099536002%253Bsession_id%253A%253Bbiz_source%253Ah5_internal%253Bslot%253A2%253Butlog_bucket_id%253A470687%253Basc_category_id%253A10100333%253Bitem_id%253A8608700849%253Bsku_id%253A16013570474%253Bshop_id%253A6307054%253BtemplateInfo%253A107879_A3_C_E%2523&freeshipping=1&fs_ab=2&fuse_fs=&lang=id&location=Kab.%20Tangerang&price=6.88E%205&priceCompare=skuId%3A16013570474%3Bsource%3Alazada-search-voucher%3Bsn%3A2cc5dbdee968abe78d2a0a88c090c687%3BoriginPrice%3A68800000%3BdisplayPrice%3A68800000%3BisGray%3Afalse%3BsinglePromotionId%3A-1%3BsingleToolCode%3AmockedSalePrice%3BvoucherPricePlugin%3A0%3Btimestamp%3A1780167465147&ratingscore=4.46643109540636&request_id=2cc5dbdee968abe78d2a0a88c090c687&review=566&sale=1063&search=1&source=search&spm=a2o4j.searchlist.list.2&stock=1","","paket telah mendarat dengan aman dan cocok sesuai pesanan dan sesuai gambar","2025-07-02"
"1780196625-42","https://www.lazada.co.id/products/pdp-i8608700849-s16013570474.html?c=&channelLpJumpArgs=&clickTrackInfo=query%253Ahp%252Bhdc%252Bvivo%253Bnid%253A8608700849%253Bsrc%253ALazadaMainSrp%253Brn%253A2cc5dbdee968abe78d2a0a88c090c687%253Bregion%253Aid%253Bsku%253A8608700849_ID%253Bprice%253A688000%253Bclient%253Adesktop%253Bsupplier_id%253A401099536002%253Bsession_id%253A%253Bbiz_source%253Ah5_internal%253Bslot%253A2%253Butlog_bucket_id%253A470687%253Basc_category_id%253A10100333%253Bitem_id%253A8608700849%253Bsku_id%253A16013570474%253Bshop_id%253A6307054%253BtemplateInfo%253A107879_A3_C_E%2523&freeshipping=1&fs_ab=2&fuse_fs=&lang=id&location=Kab.%20Tangerang&price=6.88E%205&priceCompare=skuId%3A16013570474%3Bsource%3Alazada-search-voucher%3Bsn%3A2cc5dbdee968abe78d2a0a88c090c687%3BoriginPrice%3A68800000%3BdisplayPrice%3A68800000%3BisGray%3Afalse%3BsinglePromotionId%3A-1%3BsingleToolCode%3AmockedSalePrice%3BvoucherPricePlugin%3A0%3Btimestamp%3A1780167465147&ratingscore=4.46643109540636&request_id=2cc5dbdee968abe78d2a0a88c090c687&review=566&sale=1063&search=1&source=search&spm=a2o4j.searchlist.list.2&stock=1","","kemudahan penggunaan:","2025-06-18"
"1780196625-43","https://www.lazada.co.id/products/pdp-i8608700849-s16013570474.html?c=&channelLpJumpArgs=&clickTrackInfo=query%253Ahp%252Bhdc%252Bvivo%253Bnid%253A8608700849%253Bsrc%253ALazadaMainSrp%253Brn%253A2cc5dbdee968abe78d2a0a88c090c687%253Bregion%253Aid%253Bsku%253A8608700849_ID%253Bprice%253A688000%253Bclient%253Adesktop%253Bsupplier_id%253A401099536002%253Bsession_id%253A%253Bbiz_source%253Ah5_internal%253Bslot%253A2%253Butlog_bucket_id%253A470687%253Basc_category_id%253A10100333%253Bitem_id%253A8608700849%253Bsku_id%253A16013570474%253Bshop_id%253A6307054%253BtemplateInfo%253A107879_A3_C_E%2523&freeshipping=1&fs_ab=2&fuse_fs=&lang=id&location=Kab.%20Tangerang&price=6.88E%205&priceCompare=skuId%3A16013570474%3Bsource%3Alazada-search-voucher%3Bsn%3A2cc5dbdee968abe78d2a0a88c090c687%3BoriginPrice%3A68800000%3BdisplayPrice%3A68800000%3BisGray%3Afalse%3BsinglePromotionId%3A-1%3BsingleToolCode%3AmockedSalePrice%3BvoucherPricePlugin%3A0%3Btimestamp%3A1780167465147&ratingscore=4.46643109540636&request_id=2cc5dbdee968abe78d2a0a88c090c687&review=566&sale=1063&search=1&source=search&spm=a2o4j.searchlist.list.2&stock=1","","maaf baru kasih ulasan paket sudah sampai sellernya amanah dan responnya cepat terima kasih semoga awet cuma belum di coba","2026-02-07"
"1780196625-44","https://www.lazada.co.id/products/pdp-i8608700849-s16013570474.html?c=&channelLpJumpArgs=&clickTrackInfo=query%253Ahp%252Bhdc%252Bvivo%253Bnid%253A8608700849%253Bsrc%253ALazadaMainSrp%253Brn%253A2cc5dbdee968abe78d2a0a88c090c687%253Bregion%253Aid%253Bsku%253A8608700849_ID%253Bprice%253A688000%253Bclient%253Adesktop%253Bsupplier_id%253A401099536002%253Bsession_id%253A%253Bbiz_source%253Ah5_internal%253Bslot%253A2%253Butlog_bucket_id%253A470687%253Basc_category_id%253A10100333%253Bitem_id%253A8608700849%253Bsku_id%253A16013570474%253Bshop_id%253A6307054%253BtemplateInfo%253A107879_A3_C_E%2523&freeshipping=1&fs_ab=2&fuse_fs=&lang=id&location=Kab.%20Tangerang&price=6.88E%205&priceCompare=skuId%3A16013570474%3Bsource%3Alazada-search-voucher%3Bsn%3A2cc5dbdee968abe78d2a0a88c090c687%3BoriginPrice%3A68800000%3BdisplayPrice%3A68800000%3BisGray%3Afalse%3BsinglePromotionId%3A-1%3BsingleToolCode%3AmockedSalePrice%3BvoucherPricePlugin%3A0%3Btimestamp%3A1780167465147&ratingscore=4.46643109540636&request_id=2cc5dbdee968abe78d2a0a88c090c687&review=566&sale=1063&search=1&source=search&spm=a2o4j.searchlist.list.2&stock=1","","hp mendarat dgn selamat hp nya juga bagus mulus g ada cacat pengirimannya jg cepat tp aga kecewa minta warna merah yg dikirim gold trs pas dicoba pake SIM card,sinyal datanya g muncul..😢 tp yaudhlah","2026-02-12"
"1780196625-45","https://www.lazada.co.id/products/pdp-i8608700849-s16013570474.html?c=&channelLpJumpArgs=&clickTrackInfo=query%253Ahp%252Bhdc%252Bvivo%253Bnid%253A8608700849%253Bsrc%253ALazadaMainSrp%253Brn%253A2cc5dbdee968abe78d2a0a88c090c687%253Bregion%253Aid%253Bsku%253A8608700849_ID%253Bprice%253A688000%253Bclient%253Adesktop%253Bsupplier_id%253A401099536002%253Bsession_id%253A%253Bbiz_source%253Ah5_internal%253Bslot%253A2%253Butlog_bucket_id%253A470687%253Basc_category_id%253A10100333%253Bitem_id%253A8608700849%253Bsku_id%253A16013570474%253Bshop_id%253A6307054%253BtemplateInfo%253A107879_A3_C_E%2523&freeshipping=1&fs_ab=2&fuse_fs=&lang=id&location=Kab.%20Tangerang&price=6.88E%205&priceCompare=skuId%3A16013570474%3Bsource%3Alazada-search-voucher%3Bsn%3A2cc5dbdee968abe78d2a0a88c090c687%3BoriginPrice%3A68800000%3BdisplayPrice%3A68800000%3BisGray%3Afalse%3BsinglePromotionId%3A-1%3BsingleToolCode%3AmockedSalePrice%3BvoucherPricePlugin%3A0%3Btimestamp%3A1780167465147&ratingscore=4.46643109540636&request_id=2cc5dbdee968abe78d2a0a88c090c687&review=566&sale=1063&search=1&source=search&spm=a2o4j.searchlist.list.2&stock=1","","tks banyak sudah saya terima paketnya","2 minggu lalu"
"1780196625-46","https://www.lazada.co.id/products/pdp-i8608700849-s16013570474.html?c=&channelLpJumpArgs=&clickTrackInfo=query%253Ahp%252Bhdc%252Bvivo%253Bnid%253A8608700849%253Bsrc%253ALazadaMainSrp%253Brn%253A2cc5dbdee968abe78d2a0a88c090c687%253Bregion%253Aid%253Bsku%253A8608700849_ID%253Bprice%253A688000%253Bclient%253Adesktop%253Bsupplier_id%253A401099536002%253Bsession_id%253A%253Bbiz_source%253Ah5_internal%253Bslot%253A2%253Butlog_bucket_id%253A470687%253Basc_category_id%253A10100333%253Bitem_id%253A8608700849%253Bsku_id%253A16013570474%253Bshop_id%253A6307054%253BtemplateInfo%253A107879_A3_C_E%2523&freeshipping=1&fs_ab=2&fuse_fs=&lang=id&location=Kab.%20Tangerang&price=6.88E%205&priceCompare=skuId%3A16013570474%3Bsource%3Alazada-search-voucher%3Bsn%3A2cc5dbdee968abe78d2a0a88c090c687%3BoriginPrice%3A68800000%3BdisplayPrice%3A68800000%3BisGray%3Afalse%3BsinglePromotionId%3A-1%3BsingleToolCode%3AmockedSalePrice%3BvoucherPricePlugin%3A0%3Btimestamp%3A1780167465147&ratingscore=4.46643109540636&request_id=2cc5dbdee968abe78d2a0a88c090c687&review=566&sale=1063&search=1&source=search&spm=a2o4j.searchlist.list.2&stock=1","","Produk yang dikirimkan masih bagus dan masih tersegel semoga kualitasnya pun bagus Kapasitas baterai 3360mAh,","2026-02-06"
"1780196625-47","https://www.lazada.co.id/products/pdp-i8608700849-s16013570474.html?c=&channelLpJumpArgs=&clickTrackInfo=query%253Ahp%252Bhdc%252Bvivo%253Bnid%253A8608700849%253Bsrc%253ALazadaMainSrp%253Brn%253A2cc5dbdee968abe78d2a0a88c090c687%253Bregion%253Aid%253Bsku%253A8608700849_ID%253Bprice%253A688000%253Bclient%253Adesktop%253Bsupplier_id%253A401099536002%253Bsession_id%253A%253Bbiz_source%253Ah5_internal%253Bslot%253A2%253Butlog_bucket_id%253A470687%253Basc_category_id%253A10100333%253Bitem_id%253A8608700849%253Bsku_id%253A16013570474%253Bshop_id%253A6307054%253BtemplateInfo%253A107879_A3_C_E%2523&freeshipping=1&fs_ab=2&fuse_fs=&lang=id&location=Kab.%20Tangerang&price=6.88E%205&priceCompare=skuId%3A16013570474%3Bsource%3Alazada-search-voucher%3Bsn%3A2cc5dbdee968abe78d2a0a88c090c687%3BoriginPrice%3A68800000%3BdisplayPrice%3A68800000%3BisGray%3Afalse%3BsinglePromotionId%3A-1%3BsingleToolCode%3AmockedSalePrice%3BvoucherPricePlugin%3A0%3Btimestamp%3A1780167465147&ratingscore=4.46643109540636&request_id=2cc5dbdee968abe78d2a0a88c090c687&review=566&sale=1063&search=1&source=search&spm=a2o4j.searchlist.list.2&stock=1","","bagus, like new, namun tidak rekomendasi bagi anak² yang bisa bermain game sambil di charge.. 

sesuai ekspektasi","2026-02-05"
"1780196625-48","https://www.lazada.co.id/products/pdp-i8608700849-s16013570474.html?c=&channelLpJumpArgs=&clickTrackInfo=query%253Ahp%252Bhdc%252Bvivo%253Bnid%253A8608700849%253Bsrc%253ALazadaMainSrp%253Brn%253A2cc5dbdee968abe78d2a0a88c090c687%253Bregion%253Aid%253Bsku%253A8608700849_ID%253Bprice%253A688000%253Bclient%253Adesktop%253Bsupplier_id%253A401099536002%253Bsession_id%253A%253Bbiz_source%253Ah5_internal%253Bslot%253A2%253Butlog_bucket_id%253A470687%253Basc_category_id%253A10100333%253Bitem_id%253A8608700849%253Bsku_id%253A16013570474%253Bshop_id%253A6307054%253BtemplateInfo%253A107879_A3_C_E%2523&freeshipping=1&fs_ab=2&fuse_fs=&lang=id&location=Kab.%20Tangerang&price=6.88E%205&priceCompare=skuId%3A16013570474%3Bsource%3Alazada-search-voucher%3Bsn%3A2cc5dbdee968abe78d2a0a88c090c687%3BoriginPrice%3A68800000%3BdisplayPrice%3A68800000%3BisGray%3Afalse%3BsinglePromotionId%3A-1%3BsingleToolCode%3AmockedSalePrice%3BvoucherPricePlugin%3A0%3Btimestamp%3A1780167465147&ratingscore=4.46643109540636&request_id=2cc5dbdee968abe78d2a0a88c090c687&review=566&sale=1063&search=1&source=search&spm=a2o4j.searchlist.list.2&stock=1","","maaf baru di ulas.barangny bagus dan normal semoga awet dan tahan lama.🙏","2025-06-19"
"1780196625-49","https://www.lazada.co.id/products/pdp-i8608700849-s16013570474.html?c=&channelLpJumpArgs=&clickTrackInfo=query%253Ahp%252Bhdc%252Bvivo%253Bnid%253A8608700849%253Bsrc%253ALazadaMainSrp%253Brn%253A2cc5dbdee968abe78d2a0a88c090c687%253Bregion%253Aid%253Bsku%253A8608700849_ID%253Bprice%253A688000%253Bclient%253Adesktop%253Bsupplier_id%253A401099536002%253Bsession_id%253A%253Bbiz_source%253Ah5_internal%253Bslot%253A2%253Butlog_bucket_id%253A470687%253Basc_category_id%253A10100333%253Bitem_id%253A8608700849%253Bsku_id%253A16013570474%253Bshop_id%253A6307054%253BtemplateInfo%253A107879_A3_C_E%2523&freeshipping=1&fs_ab=2&fuse_fs=&lang=id&location=Kab.%20Tangerang&price=6.88E%205&priceCompare=skuId%3A16013570474%3Bsource%3Alazada-search-voucher%3Bsn%3A2cc5dbdee968abe78d2a0a88c090c687%3BoriginPrice%3A68800000%3BdisplayPrice%3A68800000%3BisGray%3Afalse%3BsinglePromotionId%3A-1%3BsingleToolCode%3AmockedSalePrice%3BvoucherPricePlugin%3A0%3Btimestamp%3A1780167465147&ratingscore=4.46643109540636&request_id=2cc5dbdee968abe78d2a0a88c090c687&review=566&sale=1063&search=1&source=search&spm=a2o4j.searchlist.list.2&stock=1","","Baru, segel, dan bergaransi, barang yang datang sesuai dengan yang dipromosikan.","2026-01-24"
"1780196625-50","https://www.lazada.co.id/products/pdp-i8608700849-s16013570474.html?c=&channelLpJumpArgs=&clickTrackInfo=query%253Ahp%252Bhdc%252Bvivo%253Bnid%253A8608700849%253Bsrc%253ALazadaMainSrp%253Brn%253A2cc5dbdee968abe78d2a0a88c090c687%253Bregion%253Aid%253Bsku%253A8608700849_ID%253Bprice%253A688000%253Bclient%253Adesktop%253Bsupplier_id%253A401099536002%253Bsession_id%253A%253Bbiz_source%253Ah5_internal%253Bslot%253A2%253Butlog_bucket_id%253A470687%253Basc_category_id%253A10100333%253Bitem_id%253A8608700849%253Bsku_id%253A16013570474%253Bshop_id%253A6307054%253BtemplateInfo%253A107879_A3_C_E%2523&freeshipping=1&fs_ab=2&fuse_fs=&lang=id&location=Kab.%20Tangerang&price=6.88E%205&priceCompare=skuId%3A16013570474%3Bsource%3Alazada-search-voucher%3Bsn%3A2cc5dbdee968abe78d2a0a88c090c687%3BoriginPrice%3A68800000%3BdisplayPrice%3A68800000%3BisGray%3Afalse%3BsinglePromotionId%3A-1%3BsingleToolCode%3AmockedSalePrice%3BvoucherPricePlugin%3A0%3Btimestamp%3A1780167465147&ratingscore=4.46643109540636&request_id=2cc5dbdee968abe78d2a0a88c090c687&review=566&sale=1063&search=1&source=search&spm=a2o4j.searchlist.list.2&stock=1","","kemudahan penggunaan:","2025-06-23"
"1780196625-51","https://www.lazada.co.id/products/pdp-i8608700849-s16013570474.html?c=&channelLpJumpArgs=&clickTrackInfo=query%253Ahp%252Bhdc%252Bvivo%253Bnid%253A8608700849%253Bsrc%253ALazadaMainSrp%253Brn%253A2cc5dbdee968abe78d2a0a88c090c687%253Bregion%253Aid%253Bsku%253A8608700849_ID%253Bprice%253A688000%253Bclient%253Adesktop%253Bsupplier_id%253A401099536002%253Bsession_id%253A%253Bbiz_source%253Ah5_internal%253Bslot%253A2%253Butlog_bucket_id%253A470687%253Basc_category_id%253A10100333%253Bitem_id%253A8608700849%253Bsku_id%253A16013570474%253Bshop_id%253A6307054%253BtemplateInfo%253A107879_A3_C_E%2523&freeshipping=1&fs_ab=2&fuse_fs=&lang=id&location=Kab.%20Tangerang&price=6.88E%205&priceCompare=skuId%3A16013570474%3Bsource%3Alazada-search-voucher%3Bsn%3A2cc5dbdee968abe78d2a0a88c090c687%3BoriginPrice%3A68800000%3BdisplayPrice%3A68800000%3BisGray%3Afalse%3BsinglePromotionId%3A-1%3BsingleToolCode%3AmockedSalePrice%3BvoucherPricePlugin%3A0%3Btimestamp%3A1780167465147&ratingscore=4.46643109540636&request_id=2cc5dbdee968abe78d2a0a88c090c687&review=566&sale=1063&search=1&source=search&spm=a2o4j.searchlist.list.2&stock=1","","mantap, udah pesan 2x aman, semoga terus amanah,, dan awett","2025-06-19"
"1780196625-52","https://www.lazada.co.id/products/pdp-i8608700849-s16013570474.html?c=&channelLpJumpArgs=&clickTrackInfo=query%253Ahp%252Bhdc%252Bvivo%253Bnid%253A8608700849%253Bsrc%253ALazadaMainSrp%253Brn%253A2cc5dbdee968abe78d2a0a88c090c687%253Bregion%253Aid%253Bsku%253A8608700849_ID%253Bprice%253A688000%253Bclient%253Adesktop%253Bsupplier_id%253A401099536002%253Bsession_id%253A%253Bbiz_source%253Ah5_internal%253Bslot%253A2%253Butlog_bucket_id%253A470687%253Basc_category_id%253A10100333%253Bitem_id%253A8608700849%253Bsku_id%253A16013570474%253Bshop_id%253A6307054%253BtemplateInfo%253A107879_A3_C_E%2523&freeshipping=1&fs_ab=2&fuse_fs=&lang=id&location=Kab.%20Tangerang&price=6.88E%205&priceCompare=skuId%3A16013570474%3Bsource%3Alazada-search-voucher%3Bsn%3A2cc5dbdee968abe78d2a0a88c090c687%3BoriginPrice%3A68800000%3BdisplayPrice%3A68800000%3BisGray%3Afalse%3BsinglePromotionId%3A-1%3BsingleToolCode%3AmockedSalePrice%3BvoucherPricePlugin%3A0%3Btimestamp%3A1780167465147&ratingscore=4.46643109540636&request_id=2cc5dbdee968abe78d2a0a88c090c687&review=566&sale=1063&search=1&source=search&spm=a2o4j.searchlist.list.2&stock=1","","barang sesuai pengiriman cepat,tokonya amanah sukses selalu penjual yang baik👍👍👍👌","2026-02-12"
"1780196625-53","https://www.lazada.co.id/products/pdp-i8608700849-s16013570474.html?c=&channelLpJumpArgs=&clickTrackInfo=query%253Ahp%252Bhdc%252Bvivo%253Bnid%253A8608700849%253Bsrc%253ALazadaMainSrp%253Brn%253A2cc5dbdee968abe78d2a0a88c090c687%253Bregion%253Aid%253Bsku%253A8608700849_ID%253Bprice%253A688000%253Bclient%253Adesktop%253Bsupplier_id%253A401099536002%253Bsession_id%253A%253Bbiz_source%253Ah5_internal%253Bslot%253A2%253Butlog_bucket_id%253A470687%253Basc_category_id%253A10100333%253Bitem_id%253A8608700849%253Bsku_id%253A16013570474%253Bshop_id%253A6307054%253BtemplateInfo%253A107879_A3_C_E%2523&freeshipping=1&fs_ab=2&fuse_fs=&lang=id&location=Kab.%20Tangerang&price=6.88E%205&priceCompare=skuId%3A16013570474%3Bsource%3Alazada-search-voucher%3Bsn%3A2cc5dbdee968abe78d2a0a88c090c687%3BoriginPrice%3A68800000%3BdisplayPrice%3A68800000%3BisGray%3Afalse%3BsinglePromotionId%3A-1%3BsingleToolCode%3AmockedSalePrice%3BvoucherPricePlugin%3A0%3Btimestamp%3A1780167465147&ratingscore=4.46643109540636&request_id=2cc5dbdee968abe78d2a0a88c090c687&review=566&sale=1063&search=1&source=search&spm=a2o4j.searchlist.list.2&stock=1","","Alhamdulillah pesanan sampai dalam waktu yang pas, untung untungan sih, kadang datang hp nya mati gak ada baterai..","2026-01-11"
"1780196625-54","https://www.lazada.co.id/products/pdp-i8608700849-s16013570474.html?c=&channelLpJumpArgs=&clickTrackInfo=query%253Ahp%252Bhdc%252Bvivo%253Bnid%253A8608700849%253Bsrc%253ALazadaMainSrp%253Brn%253A2cc5dbdee968abe78d2a0a88c090c687%253Bregion%253Aid%253Bsku%253A8608700849_ID%253Bprice%253A688000%253Bclient%253Adesktop%253Bsupplier_id%253A401099536002%253Bsession_id%253A%253Bbiz_source%253Ah5_internal%253Bslot%253A2%253Butlog_bucket_id%253A470687%253Basc_category_id%253A10100333%253Bitem_id%253A8608700849%253Bsku_id%253A16013570474%253Bshop_id%253A6307054%253BtemplateInfo%253A107879_A3_C_E%2523&freeshipping=1&fs_ab=2&fuse_fs=&lang=id&location=Kab.%20Tangerang&price=6.88E%205&priceCompare=skuId%3A16013570474%3Bsource%3Alazada-search-voucher%3Bsn%3A2cc5dbdee968abe78d2a0a88c090c687%3BoriginPrice%3A68800000%3BdisplayPrice%3A68800000%3BisGray%3Afalse%3BsinglePromotionId%3A-1%3BsingleToolCode%3AmockedSalePrice%3BvoucherPricePlugin%3A0%3Btimestamp%3A1780167465147&ratingscore=4.46643109540636&request_id=2cc5dbdee968abe78d2a0a88c090c687&review=566&sale=1063&search=1&source=search&spm=a2o4j.searchlist.list.2&stock=1","","Desain bodi aluminium, Pelindung kaca Gorilla Glass 3,","2026-01-05"
"1780196625-55","https://www.lazada.co.id/products/pdp-i8608700849-s16013570474.html?c=&channelLpJumpArgs=&clickTrackInfo=query%253Ahp%252Bhdc%252Bvivo%253Bnid%253A8608700849%253Bsrc%253ALazadaMainSrp%253Brn%253A2cc5dbdee968abe78d2a0a88c090c687%253Bregion%253Aid%253Bsku%253A8608700849_ID%253Bprice%253A688000%253Bclient%253Adesktop%253Bsupplier_id%253A401099536002%253Bsession_id%253A%253Bbiz_source%253Ah5_internal%253Bslot%253A2%253Butlog_bucket_id%253A470687%253Basc_category_id%253A10100333%253Bitem_id%253A8608700849%253Bsku_id%253A16013570474%253Bshop_id%253A6307054%253BtemplateInfo%253A107879_A3_C_E%2523&freeshipping=1&fs_ab=2&fuse_fs=&lang=id&location=Kab.%20Tangerang&price=6.88E%205&priceCompare=skuId%3A16013570474%3Bsource%3Alazada-search-voucher%3Bsn%3A2cc5dbdee968abe78d2a0a88c090c687%3BoriginPrice%3A68800000%3BdisplayPrice%3A68800000%3BisGray%3Afalse%3BsinglePromotionId%3A-1%3BsingleToolCode%3AmockedSalePrice%3BvoucherPricePlugin%3A0%3Btimestamp%3A1780167465147&ratingscore=4.46643109540636&request_id=2cc5dbdee968abe78d2a0a88c090c687&review=566&sale=1063&search=1&source=search&spm=a2o4j.searchlist.list.2&stock=1","","Kapasitas baterai 3360mAh, Kamera belakang 13MP dengan lampu kilat, Desain bodi aluminium,","2026-01-14"
"1780196625-56","https://www.lazada.co.id/products/pdp-i8608700849-s16013570474.html?c=&channelLpJumpArgs=&clickTrackInfo=query%253Ahp%252Bhdc%252Bvivo%253Bnid%253A8608700849%253Bsrc%253ALazadaMainSrp%253Brn%253A2cc5dbdee968abe78d2a0a88c090c687%253Bregion%253Aid%253Bsku%253A8608700849_ID%253Bprice%253A688000%253Bclient%253Adesktop%253Bsupplier_id%253A401099536002%253Bsession_id%253A%253Bbiz_source%253Ah5_internal%253Bslot%253A2%253Butlog_bucket_id%253A470687%253Basc_category_id%253A10100333%253Bitem_id%253A8608700849%253Bsku_id%253A16013570474%253Bshop_id%253A6307054%253BtemplateInfo%253A107879_A3_C_E%2523&freeshipping=1&fs_ab=2&fuse_fs=&lang=id&location=Kab.%20Tangerang&price=6.88E%205&priceCompare=skuId%3A16013570474%3Bsource%3Alazada-search-voucher%3Bsn%3A2cc5dbdee968abe78d2a0a88c090c687%3BoriginPrice%3A68800000%3BdisplayPrice%3A68800000%3BisGray%3Afalse%3BsinglePromotionId%3A-1%3BsingleToolCode%3AmockedSalePrice%3BvoucherPricePlugin%3A0%3Btimestamp%3A1780167465147&ratingscore=4.46643109540636&request_id=2cc5dbdee968abe78d2a0a88c090c687&review=566&sale=1063&search=1&source=search&spm=a2o4j.searchlist.list.2&stock=1","","Alhamdulillah pesanan saya sudah saya terima. aaf baru bisa memberikan ulasannya.
Barang Gress masih di segel, dan sesuai pesanan. cukup puas dengan harga sangat murah dapat hp Vivo","2025-12-28"
"1780196625-57","https://www.lazada.co.id/products/pdp-i8608700849-s16013570474.html?c=&channelLpJumpArgs=&clickTrackInfo=query%253Ahp%252Bhdc%252Bvivo%253Bnid%253A8608700849%253Bsrc%253ALazadaMainSrp%253Brn%253A2cc5dbdee968abe78d2a0a88c090c687%253Bregion%253Aid%253Bsku%253A8608700849_ID%253Bprice%253A688000%253Bclient%253Adesktop%253Bsupplier_id%253A401099536002%253Bsession_id%253A%253Bbiz_source%253Ah5_internal%253Bslot%253A2%253Butlog_bucket_id%253A470687%253Basc_category_id%253A10100333%253Bitem_id%253A8608700849%253Bsku_id%253A16013570474%253Bshop_id%253A6307054%253BtemplateInfo%253A107879_A3_C_E%2523&freeshipping=1&fs_ab=2&fuse_fs=&lang=id&location=Kab.%20Tangerang&price=6.88E%205&priceCompare=skuId%3A16013570474%3Bsource%3Alazada-search-voucher%3Bsn%3A2cc5dbdee968abe78d2a0a88c090c687%3BoriginPrice%3A68800000%3BdisplayPrice%3A68800000%3BisGray%3Afalse%3BsinglePromotionId%3A-1%3BsingleToolCode%3AmockedSalePrice%3BvoucherPricePlugin%3A0%3Btimestamp%3A1780167465147&ratingscore=4.46643109540636&request_id=2cc5dbdee968abe78d2a0a88c090c687&review=566&sale=1063&search=1&source=search&spm=a2o4j.searchlist.list.2&stock=1","","semua ok . pesen hitam datang putih . tapi ndak Apa Apa . lumayan Harga segitu .  staff baik sekali Dan ramah 🙏 . maksih seller ,  Baru, segel, dan bergaransi,","2025-12-28"
"1780196625-58","https://www.lazada.co.id/products/pdp-i8608700849-s16013570474.html?c=&channelLpJumpArgs=&clickTrackInfo=query%253Ahp%252Bhdc%252Bvivo%253Bnid%253A8608700849%253Bsrc%253ALazadaMainSrp%253Brn%253A2cc5dbdee968abe78d2a0a88c090c687%253Bregion%253Aid%253Bsku%253A8608700849_ID%253Bprice%253A688000%253Bclient%253Adesktop%253Bsupplier_id%253A401099536002%253Bsession_id%253A%253Bbiz_source%253Ah5_internal%253Bslot%253A2%253Butlog_bucket_id%253A470687%253Basc_category_id%253A10100333%253Bitem_id%253A8608700849%253Bsku_id%253A16013570474%253Bshop_id%253A6307054%253BtemplateInfo%253A107879_A3_C_E%2523&freeshipping=1&fs_ab=2&fuse_fs=&lang=id&location=Kab.%20Tangerang&price=6.88E%205&priceCompare=skuId%3A16013570474%3Bsource%3Alazada-search-voucher%3Bsn%3A2cc5dbdee968abe78d2a0a88c090c687%3BoriginPrice%3A68800000%3BdisplayPrice%3A68800000%3BisGray%3Afalse%3BsinglePromotionId%3A-1%3BsingleToolCode%3AmockedSalePrice%3BvoucherPricePlugin%3A0%3Btimestamp%3A1780167465147&ratingscore=4.46643109540636&request_id=2cc5dbdee968abe78d2a0a88c090c687&review=566&sale=1063&search=1&source=search&spm=a2o4j.searchlist.list.2&stock=1","","barang nya udah sampai sesuai pesanan Reselles nya amanah peking nya rapi kurir nya juga ramah makasih banyak semua nya aku pasti akan berlangganan di sini 🙏🙏👍😍","2025-12-30"
"1780196625-59","https://www.lazada.co.id/products/pdp-i8608700849-s16013570474.html?c=&channelLpJumpArgs=&clickTrackInfo=query%253Ahp%252Bhdc%252Bvivo%253Bnid%253A8608700849%253Bsrc%253ALazadaMainSrp%253Brn%253A2cc5dbdee968abe78d2a0a88c090c687%253Bregion%253Aid%253Bsku%253A8608700849_ID%253Bprice%253A688000%253Bclient%253Adesktop%253Bsupplier_id%253A401099536002%253Bsession_id%253A%253Bbiz_source%253Ah5_internal%253Bslot%253A2%253Butlog_bucket_id%253A470687%253Basc_category_id%253A10100333%253Bitem_id%253A8608700849%253Bsku_id%253A16013570474%253Bshop_id%253A6307054%253BtemplateInfo%253A107879_A3_C_E%2523&freeshipping=1&fs_ab=2&fuse_fs=&lang=id&location=Kab.%20Tangerang&price=6.88E%205&priceCompare=skuId%3A16013570474%3Bsource%3Alazada-search-voucher%3Bsn%3A2cc5dbdee968abe78d2a0a88c090c687%3BoriginPrice%3A68800000%3BdisplayPrice%3A68800000%3BisGray%3Afalse%3BsinglePromotionId%3A-1%3BsingleToolCode%3AmockedSalePrice%3BvoucherPricePlugin%3A0%3Btimestamp%3A1780167465147&ratingscore=4.46643109540636&request_id=2cc5dbdee968abe78d2a0a88c090c687&review=566&sale=1063&search=1&source=search&spm=a2o4j.searchlist.list.2&stock=1","","bagus kk hp ya lumayan lah harga sgtu buat jualan online ayam geprek saya nti klau smpet saya kirim video ya...maaf y kk baru kirim ulasan ya...makasih 🤗🤗","2025-12-26"
"1780196625-60","https://www.lazada.co.id/products/pdp-i8608700849-s16013570474.html?c=&channelLpJumpArgs=&clickTrackInfo=query%253Ahp%252Bhdc%252Bvivo%253Bnid%253A8608700849%253Bsrc%253ALazadaMainSrp%253Brn%253A2cc5dbdee968abe78d2a0a88c090c687%253Bregion%253Aid%253Bsku%253A8608700849_ID%253Bprice%253A688000%253Bclient%253Adesktop%253Bsupplier_id%253A401099536002%253Bsession_id%253A%253Bbiz_source%253Ah5_internal%253Bslot%253A2%253Butlog_bucket_id%253A470687%253Basc_category_id%253A10100333%253Bitem_id%253A8608700849%253Bsku_id%253A16013570474%253Bshop_id%253A6307054%253BtemplateInfo%253A107879_A3_C_E%2523&freeshipping=1&fs_ab=2&fuse_fs=&lang=id&location=Kab.%20Tangerang&price=6.88E%205&priceCompare=skuId%3A16013570474%3Bsource%3Alazada-search-voucher%3Bsn%3A2cc5dbdee968abe78d2a0a88c090c687%3BoriginPrice%3A68800000%3BdisplayPrice%3A68800000%3BisGray%3Afalse%3BsinglePromotionId%3A-1%3BsingleToolCode%3AmockedSalePrice%3BvoucherPricePlugin%3A0%3Btimestamp%3A1780167465147&ratingscore=4.46643109540636&request_id=2cc5dbdee968abe78d2a0a88c090c687&review=566&sale=1063&search=1&source=search&spm=a2o4j.searchlist.list.2&stock=1","","baik sesuai orderan.mkshKapasitas baterai 3360mAh, Kamera belakang 13MP dengan lampu kilat,","2026-01-09"
"1780196625-61","https://www.lazada.co.id/products/pdp-i8608700849-s16013570474.html?c=&channelLpJumpArgs=&clickTrackInfo=query%253Ahp%252Bhdc%252Bvivo%253Bnid%253A8608700849%253Bsrc%253ALazadaMainSrp%253Brn%253A2cc5dbdee968abe78d2a0a88c090c687%253Bregion%253Aid%253Bsku%253A8608700849_ID%253Bprice%253A688000%253Bclient%253Adesktop%253Bsupplier_id%253A401099536002%253Bsession_id%253A%253Bbiz_source%253Ah5_internal%253Bslot%253A2%253Butlog_bucket_id%253A470687%253Basc_category_id%253A10100333%253Bitem_id%253A8608700849%253Bsku_id%253A16013570474%253Bshop_id%253A6307054%253BtemplateInfo%253A107879_A3_C_E%2523&freeshipping=1&fs_ab=2&fuse_fs=&lang=id&location=Kab.%20Tangerang&price=6.88E%205&priceCompare=skuId%3A16013570474%3Bsource%3Alazada-search-voucher%3Bsn%3A2cc5dbdee968abe78d2a0a88c090c687%3BoriginPrice%3A68800000%3BdisplayPrice%3A68800000%3BisGray%3Afalse%3BsinglePromotionId%3A-1%3BsingleToolCode%3AmockedSalePrice%3BvoucherPricePlugin%3A0%3Btimestamp%3A1780167465147&ratingscore=4.46643109540636&request_id=2cc5dbdee968abe78d2a0a88c090c687&review=566&sale=1063&search=1&source=search&spm=a2o4j.searchlist.list.2&stock=1","","Kapasitas baterai 3360mAh, Baru, segel, dan bergaransi, Desain bodi aluminium, Pelindung kaca Gorilla Glass 3,","2025-12-25"
"1780196625-62","https://www.lazada.co.id/products/pdp-i8608700849-s16013570474.html?c=&channelLpJumpArgs=&clickTrackInfo=query%253Ahp%252Bhdc%252Bvivo%253Bnid%253A8608700849%253Bsrc%253ALazadaMainSrp%253Brn%253A2cc5dbdee968abe78d2a0a88c090c687%253Bregion%253Aid%253Bsku%253A8608700849_ID%253Bprice%253A688000%253Bclient%253Adesktop%253Bsupplier_id%253A401099536002%253Bsession_id%253A%253Bbiz_source%253Ah5_internal%253Bslot%253A2%253Butlog_bucket_id%253A470687%253Basc_category_id%253A10100333%253Bitem_id%253A8608700849%253Bsku_id%253A16013570474%253Bshop_id%253A6307054%253BtemplateInfo%253A107879_A3_C_E%2523&freeshipping=1&fs_ab=2&fuse_fs=&lang=id&location=Kab.%20Tangerang&price=6.88E%205&priceCompare=skuId%3A16013570474%3Bsource%3Alazada-search-voucher%3Bsn%3A2cc5dbdee968abe78d2a0a88c090c687%3BoriginPrice%3A68800000%3BdisplayPrice%3A68800000%3BisGray%3Afalse%3BsinglePromotionId%3A-1%3BsingleToolCode%3AmockedSalePrice%3BvoucherPricePlugin%3A0%3Btimestamp%3A1780167465147&ratingscore=4.46643109540636&request_id=2cc5dbdee968abe78d2a0a88c090c687&review=566&sale=1063&search=1&source=search&spm=a2o4j.searchlist.list.2&stock=1","","sangat memuaskan dengan harga yg sngat terjangkau 
barang sesusi gk ada lecet.y sama sekali jadi jngan ragu....","2025-12-24"
"1780196625-63","https://www.lazada.co.id/products/pdp-i8608700849-s16013570474.html?c=&channelLpJumpArgs=&clickTrackInfo=query%253Ahp%252Bhdc%252Bvivo%253Bnid%253A8608700849%253Bsrc%253ALazadaMainSrp%253Brn%253A2cc5dbdee968abe78d2a0a88c090c687%253Bregion%253Aid%253Bsku%253A8608700849_ID%253Bprice%253A688000%253Bclient%253Adesktop%253Bsupplier_id%253A401099536002%253Bsession_id%253A%253Bbiz_source%253Ah5_internal%253Bslot%253A2%253Butlog_bucket_id%253A470687%253Basc_category_id%253A10100333%253Bitem_id%253A8608700849%253Bsku_id%253A16013570474%253Bshop_id%253A6307054%253BtemplateInfo%253A107879_A3_C_E%2523&freeshipping=1&fs_ab=2&fuse_fs=&lang=id&location=Kab.%20Tangerang&price=6.88E%205&priceCompare=skuId%3A16013570474%3Bsource%3Alazada-search-voucher%3Bsn%3A2cc5dbdee968abe78d2a0a88c090c687%3BoriginPrice%3A68800000%3BdisplayPrice%3A68800000%3BisGray%3Afalse%3BsinglePromotionId%3A-1%3BsingleToolCode%3AmockedSalePrice%3BvoucherPricePlugin%3A0%3Btimestamp%3A1780167465147&ratingscore=4.46643109540636&request_id=2cc5dbdee968abe78d2a0a88c090c687&review=566&sale=1063&search=1&source=search&spm=a2o4j.searchlist.list.2&stock=1","","makasih byk lazada  barang utuh GK ada yg kurang..mkasih tokoya amanah.. lain waktu beli lagi","2025-12-27"
"1780196625-64","https://www.lazada.co.id/products/pdp-i8608700849-s16013570474.html?c=&channelLpJumpArgs=&clickTrackInfo=query%253Ahp%252Bhdc%252Bvivo%253Bnid%253A8608700849%253Bsrc%253ALazadaMainSrp%253Brn%253A2cc5dbdee968abe78d2a0a88c090c687%253Bregion%253Aid%253Bsku%253A8608700849_ID%253Bprice%253A688000%253Bclient%253Adesktop%253Bsupplier_id%253A401099536002%253Bsession_id%253A%253Bbiz_source%253Ah5_internal%253Bslot%253A2%253Butlog_bucket_id%253A470687%253Basc_category_id%253A10100333%253Bitem_id%253A8608700849%253Bsku_id%253A16013570474%253Bshop_id%253A6307054%253BtemplateInfo%253A107879_A3_C_E%2523&freeshipping=1&fs_ab=2&fuse_fs=&lang=id&location=Kab.%20Tangerang&price=6.88E%205&priceCompare=skuId%3A16013570474%3Bsource%3Alazada-search-voucher%3Bsn%3A2cc5dbdee968abe78d2a0a88c090c687%3BoriginPrice%3A68800000%3BdisplayPrice%3A68800000%3BisGray%3Afalse%3BsinglePromotionId%3A-1%3BsingleToolCode%3AmockedSalePrice%3BvoucherPricePlugin%3A0%3Btimestamp%3A1780167465147&ratingscore=4.46643109540636&request_id=2cc5dbdee968abe78d2a0a88c090c687&review=566&sale=1063&search=1&source=search&spm=a2o4j.searchlist.list.2&stock=1","","Kamera belakang 13MP dengan lampu kilat, Baru, segel, dan bergaransi, Kapasitas baterai 3360mAh,","2025-12-25"
"1780196625-65","https://www.lazada.co.id/products/pdp-i8608700849-s16013570474.html?c=&channelLpJumpArgs=&clickTrackInfo=query%253Ahp%252Bhdc%252Bvivo%253Bnid%253A8608700849%253Bsrc%253ALazadaMainSrp%253Brn%253A2cc5dbdee968abe78d2a0a88c090c687%253Bregion%253Aid%253Bsku%253A8608700849_ID%253Bprice%253A688000%253Bclient%253Adesktop%253Bsupplier_id%253A401099536002%253Bsession_id%253A%253Bbiz_source%253Ah5_internal%253Bslot%253A2%253Butlog_bucket_id%253A470687%253Basc_category_id%253A10100333%253Bitem_id%253A8608700849%253Bsku_id%253A16013570474%253Bshop_id%253A6307054%253BtemplateInfo%253A107879_A3_C_E%2523&freeshipping=1&fs_ab=2&fuse_fs=&lang=id&location=Kab.%20Tangerang&price=6.88E%205&priceCompare=skuId%3A16013570474%3Bsource%3Alazada-search-voucher%3Bsn%3A2cc5dbdee968abe78d2a0a88c090c687%3BoriginPrice%3A68800000%3BdisplayPrice%3A68800000%3BisGray%3Afalse%3BsinglePromotionId%3A-1%3BsingleToolCode%3AmockedSalePrice%3BvoucherPricePlugin%3A0%3Btimestamp%3A1780167465147&ratingscore=4.46643109540636&request_id=2cc5dbdee968abe78d2a0a88c090c687&review=566&sale=1063&search=1&source=search&spm=a2o4j.searchlist.list.2&stock=1","","sesuai pesanan mkshBaru, segel, dan bergaransi,","2025-12-24"
"1780196625-66","https://www.lazada.co.id/products/pdp-i8608700849-s16013570474.html?c=&channelLpJumpArgs=&clickTrackInfo=query%253Ahp%252Bhdc%252Bvivo%253Bnid%253A8608700849%253Bsrc%253ALazadaMainSrp%253Brn%253A2cc5dbdee968abe78d2a0a88c090c687%253Bregion%253Aid%253Bsku%253A8608700849_ID%253Bprice%253A688000%253Bclient%253Adesktop%253Bsupplier_id%253A401099536002%253Bsession_id%253A%253Bbiz_source%253Ah5_internal%253Bslot%253A2%253Butlog_bucket_id%253A470687%253Basc_category_id%253A10100333%253Bitem_id%253A8608700849%253Bsku_id%253A16013570474%253Bshop_id%253A6307054%253BtemplateInfo%253A107879_A3_C_E%2523&freeshipping=1&fs_ab=2&fuse_fs=&lang=id&location=Kab.%20Tangerang&price=6.88E%205&priceCompare=skuId%3A16013570474%3Bsource%3Alazada-search-voucher%3Bsn%3A2cc5dbdee968abe78d2a0a88c090c687%3BoriginPrice%3A68800000%3BdisplayPrice%3A68800000%3BisGray%3Afalse%3BsinglePromotionId%3A-1%3BsingleToolCode%3AmockedSalePrice%3BvoucherPricePlugin%3A0%3Btimestamp%3A1780167465147&ratingscore=4.46643109540636&request_id=2cc5dbdee968abe78d2a0a88c090c687&review=566&sale=1063&search=1&source=search&spm=a2o4j.searchlist.list.2&stock=1","","terimakasi utk toko nya yg amanah. 
kmi sagat puas dgn kualitas nya yg sagat bagus utk lazada terimakasi.","2025-12-02"
"1780196625-67","https://www.lazada.co.id/products/pdp-i8608700849-s16013570474.html?c=&channelLpJumpArgs=&clickTrackInfo=query%253Ahp%252Bhdc%252Bvivo%253Bnid%253A8608700849%253Bsrc%253ALazadaMainSrp%253Brn%253A2cc5dbdee968abe78d2a0a88c090c687%253Bregion%253Aid%253Bsku%253A8608700849_ID%253Bprice%253A688000%253Bclient%253Adesktop%253Bsupplier_id%253A401099536002%253Bsession_id%253A%253Bbiz_source%253Ah5_internal%253Bslot%253A2%253Butlog_bucket_id%253A470687%253Basc_category_id%253A10100333%253Bitem_id%253A8608700849%253Bsku_id%253A16013570474%253Bshop_id%253A6307054%253BtemplateInfo%253A107879_A3_C_E%2523&freeshipping=1&fs_ab=2&fuse_fs=&lang=id&location=Kab.%20Tangerang&price=6.88E%205&priceCompare=skuId%3A16013570474%3Bsource%3Alazada-search-voucher%3Bsn%3A2cc5dbdee968abe78d2a0a88c090c687%3BoriginPrice%3A68800000%3BdisplayPrice%3A68800000%3BisGray%3Afalse%3BsinglePromotionId%3A-1%3BsingleToolCode%3AmockedSalePrice%3BvoucherPricePlugin%3A0%3Btimestamp%3A1780167465147&ratingscore=4.46643109540636&request_id=2cc5dbdee968abe78d2a0a88c090c687&review=566&sale=1063&search=1&source=search&spm=a2o4j.searchlist.list.2&stock=1","","trimakasih barang sesuai pesanan.lain kali beli lagi di sini karna tokonya amanah","2025-12-31"
"1780196625-68","https://www.lazada.co.id/products/pdp-i8608700849-s16013570474.html?c=&channelLpJumpArgs=&clickTrackInfo=query%253Ahp%252Bhdc%252Bvivo%253Bnid%253A8608700849%253Bsrc%253ALazadaMainSrp%253Brn%253A2cc5dbdee968abe78d2a0a88c090c687%253Bregion%253Aid%253Bsku%253A8608700849_ID%253Bprice%253A688000%253Bclient%253Adesktop%253Bsupplier_id%253A401099536002%253Bsession_id%253A%253Bbiz_source%253Ah5_internal%253Bslot%253A2%253Butlog_bucket_id%253A470687%253Basc_category_id%253A10100333%253Bitem_id%253A8608700849%253Bsku_id%253A16013570474%253Bshop_id%253A6307054%253BtemplateInfo%253A107879_A3_C_E%2523&freeshipping=1&fs_ab=2&fuse_fs=&lang=id&location=Kab.%20Tangerang&price=6.88E%205&priceCompare=skuId%3A16013570474%3Bsource%3Alazada-search-voucher%3Bsn%3A2cc5dbdee968abe78d2a0a88c090c687%3BoriginPrice%3A68800000%3BdisplayPrice%3A68800000%3BisGray%3Afalse%3BsinglePromotionId%3A-1%3BsingleToolCode%3AmockedSalePrice%3BvoucherPricePlugin%3A0%3Btimestamp%3A1780167465147&ratingscore=4.46643109540636&request_id=2cc5dbdee968abe78d2a0a88c090c687&review=566&sale=1063&search=1&source=search&spm=a2o4j.searchlist.list.2&stock=1","","thanks seller dan lazada paket sesuai pesanan, mudah 2 an awet Hpnya","2026-01-27"
"1780196625-69","https://www.lazada.co.id/products/pdp-i8608700849-s16013570474.html?c=&channelLpJumpArgs=&clickTrackInfo=query%253Ahp%252Bhdc%252Bvivo%253Bnid%253A8608700849%253Bsrc%253ALazadaMainSrp%253Brn%253A2cc5dbdee968abe78d2a0a88c090c687%253Bregion%253Aid%253Bsku%253A8608700849_ID%253Bprice%253A688000%253Bclient%253Adesktop%253Bsupplier_id%253A401099536002%253Bsession_id%253A%253Bbiz_source%253Ah5_internal%253Bslot%253A2%253Butlog_bucket_id%253A470687%253Basc_category_id%253A10100333%253Bitem_id%253A8608700849%253Bsku_id%253A16013570474%253Bshop_id%253A6307054%253BtemplateInfo%253A107879_A3_C_E%2523&freeshipping=1&fs_ab=2&fuse_fs=&lang=id&location=Kab.%20Tangerang&price=6.88E%205&priceCompare=skuId%3A16013570474%3Bsource%3Alazada-search-voucher%3Bsn%3A2cc5dbdee968abe78d2a0a88c090c687%3BoriginPrice%3A68800000%3BdisplayPrice%3A68800000%3BisGray%3Afalse%3BsinglePromotionId%3A-1%3BsingleToolCode%3AmockedSalePrice%3BvoucherPricePlugin%3A0%3Btimestamp%3A1780167465147&ratingscore=4.46643109540636&request_id=2cc5dbdee968abe78d2a0a88c090c687&review=566&sale=1063&search=1&source=search&spm=a2o4j.searchlist.list.2&stock=1","","Pelindung kaca Gorilla Glass 3, Baru, segel, dan bergaransi, bagus terimakasi lazada sm abg kurirnya Amanah. maaf bru ngasih ulasan🤗","2025-11-29"
"1780196625-70","https://www.lazada.co.id/products/pdp-i8608700849-s16013570474.html?c=&channelLpJumpArgs=&clickTrackInfo=query%253Ahp%252Bhdc%252Bvivo%253Bnid%253A8608700849%253Bsrc%253ALazadaMainSrp%253Brn%253A2cc5dbdee968abe78d2a0a88c090c687%253Bregion%253Aid%253Bsku%253A8608700849_ID%253Bprice%253A688000%253Bclient%253Adesktop%253Bsupplier_id%253A401099536002%253Bsession_id%253A%253Bbiz_source%253Ah5_internal%253Bslot%253A2%253Butlog_bucket_id%253A470687%253Basc_category_id%253A10100333%253Bitem_id%253A8608700849%253Bsku_id%253A16013570474%253Bshop_id%253A6307054%253BtemplateInfo%253A107879_A3_C_E%2523&freeshipping=1&fs_ab=2&fuse_fs=&lang=id&location=Kab.%20Tangerang&price=6.88E%205&priceCompare=skuId%3A16013570474%3Bsource%3Alazada-search-voucher%3Bsn%3A2cc5dbdee968abe78d2a0a88c090c687%3BoriginPrice%3A68800000%3BdisplayPrice%3A68800000%3BisGray%3Afalse%3BsinglePromotionId%3A-1%3BsingleToolCode%3AmockedSalePrice%3BvoucherPricePlugin%3A0%3Btimestamp%3A1780167465147&ratingscore=4.46643109540636&request_id=2cc5dbdee968abe78d2a0a88c090c687&review=566&sale=1063&search=1&source=search&spm=a2o4j.searchlist.list.2&stock=1","","maaf baru kasi ulasan.. soalnya mau di tes dl.. walaupun sempat ada kendala sedikit tpi masih bisa di atasi.. hp nya bagus.. udah sebulan di maenin bocah masih aman2 aja ..mau pesan lagi... terima kasih.. semoga tokonya berkah..Aamiin🙏🥰🥰","2025-11-26"
"1780196625-71","https://www.lazada.co.id/products/pdp-i8608700849-s16013570474.html?c=&channelLpJumpArgs=&clickTrackInfo=query%253Ahp%252Bhdc%252Bvivo%253Bnid%253A8608700849%253Bsrc%253ALazadaMainSrp%253Brn%253A2cc5dbdee968abe78d2a0a88c090c687%253Bregion%253Aid%253Bsku%253A8608700849_ID%253Bprice%253A688000%253Bclient%253Adesktop%253Bsupplier_id%253A401099536002%253Bsession_id%253A%253Bbiz_source%253Ah5_internal%253Bslot%253A2%253Butlog_bucket_id%253A470687%253Basc_category_id%253A10100333%253Bitem_id%253A8608700849%253Bsku_id%253A16013570474%253Bshop_id%253A6307054%253BtemplateInfo%253A107879_A3_C_E%2523&freeshipping=1&fs_ab=2&fuse_fs=&lang=id&location=Kab.%20Tangerang&price=6.88E%205&priceCompare=skuId%3A16013570474%3Bsource%3Alazada-search-voucher%3Bsn%3A2cc5dbdee968abe78d2a0a88c090c687%3BoriginPrice%3A68800000%3BdisplayPrice%3A68800000%3BisGray%3Afalse%3BsinglePromotionId%3A-1%3BsingleToolCode%3AmockedSalePrice%3BvoucherPricePlugin%3A0%3Btimestamp%3A1780167465147&ratingscore=4.46643109540636&request_id=2cc5dbdee968abe78d2a0a88c090c687&review=566&sale=1063&search=1&source=search&spm=a2o4j.searchlist.list.2&stock=1","","Baru, segel, dan bergaransi, Desain bodi aluminium, tokonya amanah,Terimakasi bang kurir/Lazada,walau ada minesnya toksrinnya retak,tpi engga ngaruh.","2025-11-28"
"1780196625-72","https://www.lazada.co.id/products/pdp-i8608700849-s16013570474.html?c=&channelLpJumpArgs=&clickTrackInfo=query%253Ahp%252Bhdc%252Bvivo%253Bnid%253A8608700849%253Bsrc%253ALazadaMainSrp%253Brn%253A2cc5dbdee968abe78d2a0a88c090c687%253Bregion%253Aid%253Bsku%253A8608700849_ID%253Bprice%253A688000%253Bclient%253Adesktop%253Bsupplier_id%253A401099536002%253Bsession_id%253A%253Bbiz_source%253Ah5_internal%253Bslot%253A2%253Butlog_bucket_id%253A470687%253Basc_category_id%253A10100333%253Bitem_id%253A8608700849%253Bsku_id%253A16013570474%253Bshop_id%253A6307054%253BtemplateInfo%253A107879_A3_C_E%2523&freeshipping=1&fs_ab=2&fuse_fs=&lang=id&location=Kab.%20Tangerang&price=6.88E%205&priceCompare=skuId%3A16013570474%3Bsource%3Alazada-search-voucher%3Bsn%3A2cc5dbdee968abe78d2a0a88c090c687%3BoriginPrice%3A68800000%3BdisplayPrice%3A68800000%3BisGray%3Afalse%3BsinglePromotionId%3A-1%3BsingleToolCode%3AmockedSalePrice%3BvoucherPricePlugin%3A0%3Btimestamp%3A1780167465147&ratingscore=4.46643109540636&request_id=2cc5dbdee968abe78d2a0a88c090c687&review=566&sale=1063&search=1&source=search&spm=a2o4j.searchlist.list.2&stock=1","","Baru, segel, dan bergaransi, Desain bodi aluminium, Kamera belakang 13MP dengan lampu kilat, Pelindung kaca Gorilla Glass 3,","2025-11-28"
"1780196625-73","https://www.lazada.co.id/products/pdp-i8608700849-s16013570474.html?c=&channelLpJumpArgs=&clickTrackInfo=query%253Ahp%252Bhdc%252Bvivo%253Bnid%253A8608700849%253Bsrc%253ALazadaMainSrp%253Brn%253A2cc5dbdee968abe78d2a0a88c090c687%253Bregion%253Aid%253Bsku%253A8608700849_ID%253Bprice%253A688000%253Bclient%253Adesktop%253Bsupplier_id%253A401099536002%253Bsession_id%253A%253Bbiz_source%253Ah5_internal%253Bslot%253A2%253Butlog_bucket_id%253A470687%253Basc_category_id%253A10100333%253Bitem_id%253A8608700849%253Bsku_id%253A16013570474%253Bshop_id%253A6307054%253BtemplateInfo%253A107879_A3_C_E%2523&freeshipping=1&fs_ab=2&fuse_fs=&lang=id&location=Kab.%20Tangerang&price=6.88E%205&priceCompare=skuId%3A16013570474%3Bsource%3Alazada-search-voucher%3Bsn%3A2cc5dbdee968abe78d2a0a88c090c687%3BoriginPrice%3A68800000%3BdisplayPrice%3A68800000%3BisGray%3Afalse%3BsinglePromotionId%3A-1%3BsingleToolCode%3AmockedSalePrice%3BvoucherPricePlugin%3A0%3Btimestamp%3A1780167465147&ratingscore=4.46643109540636&request_id=2cc5dbdee968abe78d2a0a88c090c687&review=566&sale=1063&search=1&source=search&spm=a2o4j.searchlist.list.2&stock=1","","awalnya takut pesan, takut zonk.
 tapi ternyata barang sesuai pesanan dan aman.
terimakasih min.. jaya terus..","2025-11-28"
"1780196625-74","https://www.lazada.co.id/products/pdp-i8608700849-s16013570474.html?c=&channelLpJumpArgs=&clickTrackInfo=query%253Ahp%252Bhdc%252Bvivo%253Bnid%253A8608700849%253Bsrc%253ALazadaMainSrp%253Brn%253A2cc5dbdee968abe78d2a0a88c090c687%253Bregion%253Aid%253Bsku%253A8608700849_ID%253Bprice%253A688000%253Bclient%253Adesktop%253Bsupplier_id%253A401099536002%253Bsession_id%253A%253Bbiz_source%253Ah5_internal%253Bslot%253A2%253Butlog_bucket_id%253A470687%253Basc_category_id%253A10100333%253Bitem_id%253A8608700849%253Bsku_id%253A16013570474%253Bshop_id%253A6307054%253BtemplateInfo%253A107879_A3_C_E%2523&freeshipping=1&fs_ab=2&fuse_fs=&lang=id&location=Kab.%20Tangerang&price=6.88E%205&priceCompare=skuId%3A16013570474%3Bsource%3Alazada-search-voucher%3Bsn%3A2cc5dbdee968abe78d2a0a88c090c687%3BoriginPrice%3A68800000%3BdisplayPrice%3A68800000%3BisGray%3Afalse%3BsinglePromotionId%3A-1%3BsingleToolCode%3AmockedSalePrice%3BvoucherPricePlugin%3A0%3Btimestamp%3A1780167465147&ratingscore=4.46643109540636&request_id=2cc5dbdee968abe78d2a0a88c090c687&review=566&sale=1063&search=1&source=search&spm=a2o4j.searchlist.list.2&stock=1","","berpungsi dengan baik mksh Baru, segel, dan bergaransi,","2025-12-09"
"1780196625-75","https://www.lazada.co.id/products/pdp-i8608700849-s16013570474.html?c=&channelLpJumpArgs=&clickTrackInfo=query%253Ahp%252Bhdc%252Bvivo%253Bnid%253A8608700849%253Bsrc%253ALazadaMainSrp%253Brn%253A2cc5dbdee968abe78d2a0a88c090c687%253Bregion%253Aid%253Bsku%253A8608700849_ID%253Bprice%253A688000%253Bclient%253Adesktop%253Bsupplier_id%253A401099536002%253Bsession_id%253A%253Bbiz_source%253Ah5_internal%253Bslot%253A2%253Butlog_bucket_id%253A470687%253Basc_category_id%253A10100333%253Bitem_id%253A8608700849%253Bsku_id%253A16013570474%253Bshop_id%253A6307054%253BtemplateInfo%253A107879_A3_C_E%2523&freeshipping=1&fs_ab=2&fuse_fs=&lang=id&location=Kab.%20Tangerang&price=6.88E%205&priceCompare=skuId%3A16013570474%3Bsource%3Alazada-search-voucher%3Bsn%3A2cc5dbdee968abe78d2a0a88c090c687%3BoriginPrice%3A68800000%3BdisplayPrice%3A68800000%3BisGray%3Afalse%3BsinglePromotionId%3A-1%3BsingleToolCode%3AmockedSalePrice%3BvoucherPricePlugin%3A0%3Btimestamp%3A1780167465147&ratingscore=4.46643109540636&request_id=2cc5dbdee968abe78d2a0a88c090c687&review=566&sale=1063&search=1&source=search&spm=a2o4j.searchlist.list.2&stock=1","","mantap sekali barang masih baru lan sesuai gambar.
yg mau order di toko ini jangan ragu ya","2025-11-29"
"1780196625-76","https://www.lazada.co.id/products/pdp-i8608700849-s16013570474.html?c=&channelLpJumpArgs=&clickTrackInfo=query%253Ahp%252Bhdc%252Bvivo%253Bnid%253A8608700849%253Bsrc%253ALazadaMainSrp%253Brn%253A2cc5dbdee968abe78d2a0a88c090c687%253Bregion%253Aid%253Bsku%253A8608700849_ID%253Bprice%253A688000%253Bclient%253Adesktop%253Bsupplier_id%253A401099536002%253Bsession_id%253A%253Bbiz_source%253Ah5_internal%253Bslot%253A2%253Butlog_bucket_id%253A470687%253Basc_category_id%253A10100333%253Bitem_id%253A8608700849%253Bsku_id%253A16013570474%253Bshop_id%253A6307054%253BtemplateInfo%253A107879_A3_C_E%2523&freeshipping=1&fs_ab=2&fuse_fs=&lang=id&location=Kab.%20Tangerang&price=6.88E%205&priceCompare=skuId%3A16013570474%3Bsource%3Alazada-search-voucher%3Bsn%3A2cc5dbdee968abe78d2a0a88c090c687%3BoriginPrice%3A68800000%3BdisplayPrice%3A68800000%3BisGray%3Afalse%3BsinglePromotionId%3A-1%3BsingleToolCode%3AmockedSalePrice%3BvoucherPricePlugin%3A0%3Btimestamp%3A1780167465147&ratingscore=4.46643109540636&request_id=2cc5dbdee968abe78d2a0a88c090c687&review=566&sale=1063&search=1&source=search&spm=a2o4j.searchlist.list.2&stock=1","","lumayan bagus,cuman pengen yg warna hitam datang malah warna silver,ok gpp semoga awet","2025-12-19"
"1780196625-77","https://www.lazada.co.id/products/pdp-i8608700849-s16013570474.html?c=&channelLpJumpArgs=&clickTrackInfo=query%253Ahp%252Bhdc%252Bvivo%253Bnid%253A8608700849%253Bsrc%253ALazadaMainSrp%253Brn%253A2cc5dbdee968abe78d2a0a88c090c687%253Bregion%253Aid%253Bsku%253A8608700849_ID%253Bprice%253A688000%253Bclient%253Adesktop%253Bsupplier_id%253A401099536002%253Bsession_id%253A%253Bbiz_source%253Ah5_internal%253Bslot%253A2%253Butlog_bucket_id%253A470687%253Basc_category_id%253A10100333%253Bitem_id%253A8608700849%253Bsku_id%253A16013570474%253Bshop_id%253A6307054%253BtemplateInfo%253A107879_A3_C_E%2523&freeshipping=1&fs_ab=2&fuse_fs=&lang=id&location=Kab.%20Tangerang&price=6.88E%205&priceCompare=skuId%3A16013570474%3Bsource%3Alazada-search-voucher%3Bsn%3A2cc5dbdee968abe78d2a0a88c090c687%3BoriginPrice%3A68800000%3BdisplayPrice%3A68800000%3BisGray%3Afalse%3BsinglePromotionId%3A-1%3BsingleToolCode%3AmockedSalePrice%3BvoucherPricePlugin%3A0%3Btimestamp%3A1780167465147&ratingscore=4.46643109540636&request_id=2cc5dbdee968abe78d2a0a88c090c687&review=566&sale=1063&search=1&source=search&spm=a2o4j.searchlist.list.2&stock=1","","Kompatibilitas:","2025-11-19"
"1780196625-78","https://www.lazada.co.id/products/pdp-i8608700849-s16013570474.html?c=&channelLpJumpArgs=&clickTrackInfo=query%253Ahp%252Bhdc%252Bvivo%253Bnid%253A8608700849%253Bsrc%253ALazadaMainSrp%253Brn%253A2cc5dbdee968abe78d2a0a88c090c687%253Bregion%253Aid%253Bsku%253A8608700849_ID%253Bprice%253A688000%253Bclient%253Adesktop%253Bsupplier_id%253A401099536002%253Bsession_id%253A%253Bbiz_source%253Ah5_internal%253Bslot%253A2%253Butlog_bucket_id%253A470687%253Basc_category_id%253A10100333%253Bitem_id%253A8608700849%253Bsku_id%253A16013570474%253Bshop_id%253A6307054%253BtemplateInfo%253A107879_A3_C_E%2523&freeshipping=1&fs_ab=2&fuse_fs=&lang=id&location=Kab.%20Tangerang&price=6.88E%205&priceCompare=skuId%3A16013570474%3Bsource%3Alazada-search-voucher%3Bsn%3A2cc5dbdee968abe78d2a0a88c090c687%3BoriginPrice%3A68800000%3BdisplayPrice%3A68800000%3BisGray%3Afalse%3BsinglePromotionId%3A-1%3BsingleToolCode%3AmockedSalePrice%3BvoucherPricePlugin%3A0%3Btimestamp%3A1780167465147&ratingscore=4.46643109540636&request_id=2cc5dbdee968abe78d2a0a88c090c687&review=566&sale=1063&search=1&source=search&spm=a2o4j.searchlist.list.2&stock=1","","Alhamdulillah paket datang dengan selamat,ini pesenan ke 2kalinya, tokonya amanah banget 
sukses terus buat toko ini , terimakasih","2025-11-08"
"1780196625-79","https://www.lazada.co.id/products/pdp-i8608700849-s16013570474.html?c=&channelLpJumpArgs=&clickTrackInfo=query%253Ahp%252Bhdc%252Bvivo%253Bnid%253A8608700849%253Bsrc%253ALazadaMainSrp%253Brn%253A2cc5dbdee968abe78d2a0a88c090c687%253Bregion%253Aid%253Bsku%253A8608700849_ID%253Bprice%253A688000%253Bclient%253Adesktop%253Bsupplier_id%253A401099536002%253Bsession_id%253A%253Bbiz_source%253Ah5_internal%253Bslot%253A2%253Butlog_bucket_id%253A470687%253Basc_category_id%253A10100333%253Bitem_id%253A8608700849%253Bsku_id%253A16013570474%253Bshop_id%253A6307054%253BtemplateInfo%253A107879_A3_C_E%2523&freeshipping=1&fs_ab=2&fuse_fs=&lang=id&location=Kab.%20Tangerang&price=6.88E%205&priceCompare=skuId%3A16013570474%3Bsource%3Alazada-search-voucher%3Bsn%3A2cc5dbdee968abe78d2a0a88c090c687%3BoriginPrice%3A68800000%3BdisplayPrice%3A68800000%3BisGray%3Afalse%3BsinglePromotionId%3A-1%3BsingleToolCode%3AmockedSalePrice%3BvoucherPricePlugin%3A0%3Btimestamp%3A1780167465147&ratingscore=4.46643109540636&request_id=2cc5dbdee968abe78d2a0a88c090c687&review=566&sale=1063&search=1&source=search&spm=a2o4j.searchlist.list.2&stock=1","","Pelindung kaca Gorilla Glass 3, Kamera belakang 13MP dengan lampu kilat, Desain bodi aluminium,","2025-11-28"
"1780196625-80","https://www.lazada.co.id/products/pdp-i8608700849-s16013570474.html?c=&channelLpJumpArgs=&clickTrackInfo=query%253Ahp%252Bhdc%252Bvivo%253Bnid%253A8608700849%253Bsrc%253ALazadaMainSrp%253Brn%253A2cc5dbdee968abe78d2a0a88c090c687%253Bregion%253Aid%253Bsku%253A8608700849_ID%253Bprice%253A688000%253Bclient%253Adesktop%253Bsupplier_id%253A401099536002%253Bsession_id%253A%253Bbiz_source%253Ah5_internal%253Bslot%253A2%253Butlog_bucket_id%253A470687%253Basc_category_id%253A10100333%253Bitem_id%253A8608700849%253Bsku_id%253A16013570474%253Bshop_id%253A6307054%253BtemplateInfo%253A107879_A3_C_E%2523&freeshipping=1&fs_ab=2&fuse_fs=&lang=id&location=Kab.%20Tangerang&price=6.88E%205&priceCompare=skuId%3A16013570474%3Bsource%3Alazada-search-voucher%3Bsn%3A2cc5dbdee968abe78d2a0a88c090c687%3BoriginPrice%3A68800000%3BdisplayPrice%3A68800000%3BisGray%3Afalse%3BsinglePromotionId%3A-1%3BsingleToolCode%3AmockedSalePrice%3BvoucherPricePlugin%3A0%3Btimestamp%3A1780167465147&ratingscore=4.46643109540636&request_id=2cc5dbdee968abe78d2a0a88c090c687&review=566&sale=1063&search=1&source=search&spm=a2o4j.searchlist.list.2&stock=1","","penjual  amanah,  harga murah  tapi  ga murahan.  terima kasih.  aku suka.","2025-12-23"
"1780196625-81","https://www.lazada.co.id/products/pdp-i8608700849-s16013570474.html?c=&channelLpJumpArgs=&clickTrackInfo=query%253Ahp%252Bhdc%252Bvivo%253Bnid%253A8608700849%253Bsrc%253ALazadaMainSrp%253Brn%253A2cc5dbdee968abe78d2a0a88c090c687%253Bregion%253Aid%253Bsku%253A8608700849_ID%253Bprice%253A688000%253Bclient%253Adesktop%253Bsupplier_id%253A401099536002%253Bsession_id%253A%253Bbiz_source%253Ah5_internal%253Bslot%253A2%253Butlog_bucket_id%253A470687%253Basc_category_id%253A10100333%253Bitem_id%253A8608700849%253Bsku_id%253A16013570474%253Bshop_id%253A6307054%253BtemplateInfo%253A107879_A3_C_E%2523&freeshipping=1&fs_ab=2&fuse_fs=&lang=id&location=Kab.%20Tangerang&price=6.88E%205&priceCompare=skuId%3A16013570474%3Bsource%3Alazada-search-voucher%3Bsn%3A2cc5dbdee968abe78d2a0a88c090c687%3BoriginPrice%3A68800000%3BdisplayPrice%3A68800000%3BisGray%3Afalse%3BsinglePromotionId%3A-1%3BsingleToolCode%3AmockedSalePrice%3BvoucherPricePlugin%3A0%3Btimestamp%3A1780167465147&ratingscore=4.46643109540636&request_id=2cc5dbdee968abe78d2a0a88c090c687&review=566&sale=1063&search=1&source=search&spm=a2o4j.searchlist.list.2&stock=1","","berjalan lancar, semoga awet... 
pengiriman sangat amat cepat sekalii....","2025-12-13"
"1780196625-82","https://www.lazada.co.id/products/pdp-i8608700849-s16013570474.html?c=&channelLpJumpArgs=&clickTrackInfo=query%253Ahp%252Bhdc%252Bvivo%253Bnid%253A8608700849%253Bsrc%253ALazadaMainSrp%253Brn%253A2cc5dbdee968abe78d2a0a88c090c687%253Bregion%253Aid%253Bsku%253A8608700849_ID%253Bprice%253A688000%253Bclient%253Adesktop%253Bsupplier_id%253A401099536002%253Bsession_id%253A%253Bbiz_source%253Ah5_internal%253Bslot%253A2%253Butlog_bucket_id%253A470687%253Basc_category_id%253A10100333%253Bitem_id%253A8608700849%253Bsku_id%253A16013570474%253Bshop_id%253A6307054%253BtemplateInfo%253A107879_A3_C_E%2523&freeshipping=1&fs_ab=2&fuse_fs=&lang=id&location=Kab.%20Tangerang&price=6.88E%205&priceCompare=skuId%3A16013570474%3Bsource%3Alazada-search-voucher%3Bsn%3A2cc5dbdee968abe78d2a0a88c090c687%3BoriginPrice%3A68800000%3BdisplayPrice%3A68800000%3BisGray%3Afalse%3BsinglePromotionId%3A-1%3BsingleToolCode%3AmockedSalePrice%3BvoucherPricePlugin%3A0%3Btimestamp%3A1780167465147&ratingscore=4.46643109540636&request_id=2cc5dbdee968abe78d2a0a88c090c687&review=566&sale=1063&search=1&source=search&spm=a2o4j.searchlist.list.2&stock=1","","Pelindung kaca Gorilla Glass 3, Kapasitas baterai 3360mAh,","2025-12-27"
"1780196625-83","https://www.lazada.co.id/products/pdp-i8608700849-s16013570474.html?c=&channelLpJumpArgs=&clickTrackInfo=query%253Ahp%252Bhdc%252Bvivo%253Bnid%253A8608700849%253Bsrc%253ALazadaMainSrp%253Brn%253A2cc5dbdee968abe78d2a0a88c090c687%253Bregion%253Aid%253Bsku%253A8608700849_ID%253Bprice%253A688000%253Bclient%253Adesktop%253Bsupplier_id%253A401099536002%253Bsession_id%253A%253Bbiz_source%253Ah5_internal%253Bslot%253A2%253Butlog_bucket_id%253A470687%253Basc_category_id%253A10100333%253Bitem_id%253A8608700849%253Bsku_id%253A16013570474%253Bshop_id%253A6307054%253BtemplateInfo%253A107879_A3_C_E%2523&freeshipping=1&fs_ab=2&fuse_fs=&lang=id&location=Kab.%20Tangerang&price=6.88E%205&priceCompare=skuId%3A16013570474%3Bsource%3Alazada-search-voucher%3Bsn%3A2cc5dbdee968abe78d2a0a88c090c687%3BoriginPrice%3A68800000%3BdisplayPrice%3A68800000%3BisGray%3Afalse%3BsinglePromotionId%3A-1%3BsingleToolCode%3AmockedSalePrice%3BvoucherPricePlugin%3A0%3Btimestamp%3A1780167465147&ratingscore=4.46643109540636&request_id=2cc5dbdee968abe78d2a0a88c090c687&review=566&sale=1063&search=1&source=search&spm=a2o4j.searchlist.list.2&stock=1","","pembelian ke 2, ga di sangka pemakaian uda bbrp hari batre uda lemah, uda 2 hari ini ga bs lepas dari casan. sll di cas dl klo mau di pakai. kecewa bgt. Stak bgt batre klo uda 88% lngsng mati🤦🏽‍♀️, pdhl awal nya baik2 aja.","2025-10-11"
"1780196625-84","https://www.lazada.co.id/products/pdp-i8608700849-s16013570474.html?c=&channelLpJumpArgs=&clickTrackInfo=query%253Ahp%252Bhdc%252Bvivo%253Bnid%253A8608700849%253Bsrc%253ALazadaMainSrp%253Brn%253A2cc5dbdee968abe78d2a0a88c090c687%253Bregion%253Aid%253Bsku%253A8608700849_ID%253Bprice%253A688000%253Bclient%253Adesktop%253Bsupplier_id%253A401099536002%253Bsession_id%253A%253Bbiz_source%253Ah5_internal%253Bslot%253A2%253Butlog_bucket_id%253A470687%253Basc_category_id%253A10100333%253Bitem_id%253A8608700849%253Bsku_id%253A16013570474%253Bshop_id%253A6307054%253BtemplateInfo%253A107879_A3_C_E%2523&freeshipping=1&fs_ab=2&fuse_fs=&lang=id&location=Kab.%20Tangerang&price=6.88E%205&priceCompare=skuId%3A16013570474%3Bsource%3Alazada-search-voucher%3Bsn%3A2cc5dbdee968abe78d2a0a88c090c687%3BoriginPrice%3A68800000%3BdisplayPrice%3A68800000%3BisGray%3Afalse%3BsinglePromotionId%3A-1%3BsingleToolCode%3AmockedSalePrice%3BvoucherPricePlugin%3A0%3Btimestamp%3A1780167465147&ratingscore=4.46643109540636&request_id=2cc5dbdee968abe78d2a0a88c090c687&review=566&sale=1063&search=1&source=search&spm=a2o4j.searchlist.list.2&stock=1","","alhamdulilah,pesanan sudah datang,dan sesuai sama yg di pesan,terimakasih,untuk semuanya
tokonya amanah,dan selernya","2025-10-30"
"1780196625-85","https://www.lazada.co.id/products/pdp-i8608700849-s16013570474.html?c=&channelLpJumpArgs=&clickTrackInfo=query%253Ahp%252Bhdc%252Bvivo%253Bnid%253A8608700849%253Bsrc%253ALazadaMainSrp%253Brn%253A2cc5dbdee968abe78d2a0a88c090c687%253Bregion%253Aid%253Bsku%253A8608700849_ID%253Bprice%253A688000%253Bclient%253Adesktop%253Bsupplier_id%253A401099536002%253Bsession_id%253A%253Bbiz_source%253Ah5_internal%253Bslot%253A2%253Butlog_bucket_id%253A470687%253Basc_category_id%253A10100333%253Bitem_id%253A8608700849%253Bsku_id%253A16013570474%253Bshop_id%253A6307054%253BtemplateInfo%253A107879_A3_C_E%2523&freeshipping=1&fs_ab=2&fuse_fs=&lang=id&location=Kab.%20Tangerang&price=6.88E%205&priceCompare=skuId%3A16013570474%3Bsource%3Alazada-search-voucher%3Bsn%3A2cc5dbdee968abe78d2a0a88c090c687%3BoriginPrice%3A68800000%3BdisplayPrice%3A68800000%3BisGray%3Afalse%3BsinglePromotionId%3A-1%3BsingleToolCode%3AmockedSalePrice%3BvoucherPricePlugin%3A0%3Btimestamp%3A1780167465147&ratingscore=4.46643109540636&request_id=2cc5dbdee968abe78d2a0a88c090c687&review=566&sale=1063&search=1&source=search&spm=a2o4j.searchlist.list.2&stock=1","","pesanan sudah saya terima kondisi baik aman tapi sayang saya pesan vivo71 yang datang vivo 55ga sesuai dengan pesan padahal klo ga ada barangnya jangan  kirim atau ada pemberitauan barqng tidak ada kan lebih baik","2025-10-27"
"1780196625-86","https://www.lazada.co.id/products/pdp-i8608700849-s16013570474.html?c=&channelLpJumpArgs=&clickTrackInfo=query%253Ahp%252Bhdc%252Bvivo%253Bnid%253A8608700849%253Bsrc%253ALazadaMainSrp%253Brn%253A2cc5dbdee968abe78d2a0a88c090c687%253Bregion%253Aid%253Bsku%253A8608700849_ID%253Bprice%253A688000%253Bclient%253Adesktop%253Bsupplier_id%253A401099536002%253Bsession_id%253A%253Bbiz_source%253Ah5_internal%253Bslot%253A2%253Butlog_bucket_id%253A470687%253Basc_category_id%253A10100333%253Bitem_id%253A8608700849%253Bsku_id%253A16013570474%253Bshop_id%253A6307054%253BtemplateInfo%253A107879_A3_C_E%2523&freeshipping=1&fs_ab=2&fuse_fs=&lang=id&location=Kab.%20Tangerang&price=6.88E%205&priceCompare=skuId%3A16013570474%3Bsource%3Alazada-search-voucher%3Bsn%3A2cc5dbdee968abe78d2a0a88c090c687%3BoriginPrice%3A68800000%3BdisplayPrice%3A68800000%3BisGray%3Afalse%3BsinglePromotionId%3A-1%3BsingleToolCode%3AmockedSalePrice%3BvoucherPricePlugin%3A0%3Btimestamp%3A1780167465147&ratingscore=4.46643109540636&request_id=2cc5dbdee968abe78d2a0a88c090c687&review=566&sale=1063&search=1&source=search&spm=a2o4j.searchlist.list.2&stock=1","","mantapp.. berfungsi dgn baik. semoga awett terimakasih","2026-01-03"
"1780196625-87","https://www.lazada.co.id/products/pdp-i8608700849-s16013570474.html?c=&channelLpJumpArgs=&clickTrackInfo=query%253Ahp%252Bhdc%252Bvivo%253Bnid%253A8608700849%253Bsrc%253ALazadaMainSrp%253Brn%253A2cc5dbdee968abe78d2a0a88c090c687%253Bregion%253Aid%253Bsku%253A8608700849_ID%253Bprice%253A688000%253Bclient%253Adesktop%253Bsupplier_id%253A401099536002%253Bsession_id%253A%253Bbiz_source%253Ah5_internal%253Bslot%253A2%253Butlog_bucket_id%253A470687%253Basc_category_id%253A10100333%253Bitem_id%253A8608700849%253Bsku_id%253A16013570474%253Bshop_id%253A6307054%253BtemplateInfo%253A107879_A3_C_E%2523&freeshipping=1&fs_ab=2&fuse_fs=&lang=id&location=Kab.%20Tangerang&price=6.88E%205&priceCompare=skuId%3A16013570474%3Bsource%3Alazada-search-voucher%3Bsn%3A2cc5dbdee968abe78d2a0a88c090c687%3BoriginPrice%3A68800000%3BdisplayPrice%3A68800000%3BisGray%3Afalse%3BsinglePromotionId%3A-1%3BsingleToolCode%3AmockedSalePrice%3BvoucherPricePlugin%3A0%3Btimestamp%3A1780167465147&ratingscore=4.46643109540636&request_id=2cc5dbdee968abe78d2a0a88c090c687&review=566&sale=1063&search=1&source=search&spm=a2o4j.searchlist.list.2&stock=1","","Desain bodi aluminium, Baru, segel, dan bergaransi,","2026-01-06"
"1780196625-88","https://www.lazada.co.id/products/pdp-i8608700849-s16013570474.html?c=&channelLpJumpArgs=&clickTrackInfo=query%253Ahp%252Bhdc%252Bvivo%253Bnid%253A8608700849%253Bsrc%253ALazadaMainSrp%253Brn%253A2cc5dbdee968abe78d2a0a88c090c687%253Bregion%253Aid%253Bsku%253A8608700849_ID%253Bprice%253A688000%253Bclient%253Adesktop%253Bsupplier_id%253A401099536002%253Bsession_id%253A%253Bbiz_source%253Ah5_internal%253Bslot%253A2%253Butlog_bucket_id%253A470687%253Basc_category_id%253A10100333%253Bitem_id%253A8608700849%253Bsku_id%253A16013570474%253Bshop_id%253A6307054%253BtemplateInfo%253A107879_A3_C_E%2523&freeshipping=1&fs_ab=2&fuse_fs=&lang=id&location=Kab.%20Tangerang&price=6.88E%205&priceCompare=skuId%3A16013570474%3Bsource%3Alazada-search-voucher%3Bsn%3A2cc5dbdee968abe78d2a0a88c090c687%3BoriginPrice%3A68800000%3BdisplayPrice%3A68800000%3BisGray%3Afalse%3BsinglePromotionId%3A-1%3BsingleToolCode%3AmockedSalePrice%3BvoucherPricePlugin%3A0%3Btimestamp%3A1780167465147&ratingscore=4.46643109540636&request_id=2cc5dbdee968abe78d2a0a88c090c687&review=566&sale=1063&search=1&source=search&spm=a2o4j.searchlist.list.2&stock=1","","Kamera belakang 13MP dengan lampu kilat, Pelindung kaca Gorilla Glass 3, Desain bodi aluminium, Baru, segel, dan bergaransi,","2025-10-24"
"1780196625-89","https://www.lazada.co.id/products/pdp-i8608700849-s16013570474.html?c=&channelLpJumpArgs=&clickTrackInfo=query%253Ahp%252Bhdc%252Bvivo%253Bnid%253A8608700849%253Bsrc%253ALazadaMainSrp%253Brn%253A2cc5dbdee968abe78d2a0a88c090c687%253Bregion%253Aid%253Bsku%253A8608700849_ID%253Bprice%253A688000%253Bclient%253Adesktop%253Bsupplier_id%253A401099536002%253Bsession_id%253A%253Bbiz_source%253Ah5_internal%253Bslot%253A2%253Butlog_bucket_id%253A470687%253Basc_category_id%253A10100333%253Bitem_id%253A8608700849%253Bsku_id%253A16013570474%253Bshop_id%253A6307054%253BtemplateInfo%253A107879_A3_C_E%2523&freeshipping=1&fs_ab=2&fuse_fs=&lang=id&location=Kab.%20Tangerang&price=6.88E%205&priceCompare=skuId%3A16013570474%3Bsource%3Alazada-search-voucher%3Bsn%3A2cc5dbdee968abe78d2a0a88c090c687%3BoriginPrice%3A68800000%3BdisplayPrice%3A68800000%3BisGray%3Afalse%3BsinglePromotionId%3A-1%3BsingleToolCode%3AmockedSalePrice%3BvoucherPricePlugin%3A0%3Btimestamp%3A1780167465147&ratingscore=4.46643109540636&request_id=2cc5dbdee968abe78d2a0a88c090c687&review=566&sale=1063&search=1&source=search&spm=a2o4j.searchlist.list.2&stock=1","","kemudahan penggunaan:","2025-10-15"
"1780196625-90","https://www.lazada.co.id/products/pdp-i8608700849-s16013570474.html?c=&channelLpJumpArgs=&clickTrackInfo=query%253Ahp%252Bhdc%252Bvivo%253Bnid%253A8608700849%253Bsrc%253ALazadaMainSrp%253Brn%253A2cc5dbdee968abe78d2a0a88c090c687%253Bregion%253Aid%253Bsku%253A8608700849_ID%253Bprice%253A688000%253Bclient%253Adesktop%253Bsupplier_id%253A401099536002%253Bsession_id%253A%253Bbiz_source%253Ah5_internal%253Bslot%253A2%253Butlog_bucket_id%253A470687%253Basc_category_id%253A10100333%253Bitem_id%253A8608700849%253Bsku_id%253A16013570474%253Bshop_id%253A6307054%253BtemplateInfo%253A107879_A3_C_E%2523&freeshipping=1&fs_ab=2&fuse_fs=&lang=id&location=Kab.%20Tangerang&price=6.88E%205&priceCompare=skuId%3A16013570474%3Bsource%3Alazada-search-voucher%3Bsn%3A2cc5dbdee968abe78d2a0a88c090c687%3BoriginPrice%3A68800000%3BdisplayPrice%3A68800000%3BisGray%3Afalse%3BsinglePromotionId%3A-1%3BsingleToolCode%3AmockedSalePrice%3BvoucherPricePlugin%3A0%3Btimestamp%3A1780167465147&ratingscore=4.46643109540636&request_id=2cc5dbdee968abe78d2a0a88c090c687&review=566&sale=1063&search=1&source=search&spm=a2o4j.searchlist.list.2&stock=1","","Pelindung kaca Gorilla Glass 3, Baru, segel, dan bergaransi, Kamera belakang 13MP dengan lampu kilat, Kapasitas baterai 3360mAh,","2025-10-17"
"1780196625-91","https://www.lazada.co.id/products/pdp-i8608700849-s16013570474.html?c=&channelLpJumpArgs=&clickTrackInfo=query%253Ahp%252Bhdc%252Bvivo%253Bnid%253A8608700849%253Bsrc%253ALazadaMainSrp%253Brn%253A2cc5dbdee968abe78d2a0a88c090c687%253Bregion%253Aid%253Bsku%253A8608700849_ID%253Bprice%253A688000%253Bclient%253Adesktop%253Bsupplier_id%253A401099536002%253Bsession_id%253A%253Bbiz_source%253Ah5_internal%253Bslot%253A2%253Butlog_bucket_id%253A470687%253Basc_category_id%253A10100333%253Bitem_id%253A8608700849%253Bsku_id%253A16013570474%253Bshop_id%253A6307054%253BtemplateInfo%253A107879_A3_C_E%2523&freeshipping=1&fs_ab=2&fuse_fs=&lang=id&location=Kab.%20Tangerang&price=6.88E%205&priceCompare=skuId%3A16013570474%3Bsource%3Alazada-search-voucher%3Bsn%3A2cc5dbdee968abe78d2a0a88c090c687%3BoriginPrice%3A68800000%3BdisplayPrice%3A68800000%3BisGray%3Afalse%3BsinglePromotionId%3A-1%3BsingleToolCode%3AmockedSalePrice%3BvoucherPricePlugin%3A0%3Btimestamp%3A1780167465147&ratingscore=4.46643109540636&request_id=2cc5dbdee968abe78d2a0a88c090c687&review=566&sale=1063&search=1&source=search&spm=a2o4j.searchlist.list.2&stock=1","","Baru, segel, dan bergaransi, Pelindung kaca Gorilla Glass 3, namun silikon plindungnya kekedean GK cocok","2025-10-16"
"1780196625-92","https://www.lazada.co.id/products/pdp-i8608700849-s16013570474.html?c=&channelLpJumpArgs=&clickTrackInfo=query%253Ahp%252Bhdc%252Bvivo%253Bnid%253A8608700849%253Bsrc%253ALazadaMainSrp%253Brn%253A2cc5dbdee968abe78d2a0a88c090c687%253Bregion%253Aid%253Bsku%253A8608700849_ID%253Bprice%253A688000%253Bclient%253Adesktop%253Bsupplier_id%253A401099536002%253Bsession_id%253A%253Bbiz_source%253Ah5_internal%253Bslot%253A2%253Butlog_bucket_id%253A470687%253Basc_category_id%253A10100333%253Bitem_id%253A8608700849%253Bsku_id%253A16013570474%253Bshop_id%253A6307054%253BtemplateInfo%253A107879_A3_C_E%2523&freeshipping=1&fs_ab=2&fuse_fs=&lang=id&location=Kab.%20Tangerang&price=6.88E%205&priceCompare=skuId%3A16013570474%3Bsource%3Alazada-search-voucher%3Bsn%3A2cc5dbdee968abe78d2a0a88c090c687%3BoriginPrice%3A68800000%3BdisplayPrice%3A68800000%3BisGray%3Afalse%3BsinglePromotionId%3A-1%3BsingleToolCode%3AmockedSalePrice%3BvoucherPricePlugin%3A0%3Btimestamp%3A1780167465147&ratingscore=4.46643109540636&request_id=2cc5dbdee968abe78d2a0a88c090c687&review=566&sale=1063&search=1&source=search&spm=a2o4j.searchlist.list.2&stock=1","","26 10 2025 menyatakan asli 
HP masih segelBaru, segel, dan bergaransi, Pelindung kaca Gorilla Glass 3, Kamera belakang 13MP dengan lampu kilat,","2025-10-16"
"1780196625-93","https://www.lazada.co.id/products/pdp-i8608700849-s16013570474.html?c=&channelLpJumpArgs=&clickTrackInfo=query%253Ahp%252Bhdc%252Bvivo%253Bnid%253A8608700849%253Bsrc%253ALazadaMainSrp%253Brn%253A2cc5dbdee968abe78d2a0a88c090c687%253Bregion%253Aid%253Bsku%253A8608700849_ID%253Bprice%253A688000%253Bclient%253Adesktop%253Bsupplier_id%253A401099536002%253Bsession_id%253A%253Bbiz_source%253Ah5_internal%253Bslot%253A2%253Butlog_bucket_id%253A470687%253Basc_category_id%253A10100333%253Bitem_id%253A8608700849%253Bsku_id%253A16013570474%253Bshop_id%253A6307054%253BtemplateInfo%253A107879_A3_C_E%2523&freeshipping=1&fs_ab=2&fuse_fs=&lang=id&location=Kab.%20Tangerang&price=6.88E%205&priceCompare=skuId%3A16013570474%3Bsource%3Alazada-search-voucher%3Bsn%3A2cc5dbdee968abe78d2a0a88c090c687%3BoriginPrice%3A68800000%3BdisplayPrice%3A68800000%3BisGray%3Afalse%3BsinglePromotionId%3A-1%3BsingleToolCode%3AmockedSalePrice%3BvoucherPricePlugin%3A0%3Btimestamp%3A1780167465147&ratingscore=4.46643109540636&request_id=2cc5dbdee968abe78d2a0a88c090c687&review=566&sale=1063&search=1&source=search&spm=a2o4j.searchlist.list.2&stock=1","","Baru, segel, dan bergaransi, toko yg amanah... Alhamdulillah berfungsi dengan baik. sukses trus buat toko nya...mudah mudahan awet dan bermanfaat.","2025-10-13"
"1780196625-94","https://www.lazada.co.id/products/pdp-i8608700849-s16013570474.html?c=&channelLpJumpArgs=&clickTrackInfo=query%253Ahp%252Bhdc%252Bvivo%253Bnid%253A8608700849%253Bsrc%253ALazadaMainSrp%253Brn%253A2cc5dbdee968abe78d2a0a88c090c687%253Bregion%253Aid%253Bsku%253A8608700849_ID%253Bprice%253A688000%253Bclient%253Adesktop%253Bsupplier_id%253A401099536002%253Bsession_id%253A%253Bbiz_source%253Ah5_internal%253Bslot%253A2%253Butlog_bucket_id%253A470687%253Basc_category_id%253A10100333%253Bitem_id%253A8608700849%253Bsku_id%253A16013570474%253Bshop_id%253A6307054%253BtemplateInfo%253A107879_A3_C_E%2523&freeshipping=1&fs_ab=2&fuse_fs=&lang=id&location=Kab.%20Tangerang&price=6.88E%205&priceCompare=skuId%3A16013570474%3Bsource%3Alazada-search-voucher%3Bsn%3A2cc5dbdee968abe78d2a0a88c090c687%3BoriginPrice%3A68800000%3BdisplayPrice%3A68800000%3BisGray%3Afalse%3BsinglePromotionId%3A-1%3BsingleToolCode%3AmockedSalePrice%3BvoucherPricePlugin%3A0%3Btimestamp%3A1780167465147&ratingscore=4.46643109540636&request_id=2cc5dbdee968abe78d2a0a88c090c687&review=566&sale=1063&search=1&source=search&spm=a2o4j.searchlist.list.2&stock=1","","hp nya SDH di terima dng aman. batrenya lumayan awet. harga nya juga murah . tp ada syg sedikit. hp nya meskipun ram 6 tp baru pasang beberapa aplikasi sj sudah lemot. kamera kurang jernih. kwalitas sesuai harg.","2025-10-06"
"1780196625-95","https://www.lazada.co.id/products/pdp-i8608700849-s16013570474.html?c=&channelLpJumpArgs=&clickTrackInfo=query%253Ahp%252Bhdc%252Bvivo%253Bnid%253A8608700849%253Bsrc%253ALazadaMainSrp%253Brn%253A2cc5dbdee968abe78d2a0a88c090c687%253Bregion%253Aid%253Bsku%253A8608700849_ID%253Bprice%253A688000%253Bclient%253Adesktop%253Bsupplier_id%253A401099536002%253Bsession_id%253A%253Bbiz_source%253Ah5_internal%253Bslot%253A2%253Butlog_bucket_id%253A470687%253Basc_category_id%253A10100333%253Bitem_id%253A8608700849%253Bsku_id%253A16013570474%253Bshop_id%253A6307054%253BtemplateInfo%253A107879_A3_C_E%2523&freeshipping=1&fs_ab=2&fuse_fs=&lang=id&location=Kab.%20Tangerang&price=6.88E%205&priceCompare=skuId%3A16013570474%3Bsource%3Alazada-search-voucher%3Bsn%3A2cc5dbdee968abe78d2a0a88c090c687%3BoriginPrice%3A68800000%3BdisplayPrice%3A68800000%3BisGray%3Afalse%3BsinglePromotionId%3A-1%3BsingleToolCode%3AmockedSalePrice%3BvoucherPricePlugin%3A0%3Btimestamp%3A1780167465147&ratingscore=4.46643109540636&request_id=2cc5dbdee968abe78d2a0a88c090c687&review=566&sale=1063&search=1&source=search&spm=a2o4j.searchlist.list.2&stock=1","","alham dulilah barang udah sapi dan aman makasih lazada.. mantul mantap betull","2025-11-17"
"1780196625-96","https://www.lazada.co.id/products/pdp-i8608700849-s16013570474.html?c=&channelLpJumpArgs=&clickTrackInfo=query%253Ahp%252Bhdc%252Bvivo%253Bnid%253A8608700849%253Bsrc%253ALazadaMainSrp%253Brn%253A2cc5dbdee968abe78d2a0a88c090c687%253Bregion%253Aid%253Bsku%253A8608700849_ID%253Bprice%253A688000%253Bclient%253Adesktop%253Bsupplier_id%253A401099536002%253Bsession_id%253A%253Bbiz_source%253Ah5_internal%253Bslot%253A2%253Butlog_bucket_id%253A470687%253Basc_category_id%253A10100333%253Bitem_id%253A8608700849%253Bsku_id%253A16013570474%253Bshop_id%253A6307054%253BtemplateInfo%253A107879_A3_C_E%2523&freeshipping=1&fs_ab=2&fuse_fs=&lang=id&location=Kab.%20Tangerang&price=6.88E%205&priceCompare=skuId%3A16013570474%3Bsource%3Alazada-search-voucher%3Bsn%3A2cc5dbdee968abe78d2a0a88c090c687%3BoriginPrice%3A68800000%3BdisplayPrice%3A68800000%3BisGray%3Afalse%3BsinglePromotionId%3A-1%3BsingleToolCode%3AmockedSalePrice%3BvoucherPricePlugin%3A0%3Btimestamp%3A1780167465147&ratingscore=4.46643109540636&request_id=2cc5dbdee968abe78d2a0a88c090c687&review=566&sale=1063&search=1&source=search&spm=a2o4j.searchlist.list.2&stock=1","","Alhamdulillah paket udah nyampe sesuai dengan pesanan bagus tapi blom di coba sih semoga awet kulir nya baik terima kasih 🙏 sukses selalu ya Bu","2025-09-28"
"1780196625-97","https://www.lazada.co.id/products/pdp-i8608700849-s16013570474.html?c=&channelLpJumpArgs=&clickTrackInfo=query%253Ahp%252Bhdc%252Bvivo%253Bnid%253A8608700849%253Bsrc%253ALazadaMainSrp%253Brn%253A2cc5dbdee968abe78d2a0a88c090c687%253Bregion%253Aid%253Bsku%253A8608700849_ID%253Bprice%253A688000%253Bclient%253Adesktop%253Bsupplier_id%253A401099536002%253Bsession_id%253A%253Bbiz_source%253Ah5_internal%253Bslot%253A2%253Butlog_bucket_id%253A470687%253Basc_category_id%253A10100333%253Bitem_id%253A8608700849%253Bsku_id%253A16013570474%253Bshop_id%253A6307054%253BtemplateInfo%253A107879_A3_C_E%2523&freeshipping=1&fs_ab=2&fuse_fs=&lang=id&location=Kab.%20Tangerang&price=6.88E%205&priceCompare=skuId%3A16013570474%3Bsource%3Alazada-search-voucher%3Bsn%3A2cc5dbdee968abe78d2a0a88c090c687%3BoriginPrice%3A68800000%3BdisplayPrice%3A68800000%3BisGray%3Afalse%3BsinglePromotionId%3A-1%3BsingleToolCode%3AmockedSalePrice%3BvoucherPricePlugin%3A0%3Btimestamp%3A1780167465147&ratingscore=4.46643109540636&request_id=2cc5dbdee968abe78d2a0a88c090c687&review=566&sale=1063&search=1&source=search&spm=a2o4j.searchlist.list.2&stock=1","","Kamera belakang 13MP dengan lampu kilat, Kapasitas baterai 3360mAh, Pelindung kaca Gorilla Glass 3,","2025-09-20"
"1780196625-98","https://www.lazada.co.id/products/pdp-i8608700849-s16013570474.html?c=&channelLpJumpArgs=&clickTrackInfo=query%253Ahp%252Bhdc%252Bvivo%253Bnid%253A8608700849%253Bsrc%253ALazadaMainSrp%253Brn%253A2cc5dbdee968abe78d2a0a88c090c687%253Bregion%253Aid%253Bsku%253A8608700849_ID%253Bprice%253A688000%253Bclient%253Adesktop%253Bsupplier_id%253A401099536002%253Bsession_id%253A%253Bbiz_source%253Ah5_internal%253Bslot%253A2%253Butlog_bucket_id%253A470687%253Basc_category_id%253A10100333%253Bitem_id%253A8608700849%253Bsku_id%253A16013570474%253Bshop_id%253A6307054%253BtemplateInfo%253A107879_A3_C_E%2523&freeshipping=1&fs_ab=2&fuse_fs=&lang=id&location=Kab.%20Tangerang&price=6.88E%205&priceCompare=skuId%3A16013570474%3Bsource%3Alazada-search-voucher%3Bsn%3A2cc5dbdee968abe78d2a0a88c090c687%3BoriginPrice%3A68800000%3BdisplayPrice%3A68800000%3BisGray%3Afalse%3BsinglePromotionId%3A-1%3BsingleToolCode%3AmockedSalePrice%3BvoucherPricePlugin%3A0%3Btimestamp%3A1780167465147&ratingscore=4.46643109540636&request_id=2cc5dbdee968abe78d2a0a88c090c687&review=566&sale=1063&search=1&source=search&spm=a2o4j.searchlist.list.2&stock=1","","Durability:","2025-09-28"
"1780196625-99","https://www.lazada.co.id/products/pdp-i8608700849-s16013570474.html?c=&channelLpJumpArgs=&clickTrackInfo=query%253Ahp%252Bhdc%252Bvivo%253Bnid%253A8608700849%253Bsrc%253ALazadaMainSrp%253Brn%253A2cc5dbdee968abe78d2a0a88c090c687%253Bregion%253Aid%253Bsku%253A8608700849_ID%253Bprice%253A688000%253Bclient%253Adesktop%253Bsupplier_id%253A401099536002%253Bsession_id%253A%253Bbiz_source%253Ah5_internal%253Bslot%253A2%253Butlog_bucket_id%253A470687%253Basc_category_id%253A10100333%253Bitem_id%253A8608700849%253Bsku_id%253A16013570474%253Bshop_id%253A6307054%253BtemplateInfo%253A107879_A3_C_E%2523&freeshipping=1&fs_ab=2&fuse_fs=&lang=id&location=Kab.%20Tangerang&price=6.88E%205&priceCompare=skuId%3A16013570474%3Bsource%3Alazada-search-voucher%3Bsn%3A2cc5dbdee968abe78d2a0a88c090c687%3BoriginPrice%3A68800000%3BdisplayPrice%3A68800000%3BisGray%3Afalse%3BsinglePromotionId%3A-1%3BsingleToolCode%3AmockedSalePrice%3BvoucherPricePlugin%3A0%3Btimestamp%3A1780167465147&ratingscore=4.46643109540636&request_id=2cc5dbdee968abe78d2a0a88c090c687&review=566&sale=1063&search=1&source=search&spm=a2o4j.searchlist.list.2&stock=1","","barang oke sesuai pesanan dan sudah dicoba normBaru, segel, dan bergaransi, al semua mudaha mudahan awet makasih seller dan juga kurirnya 
pokonya okelahKapasitas baterai 3360mAh,","2025-10-03"
"1780196625-100","https://www.lazada.co.id/products/pdp-i8608700849-s16013570474.html?c=&channelLpJumpArgs=&clickTrackInfo=query%253Ahp%252Bhdc%252Bvivo%253Bnid%253A8608700849%253Bsrc%253ALazadaMainSrp%253Brn%253A2cc5dbdee968abe78d2a0a88c090c687%253Bregion%253Aid%253Bsku%253A8608700849_ID%253Bprice%253A688000%253Bclient%253Adesktop%253Bsupplier_id%253A401099536002%253Bsession_id%253A%253Bbiz_source%253Ah5_internal%253Bslot%253A2%253Butlog_bucket_id%253A470687%253Basc_category_id%253A10100333%253Bitem_id%253A8608700849%253Bsku_id%253A16013570474%253Bshop_id%253A6307054%253BtemplateInfo%253A107879_A3_C_E%2523&freeshipping=1&fs_ab=2&fuse_fs=&lang=id&location=Kab.%20Tangerang&price=6.88E%205&priceCompare=skuId%3A16013570474%3Bsource%3Alazada-search-voucher%3Bsn%3A2cc5dbdee968abe78d2a0a88c090c687%3BoriginPrice%3A68800000%3BdisplayPrice%3A68800000%3BisGray%3Afalse%3BsinglePromotionId%3A-1%3BsingleToolCode%3AmockedSalePrice%3BvoucherPricePlugin%3A0%3Btimestamp%3A1780167465147&ratingscore=4.46643109540636&request_id=2cc5dbdee968abe78d2a0a88c090c687&review=566&sale=1063&search=1&source=search&spm=a2o4j.searchlist.list.2&stock=1","","barang ok kwalitas ngk kalah dg Vivo yang mahalKapasitas baterai 3360mAh,","2025-10-03"
"1780196625-101","https://www.lazada.co.id/products/pdp-i8608700849-s16013570474.html?c=&channelLpJumpArgs=&clickTrackInfo=query%253Ahp%252Bhdc%252Bvivo%253Bnid%253A8608700849%253Bsrc%253ALazadaMainSrp%253Brn%253A2cc5dbdee968abe78d2a0a88c090c687%253Bregion%253Aid%253Bsku%253A8608700849_ID%253Bprice%253A688000%253Bclient%253Adesktop%253Bsupplier_id%253A401099536002%253Bsession_id%253A%253Bbiz_source%253Ah5_internal%253Bslot%253A2%253Butlog_bucket_id%253A470687%253Basc_category_id%253A10100333%253Bitem_id%253A8608700849%253Bsku_id%253A16013570474%253Bshop_id%253A6307054%253BtemplateInfo%253A107879_A3_C_E%2523&freeshipping=1&fs_ab=2&fuse_fs=&lang=id&location=Kab.%20Tangerang&price=6.88E%205&priceCompare=skuId%3A16013570474%3Bsource%3Alazada-search-voucher%3Bsn%3A2cc5dbdee968abe78d2a0a88c090c687%3BoriginPrice%3A68800000%3BdisplayPrice%3A68800000%3BisGray%3Afalse%3BsinglePromotionId%3A-1%3BsingleToolCode%3AmockedSalePrice%3BvoucherPricePlugin%3A0%3Btimestamp%3A1780167465147&ratingscore=4.46643109540636&request_id=2cc5dbdee968abe78d2a0a88c090c687&review=566&sale=1063&search=1&source=search&spm=a2o4j.searchlist.list.2&stock=1","","barang sudah sampai cepet banget mudah mudahan pas dipakai gak bermasalah dan awet, terimakasih ka","2025-10-16"
"1780196625-102","https://www.lazada.co.id/products/pdp-i8608700849-s16013570474.html?c=&channelLpJumpArgs=&clickTrackInfo=query%253Ahp%252Bhdc%252Bvivo%253Bnid%253A8608700849%253Bsrc%253ALazadaMainSrp%253Brn%253A2cc5dbdee968abe78d2a0a88c090c687%253Bregion%253Aid%253Bsku%253A8608700849_ID%253Bprice%253A688000%253Bclient%253Adesktop%253Bsupplier_id%253A401099536002%253Bsession_id%253A%253Bbiz_source%253Ah5_internal%253Bslot%253A2%253Butlog_bucket_id%253A470687%253Basc_category_id%253A10100333%253Bitem_id%253A8608700849%253Bsku_id%253A16013570474%253Bshop_id%253A6307054%253BtemplateInfo%253A107879_A3_C_E%2523&freeshipping=1&fs_ab=2&fuse_fs=&lang=id&location=Kab.%20Tangerang&price=6.88E%205&priceCompare=skuId%3A16013570474%3Bsource%3Alazada-search-voucher%3Bsn%3A2cc5dbdee968abe78d2a0a88c090c687%3BoriginPrice%3A68800000%3BdisplayPrice%3A68800000%3BisGray%3Afalse%3BsinglePromotionId%3A-1%3BsingleToolCode%3AmockedSalePrice%3BvoucherPricePlugin%3A0%3Btimestamp%3A1780167465147&ratingscore=4.46643109540636&request_id=2cc5dbdee968abe78d2a0a88c090c687&review=566&sale=1063&search=1&source=search&spm=a2o4j.searchlist.list.2&stock=1","","kemudahan penggunaan:","2025-10-01"
"1780196625-103","https://www.lazada.co.id/products/pdp-i8608700849-s16013570474.html?c=&channelLpJumpArgs=&clickTrackInfo=query%253Ahp%252Bhdc%252Bvivo%253Bnid%253A8608700849%253Bsrc%253ALazadaMainSrp%253Brn%253A2cc5dbdee968abe78d2a0a88c090c687%253Bregion%253Aid%253Bsku%253A8608700849_ID%253Bprice%253A688000%253Bclient%253Adesktop%253Bsupplier_id%253A401099536002%253Bsession_id%253A%253Bbiz_source%253Ah5_internal%253Bslot%253A2%253Butlog_bucket_id%253A470687%253Basc_category_id%253A10100333%253Bitem_id%253A8608700849%253Bsku_id%253A16013570474%253Bshop_id%253A6307054%253BtemplateInfo%253A107879_A3_C_E%2523&freeshipping=1&fs_ab=2&fuse_fs=&lang=id&location=Kab.%20Tangerang&price=6.88E%205&priceCompare=skuId%3A16013570474%3Bsource%3Alazada-search-voucher%3Bsn%3A2cc5dbdee968abe78d2a0a88c090c687%3BoriginPrice%3A68800000%3BdisplayPrice%3A68800000%3BisGray%3Afalse%3BsinglePromotionId%3A-1%3BsingleToolCode%3AmockedSalePrice%3BvoucherPricePlugin%3A0%3Btimestamp%3A1780167465147&ratingscore=4.46643109540636&request_id=2cc5dbdee968abe78d2a0a88c090c687&review=566&sale=1063&search=1&source=search&spm=a2o4j.searchlist.list.2&stock=1","","paket sudah diterima. kondisi retak bagian atas DAN tidak pakai plastik depan yg ada kertas hijaunya seperti yg sudah sudah saya beli. tapi tidak apa apa lah kalau memang ini bukan rejeki saya. moga lain waktu dipilihkan yg bukan / mungkin returan. terimakasih buat toko juga jasa pengirimannya.","2025-10-01"
"1780196625-104","https://www.lazada.co.id/products/pdp-i8608700849-s16013570474.html?c=&channelLpJumpArgs=&clickTrackInfo=query%253Ahp%252Bhdc%252Bvivo%253Bnid%253A8608700849%253Bsrc%253ALazadaMainSrp%253Brn%253A2cc5dbdee968abe78d2a0a88c090c687%253Bregion%253Aid%253Bsku%253A8608700849_ID%253Bprice%253A688000%253Bclient%253Adesktop%253Bsupplier_id%253A401099536002%253Bsession_id%253A%253Bbiz_source%253Ah5_internal%253Bslot%253A2%253Butlog_bucket_id%253A470687%253Basc_category_id%253A10100333%253Bitem_id%253A8608700849%253Bsku_id%253A16013570474%253Bshop_id%253A6307054%253BtemplateInfo%253A107879_A3_C_E%2523&freeshipping=1&fs_ab=2&fuse_fs=&lang=id&location=Kab.%20Tangerang&price=6.88E%205&priceCompare=skuId%3A16013570474%3Bsource%3Alazada-search-voucher%3Bsn%3A2cc5dbdee968abe78d2a0a88c090c687%3BoriginPrice%3A68800000%3BdisplayPrice%3A68800000%3BisGray%3Afalse%3BsinglePromotionId%3A-1%3BsingleToolCode%3AmockedSalePrice%3BvoucherPricePlugin%3A0%3Btimestamp%3A1780167465147&ratingscore=4.46643109540636&request_id=2cc5dbdee968abe78d2a0a88c090c687&review=566&sale=1063&search=1&source=search&spm=a2o4j.searchlist.list.2&stock=1","","dari dusbuknya sih baru, tapi hpnya second .
sudah order kesekian kalinya tambah parah","2025-10-27"
"1780196625-105","https://www.lazada.co.id/products/pdp-i8608700849-s16013570474.html?c=&channelLpJumpArgs=&clickTrackInfo=query%253Ahp%252Bhdc%252Bvivo%253Bnid%253A8608700849%253Bsrc%253ALazadaMainSrp%253Brn%253A2cc5dbdee968abe78d2a0a88c090c687%253Bregion%253Aid%253Bsku%253A8608700849_ID%253Bprice%253A688000%253Bclient%253Adesktop%253Bsupplier_id%253A401099536002%253Bsession_id%253A%253Bbiz_source%253Ah5_internal%253Bslot%253A2%253Butlog_bucket_id%253A470687%253Basc_category_id%253A10100333%253Bitem_id%253A8608700849%253Bsku_id%253A16013570474%253Bshop_id%253A6307054%253BtemplateInfo%253A107879_A3_C_E%2523&freeshipping=1&fs_ab=2&fuse_fs=&lang=id&location=Kab.%20Tangerang&price=6.88E%205&priceCompare=skuId%3A16013570474%3Bsource%3Alazada-search-voucher%3Bsn%3A2cc5dbdee968abe78d2a0a88c090c687%3BoriginPrice%3A68800000%3BdisplayPrice%3A68800000%3BisGray%3Afalse%3BsinglePromotionId%3A-1%3BsingleToolCode%3AmockedSalePrice%3BvoucherPricePlugin%3A0%3Btimestamp%3A1780167465147&ratingscore=4.46643109540636&request_id=2cc5dbdee968abe78d2a0a88c090c687&review=566&sale=1063&search=1&source=search&spm=a2o4j.searchlist.list.2&stock=1","","Kapasitas baterai 3360mAh, Pelindung kaca Gorilla Glass 3, sayang kamera belakang nya rusak","2026-03-07"
"1780196625-106","https://www.lazada.co.id/products/pdp-i8608700849-s16013570474.html?c=&channelLpJumpArgs=&clickTrackInfo=query%253Ahp%252Bhdc%252Bvivo%253Bnid%253A8608700849%253Bsrc%253ALazadaMainSrp%253Brn%253A2cc5dbdee968abe78d2a0a88c090c687%253Bregion%253Aid%253Bsku%253A8608700849_ID%253Bprice%253A688000%253Bclient%253Adesktop%253Bsupplier_id%253A401099536002%253Bsession_id%253A%253Bbiz_source%253Ah5_internal%253Bslot%253A2%253Butlog_bucket_id%253A470687%253Basc_category_id%253A10100333%253Bitem_id%253A8608700849%253Bsku_id%253A16013570474%253Bshop_id%253A6307054%253BtemplateInfo%253A107879_A3_C_E%2523&freeshipping=1&fs_ab=2&fuse_fs=&lang=id&location=Kab.%20Tangerang&price=6.88E%205&priceCompare=skuId%3A16013570474%3Bsource%3Alazada-search-voucher%3Bsn%3A2cc5dbdee968abe78d2a0a88c090c687%3BoriginPrice%3A68800000%3BdisplayPrice%3A68800000%3BisGray%3Afalse%3BsinglePromotionId%3A-1%3BsingleToolCode%3AmockedSalePrice%3BvoucherPricePlugin%3A0%3Btimestamp%3A1780167465147&ratingscore=4.46643109540636&request_id=2cc5dbdee968abe78d2a0a88c090c687&review=566&sale=1063&search=1&source=search&spm=a2o4j.searchlist.list.2&stock=1","","terimakasih paket datang dengan selamat 
semuanya bagus 
terimakasih","2025-11-12"
"1780196625-107","https://www.lazada.co.id/products/pdp-i8608700849-s16013570474.html?c=&channelLpJumpArgs=&clickTrackInfo=query%253Ahp%252Bhdc%252Bvivo%253Bnid%253A8608700849%253Bsrc%253ALazadaMainSrp%253Brn%253A2cc5dbdee968abe78d2a0a88c090c687%253Bregion%253Aid%253Bsku%253A8608700849_ID%253Bprice%253A688000%253Bclient%253Adesktop%253Bsupplier_id%253A401099536002%253Bsession_id%253A%253Bbiz_source%253Ah5_internal%253Bslot%253A2%253Butlog_bucket_id%253A470687%253Basc_category_id%253A10100333%253Bitem_id%253A8608700849%253Bsku_id%253A16013570474%253Bshop_id%253A6307054%253BtemplateInfo%253A107879_A3_C_E%2523&freeshipping=1&fs_ab=2&fuse_fs=&lang=id&location=Kab.%20Tangerang&price=6.88E%205&priceCompare=skuId%3A16013570474%3Bsource%3Alazada-search-voucher%3Bsn%3A2cc5dbdee968abe78d2a0a88c090c687%3BoriginPrice%3A68800000%3BdisplayPrice%3A68800000%3BisGray%3Afalse%3BsinglePromotionId%3A-1%3BsingleToolCode%3AmockedSalePrice%3BvoucherPricePlugin%3A0%3Btimestamp%3A1780167465147&ratingscore=4.46643109540636&request_id=2cc5dbdee968abe78d2a0a88c090c687&review=566&sale=1063&search=1&source=search&spm=a2o4j.searchlist.list.2&stock=1","","kemudahan penggunaan:","2025-11-14"
"1780196625-108","https://www.lazada.co.id/products/pdp-i8608700849-s16013570474.html?c=&channelLpJumpArgs=&clickTrackInfo=query%253Ahp%252Bhdc%252Bvivo%253Bnid%253A8608700849%253Bsrc%253ALazadaMainSrp%253Brn%253A2cc5dbdee968abe78d2a0a88c090c687%253Bregion%253Aid%253Bsku%253A8608700849_ID%253Bprice%253A688000%253Bclient%253Adesktop%253Bsupplier_id%253A401099536002%253Bsession_id%253A%253Bbiz_source%253Ah5_internal%253Bslot%253A2%253Butlog_bucket_id%253A470687%253Basc_category_id%253A10100333%253Bitem_id%253A8608700849%253Bsku_id%253A16013570474%253Bshop_id%253A6307054%253BtemplateInfo%253A107879_A3_C_E%2523&freeshipping=1&fs_ab=2&fuse_fs=&lang=id&location=Kab.%20Tangerang&price=6.88E%205&priceCompare=skuId%3A16013570474%3Bsource%3Alazada-search-voucher%3Bsn%3A2cc5dbdee968abe78d2a0a88c090c687%3BoriginPrice%3A68800000%3BdisplayPrice%3A68800000%3BisGray%3Afalse%3BsinglePromotionId%3A-1%3BsingleToolCode%3AmockedSalePrice%3BvoucherPricePlugin%3A0%3Btimestamp%3A1780167465147&ratingscore=4.46643109540636&request_id=2cc5dbdee968abe78d2a0a88c090c687&review=566&sale=1063&search=1&source=search&spm=a2o4j.searchlist.list.2&stock=1","","barang datang dengan baik,respon penjual oc, semoga hppnya awet bisa buat langganan","2025-10-29"
"1780196625-109","https://www.lazada.co.id/products/pdp-i8608700849-s16013570474.html?c=&channelLpJumpArgs=&clickTrackInfo=query%253Ahp%252Bhdc%252Bvivo%253Bnid%253A8608700849%253Bsrc%253ALazadaMainSrp%253Brn%253A2cc5dbdee968abe78d2a0a88c090c687%253Bregion%253Aid%253Bsku%253A8608700849_ID%253Bprice%253A688000%253Bclient%253Adesktop%253Bsupplier_id%253A401099536002%253Bsession_id%253A%253Bbiz_source%253Ah5_internal%253Bslot%253A2%253Butlog_bucket_id%253A470687%253Basc_category_id%253A10100333%253Bitem_id%253A8608700849%253Bsku_id%253A16013570474%253Bshop_id%253A6307054%253BtemplateInfo%253A107879_A3_C_E%2523&freeshipping=1&fs_ab=2&fuse_fs=&lang=id&location=Kab.%20Tangerang&price=6.88E%205&priceCompare=skuId%3A16013570474%3Bsource%3Alazada-search-voucher%3Bsn%3A2cc5dbdee968abe78d2a0a88c090c687%3BoriginPrice%3A68800000%3BdisplayPrice%3A68800000%3BisGray%3Afalse%3BsinglePromotionId%3A-1%3BsingleToolCode%3AmockedSalePrice%3BvoucherPricePlugin%3A0%3Btimestamp%3A1780167465147&ratingscore=4.46643109540636&request_id=2cc5dbdee968abe78d2a0a88c090c687&review=566&sale=1063&search=1&source=search&spm=a2o4j.searchlist.list.2&stock=1","","bintang yang bicara.. berpungsi semoga awet","2025-12-21"
"1780196625-110","https://www.lazada.co.id/products/pdp-i8608700849-s16013570474.html?c=&channelLpJumpArgs=&clickTrackInfo=query%253Ahp%252Bhdc%252Bvivo%253Bnid%253A8608700849%253Bsrc%253ALazadaMainSrp%253Brn%253A2cc5dbdee968abe78d2a0a88c090c687%253Bregion%253Aid%253Bsku%253A8608700849_ID%253Bprice%253A688000%253Bclient%253Adesktop%253Bsupplier_id%253A401099536002%253Bsession_id%253A%253Bbiz_source%253Ah5_internal%253Bslot%253A2%253Butlog_bucket_id%253A470687%253Basc_category_id%253A10100333%253Bitem_id%253A8608700849%253Bsku_id%253A16013570474%253Bshop_id%253A6307054%253BtemplateInfo%253A107879_A3_C_E%2523&freeshipping=1&fs_ab=2&fuse_fs=&lang=id&location=Kab.%20Tangerang&price=6.88E%205&priceCompare=skuId%3A16013570474%3Bsource%3Alazada-search-voucher%3Bsn%3A2cc5dbdee968abe78d2a0a88c090c687%3BoriginPrice%3A68800000%3BdisplayPrice%3A68800000%3BisGray%3Afalse%3BsinglePromotionId%3A-1%3BsingleToolCode%3AmockedSalePrice%3BvoucherPricePlugin%3A0%3Btimestamp%3A1780167465147&ratingscore=4.46643109540636&request_id=2cc5dbdee968abe78d2a0a88c090c687&review=566&sale=1063&search=1&source=search&spm=a2o4j.searchlist.list.2&stock=1","","kemudahan penggunaan:","2025-09-21"
"1780196625-111","https://www.lazada.co.id/products/pdp-i8608700849-s16013570474.html?c=&channelLpJumpArgs=&clickTrackInfo=query%253Ahp%252Bhdc%252Bvivo%253Bnid%253A8608700849%253Bsrc%253ALazadaMainSrp%253Brn%253A2cc5dbdee968abe78d2a0a88c090c687%253Bregion%253Aid%253Bsku%253A8608700849_ID%253Bprice%253A688000%253Bclient%253Adesktop%253Bsupplier_id%253A401099536002%253Bsession_id%253A%253Bbiz_source%253Ah5_internal%253Bslot%253A2%253Butlog_bucket_id%253A470687%253Basc_category_id%253A10100333%253Bitem_id%253A8608700849%253Bsku_id%253A16013570474%253Bshop_id%253A6307054%253BtemplateInfo%253A107879_A3_C_E%2523&freeshipping=1&fs_ab=2&fuse_fs=&lang=id&location=Kab.%20Tangerang&price=6.88E%205&priceCompare=skuId%3A16013570474%3Bsource%3Alazada-search-voucher%3Bsn%3A2cc5dbdee968abe78d2a0a88c090c687%3BoriginPrice%3A68800000%3BdisplayPrice%3A68800000%3BisGray%3Afalse%3BsinglePromotionId%3A-1%3BsingleToolCode%3AmockedSalePrice%3BvoucherPricePlugin%3A0%3Btimestamp%3A1780167465147&ratingscore=4.46643109540636&request_id=2cc5dbdee968abe78d2a0a88c090c687&review=566&sale=1063&search=1&source=search&spm=a2o4j.searchlist.list.2&stock=1","","Alhamdulillah paket udah sampai dn hasilnya memuaskan sesuai dengan apa yg di pesan, pengirimannya juga cepat.","2025-09-25"
"1780196625-112","https://www.lazada.co.id/products/pdp-i8608700849-s16013570474.html?c=&channelLpJumpArgs=&clickTrackInfo=query%253Ahp%252Bhdc%252Bvivo%253Bnid%253A8608700849%253Bsrc%253ALazadaMainSrp%253Brn%253A2cc5dbdee968abe78d2a0a88c090c687%253Bregion%253Aid%253Bsku%253A8608700849_ID%253Bprice%253A688000%253Bclient%253Adesktop%253Bsupplier_id%253A401099536002%253Bsession_id%253A%253Bbiz_source%253Ah5_internal%253Bslot%253A2%253Butlog_bucket_id%253A470687%253Basc_category_id%253A10100333%253Bitem_id%253A8608700849%253Bsku_id%253A16013570474%253Bshop_id%253A6307054%253BtemplateInfo%253A107879_A3_C_E%2523&freeshipping=1&fs_ab=2&fuse_fs=&lang=id&location=Kab.%20Tangerang&price=6.88E%205&priceCompare=skuId%3A16013570474%3Bsource%3Alazada-search-voucher%3Bsn%3A2cc5dbdee968abe78d2a0a88c090c687%3BoriginPrice%3A68800000%3BdisplayPrice%3A68800000%3BisGray%3Afalse%3BsinglePromotionId%3A-1%3BsingleToolCode%3AmockedSalePrice%3BvoucherPricePlugin%3A0%3Btimestamp%3A1780167465147&ratingscore=4.46643109540636&request_id=2cc5dbdee968abe78d2a0a88c090c687&review=566&sale=1063&search=1&source=search&spm=a2o4j.searchlist.list.2&stock=1","","penampilannya oke berfungsi normal, dg harga yg terjangkau bisa mendapatkan ponsel yg bagus, trimakasih 🙏","2025-09-24"
"1780196625-113","https://www.lazada.co.id/products/pdp-i8608700849-s16013570474.html?c=&channelLpJumpArgs=&clickTrackInfo=query%253Ahp%252Bhdc%252Bvivo%253Bnid%253A8608700849%253Bsrc%253ALazadaMainSrp%253Brn%253A2cc5dbdee968abe78d2a0a88c090c687%253Bregion%253Aid%253Bsku%253A8608700849_ID%253Bprice%253A688000%253Bclient%253Adesktop%253Bsupplier_id%253A401099536002%253Bsession_id%253A%253Bbiz_source%253Ah5_internal%253Bslot%253A2%253Butlog_bucket_id%253A470687%253Basc_category_id%253A10100333%253Bitem_id%253A8608700849%253Bsku_id%253A16013570474%253Bshop_id%253A6307054%253BtemplateInfo%253A107879_A3_C_E%2523&freeshipping=1&fs_ab=2&fuse_fs=&lang=id&location=Kab.%20Tangerang&price=6.88E%205&priceCompare=skuId%3A16013570474%3Bsource%3Alazada-search-voucher%3Bsn%3A2cc5dbdee968abe78d2a0a88c090c687%3BoriginPrice%3A68800000%3BdisplayPrice%3A68800000%3BisGray%3Afalse%3BsinglePromotionId%3A-1%3BsingleToolCode%3AmockedSalePrice%3BvoucherPricePlugin%3A0%3Btimestamp%3A1780167465147&ratingscore=4.46643109540636&request_id=2cc5dbdee968abe78d2a0a88c090c687&review=566&sale=1063&search=1&source=search&spm=a2o4j.searchlist.list.2&stock=1","","Pelindung kaca Baru, segel, dan bergaransi, Gorilla Glass 3, Baru, segel, dan bergaransi,","2025-10-09"
"1780196625-114","https://www.lazada.co.id/products/pdp-i8608700849-s16013570474.html?c=&channelLpJumpArgs=&clickTrackInfo=query%253Ahp%252Bhdc%252Bvivo%253Bnid%253A8608700849%253Bsrc%253ALazadaMainSrp%253Brn%253A2cc5dbdee968abe78d2a0a88c090c687%253Bregion%253Aid%253Bsku%253A8608700849_ID%253Bprice%253A688000%253Bclient%253Adesktop%253Bsupplier_id%253A401099536002%253Bsession_id%253A%253Bbiz_source%253Ah5_internal%253Bslot%253A2%253Butlog_bucket_id%253A470687%253Basc_category_id%253A10100333%253Bitem_id%253A8608700849%253Bsku_id%253A16013570474%253Bshop_id%253A6307054%253BtemplateInfo%253A107879_A3_C_E%2523&freeshipping=1&fs_ab=2&fuse_fs=&lang=id&location=Kab.%20Tangerang&price=6.88E%205&priceCompare=skuId%3A16013570474%3Bsource%3Alazada-search-voucher%3Bsn%3A2cc5dbdee968abe78d2a0a88c090c687%3BoriginPrice%3A68800000%3BdisplayPrice%3A68800000%3BisGray%3Afalse%3BsinglePromotionId%3A-1%3BsingleToolCode%3AmockedSalePrice%3BvoucherPricePlugin%3A0%3Btimestamp%3A1780167465147&ratingscore=4.46643109540636&request_id=2cc5dbdee968abe78d2a0a88c090c687&review=566&sale=1063&search=1&source=search&spm=a2o4j.searchlist.list.2&stock=1","","Desain bodi aluminium, Pelindung kaca Gorilla Glass 3,","2025-12-02"
"1780196625-115","https://www.lazada.co.id/products/pdp-i8608700849-s16013570474.html?c=&channelLpJumpArgs=&clickTrackInfo=query%253Ahp%252Bhdc%252Bvivo%253Bnid%253A8608700849%253Bsrc%253ALazadaMainSrp%253Brn%253A2cc5dbdee968abe78d2a0a88c090c687%253Bregion%253Aid%253Bsku%253A8608700849_ID%253Bprice%253A688000%253Bclient%253Adesktop%253Bsupplier_id%253A401099536002%253Bsession_id%253A%253Bbiz_source%253Ah5_internal%253Bslot%253A2%253Butlog_bucket_id%253A470687%253Basc_category_id%253A10100333%253Bitem_id%253A8608700849%253Bsku_id%253A16013570474%253Bshop_id%253A6307054%253BtemplateInfo%253A107879_A3_C_E%2523&freeshipping=1&fs_ab=2&fuse_fs=&lang=id&location=Kab.%20Tangerang&price=6.88E%205&priceCompare=skuId%3A16013570474%3Bsource%3Alazada-search-voucher%3Bsn%3A2cc5dbdee968abe78d2a0a88c090c687%3BoriginPrice%3A68800000%3BdisplayPrice%3A68800000%3BisGray%3Afalse%3BsinglePromotionId%3A-1%3BsingleToolCode%3AmockedSalePrice%3BvoucherPricePlugin%3A0%3Btimestamp%3A1780167465147&ratingscore=4.46643109540636&request_id=2cc5dbdee968abe78d2a0a88c090c687&review=566&sale=1063&search=1&source=search&spm=a2o4j.searchlist.list.2&stock=1","","sangat puas,barang sesuai pesanan. mksh ka","2025-12-19"
"1780196625-116","https://www.lazada.co.id/products/pdp-i8608700849-s16013570474.html?c=&channelLpJumpArgs=&clickTrackInfo=query%253Ahp%252Bhdc%252Bvivo%253Bnid%253A8608700849%253Bsrc%253ALazadaMainSrp%253Brn%253A2cc5dbdee968abe78d2a0a88c090c687%253Bregion%253Aid%253Bsku%253A8608700849_ID%253Bprice%253A688000%253Bclient%253Adesktop%253Bsupplier_id%253A401099536002%253Bsession_id%253A%253Bbiz_source%253Ah5_internal%253Bslot%253A2%253Butlog_bucket_id%253A470687%253Basc_category_id%253A10100333%253Bitem_id%253A8608700849%253Bsku_id%253A16013570474%253Bshop_id%253A6307054%253BtemplateInfo%253A107879_A3_C_E%2523&freeshipping=1&fs_ab=2&fuse_fs=&lang=id&location=Kab.%20Tangerang&price=6.88E%205&priceCompare=skuId%3A16013570474%3Bsource%3Alazada-search-voucher%3Bsn%3A2cc5dbdee968abe78d2a0a88c090c687%3BoriginPrice%3A68800000%3BdisplayPrice%3A68800000%3BisGray%3Afalse%3BsinglePromotionId%3A-1%3BsingleToolCode%3AmockedSalePrice%3BvoucherPricePlugin%3A0%3Btimestamp%3A1780167465147&ratingscore=4.46643109540636&request_id=2cc5dbdee968abe78d2a0a88c090c687&review=566&sale=1063&search=1&source=search&spm=a2o4j.searchlist.list.2&stock=1","","mantaaaaab lah hp baru masih segel, tapi agak ringan si sesuai lah dengan harga segitu,charger juga ga ori,tapi semoga awet wet wet..
Baru, segel, dan bergaransi, nanti order lg dah","2025-09-17"
"1780196625-117","https://www.lazada.co.id/products/pdp-i8608700849-s16013570474.html?c=&channelLpJumpArgs=&clickTrackInfo=query%253Ahp%252Bhdc%252Bvivo%253Bnid%253A8608700849%253Bsrc%253ALazadaMainSrp%253Brn%253A2cc5dbdee968abe78d2a0a88c090c687%253Bregion%253Aid%253Bsku%253A8608700849_ID%253Bprice%253A688000%253Bclient%253Adesktop%253Bsupplier_id%253A401099536002%253Bsession_id%253A%253Bbiz_source%253Ah5_internal%253Bslot%253A2%253Butlog_bucket_id%253A470687%253Basc_category_id%253A10100333%253Bitem_id%253A8608700849%253Bsku_id%253A16013570474%253Bshop_id%253A6307054%253BtemplateInfo%253A107879_A3_C_E%2523&freeshipping=1&fs_ab=2&fuse_fs=&lang=id&location=Kab.%20Tangerang&price=6.88E%205&priceCompare=skuId%3A16013570474%3Bsource%3Alazada-search-voucher%3Bsn%3A2cc5dbdee968abe78d2a0a88c090c687%3BoriginPrice%3A68800000%3BdisplayPrice%3A68800000%3BisGray%3Afalse%3BsinglePromotionId%3A-1%3BsingleToolCode%3AmockedSalePrice%3BvoucherPricePlugin%3A0%3Btimestamp%3A1780167465147&ratingscore=4.46643109540636&request_id=2cc5dbdee968abe78d2a0a88c090c687&review=566&sale=1063&search=1&source=search&spm=a2o4j.searchlist.list.2&stock=1","","terimakasih kak seler lazada juga kurir nya yg amanah dan pada baik paket nya sesuai yg d harapkan saya sangat suka","2025-09-15"
"1780196625-118","https://www.lazada.co.id/products/pdp-i8608700849-s16013570474.html?c=&channelLpJumpArgs=&clickTrackInfo=query%253Ahp%252Bhdc%252Bvivo%253Bnid%253A8608700849%253Bsrc%253ALazadaMainSrp%253Brn%253A2cc5dbdee968abe78d2a0a88c090c687%253Bregion%253Aid%253Bsku%253A8608700849_ID%253Bprice%253A688000%253Bclient%253Adesktop%253Bsupplier_id%253A401099536002%253Bsession_id%253A%253Bbiz_source%253Ah5_internal%253Bslot%253A2%253Butlog_bucket_id%253A470687%253Basc_category_id%253A10100333%253Bitem_id%253A8608700849%253Bsku_id%253A16013570474%253Bshop_id%253A6307054%253BtemplateInfo%253A107879_A3_C_E%2523&freeshipping=1&fs_ab=2&fuse_fs=&lang=id&location=Kab.%20Tangerang&price=6.88E%205&priceCompare=skuId%3A16013570474%3Bsource%3Alazada-search-voucher%3Bsn%3A2cc5dbdee968abe78d2a0a88c090c687%3BoriginPrice%3A68800000%3BdisplayPrice%3A68800000%3BisGray%3Afalse%3BsinglePromotionId%3A-1%3BsingleToolCode%3AmockedSalePrice%3BvoucherPricePlugin%3A0%3Btimestamp%3A1780167465147&ratingscore=4.46643109540636&request_id=2cc5dbdee968abe78d2a0a88c090c687&review=566&sale=1063&search=1&source=search&spm=a2o4j.searchlist.list.2&stock=1","","Alhamdulillah barang sesuai pesanan seller amanah sangat amanah pokonya mau beli lagi nex Kamera belakang 13MP dengan lampu kilat, Baru, segel, dan bergaransi,","2025-09-13"
"1780196625-119","https://www.lazada.co.id/products/pdp-i8608700849-s16013570474.html?c=&channelLpJumpArgs=&clickTrackInfo=query%253Ahp%252Bhdc%252Bvivo%253Bnid%253A8608700849%253Bsrc%253ALazadaMainSrp%253Brn%253A2cc5dbdee968abe78d2a0a88c090c687%253Bregion%253Aid%253Bsku%253A8608700849_ID%253Bprice%253A688000%253Bclient%253Adesktop%253Bsupplier_id%253A401099536002%253Bsession_id%253A%253Bbiz_source%253Ah5_internal%253Bslot%253A2%253Butlog_bucket_id%253A470687%253Basc_category_id%253A10100333%253Bitem_id%253A8608700849%253Bsku_id%253A16013570474%253Bshop_id%253A6307054%253BtemplateInfo%253A107879_A3_C_E%2523&freeshipping=1&fs_ab=2&fuse_fs=&lang=id&location=Kab.%20Tangerang&price=6.88E%205&priceCompare=skuId%3A16013570474%3Bsource%3Alazada-search-voucher%3Bsn%3A2cc5dbdee968abe78d2a0a88c090c687%3BoriginPrice%3A68800000%3BdisplayPrice%3A68800000%3BisGray%3Afalse%3BsinglePromotionId%3A-1%3BsingleToolCode%3AmockedSalePrice%3BvoucherPricePlugin%3A0%3Btimestamp%3A1780167465147&ratingscore=4.46643109540636&request_id=2cc5dbdee968abe78d2a0a88c090c687&review=566&sale=1063&search=1&source=search&spm=a2o4j.searchlist.list.2&stock=1","","br sempet review
pengiriman cepat
barang mulus
kelangkapan oke
fungsi normal
cukup puas dengan pelayanan  kurir dan toko","2025-09-19"
"1780196625-120","https://www.lazada.co.id/products/pdp-i8608700849-s16013570474.html?c=&channelLpJumpArgs=&clickTrackInfo=query%253Ahp%252Bhdc%252Bvivo%253Bnid%253A8608700849%253Bsrc%253ALazadaMainSrp%253Brn%253A2cc5dbdee968abe78d2a0a88c090c687%253Bregion%253Aid%253Bsku%253A8608700849_ID%253Bprice%253A688000%253Bclient%253Adesktop%253Bsupplier_id%253A401099536002%253Bsession_id%253A%253Bbiz_source%253Ah5_internal%253Bslot%253A2%253Butlog_bucket_id%253A470687%253Basc_category_id%253A10100333%253Bitem_id%253A8608700849%253Bsku_id%253A16013570474%253Bshop_id%253A6307054%253BtemplateInfo%253A107879_A3_C_E%2523&freeshipping=1&fs_ab=2&fuse_fs=&lang=id&location=Kab.%20Tangerang&price=6.88E%205&priceCompare=skuId%3A16013570474%3Bsource%3Alazada-search-voucher%3Bsn%3A2cc5dbdee968abe78d2a0a88c090c687%3BoriginPrice%3A68800000%3BdisplayPrice%3A68800000%3BisGray%3Afalse%3BsinglePromotionId%3A-1%3BsingleToolCode%3AmockedSalePrice%3BvoucherPricePlugin%3A0%3Btimestamp%3A1780167465147&ratingscore=4.46643109540636&request_id=2cc5dbdee968abe78d2a0a88c090c687&review=566&sale=1063&search=1&source=search&spm=a2o4j.searchlist.list.2&stock=1","","Kapasitas baterai 3360mAh, Desain bodi aluminium, Pelindung kaca Gorilla Glass 3, Baru, segel, dan bergaransi,","2025-09-15"
"1780196625-121","https://www.lazada.co.id/products/pdp-i8608700849-s16013570474.html?c=&channelLpJumpArgs=&clickTrackInfo=query%253Ahp%252Bhdc%252Bvivo%253Bnid%253A8608700849%253Bsrc%253ALazadaMainSrp%253Brn%253A2cc5dbdee968abe78d2a0a88c090c687%253Bregion%253Aid%253Bsku%253A8608700849_ID%253Bprice%253A688000%253Bclient%253Adesktop%253Bsupplier_id%253A401099536002%253Bsession_id%253A%253Bbiz_source%253Ah5_internal%253Bslot%253A2%253Butlog_bucket_id%253A470687%253Basc_category_id%253A10100333%253Bitem_id%253A8608700849%253Bsku_id%253A16013570474%253Bshop_id%253A6307054%253BtemplateInfo%253A107879_A3_C_E%2523&freeshipping=1&fs_ab=2&fuse_fs=&lang=id&location=Kab.%20Tangerang&price=6.88E%205&priceCompare=skuId%3A16013570474%3Bsource%3Alazada-search-voucher%3Bsn%3A2cc5dbdee968abe78d2a0a88c090c687%3BoriginPrice%3A68800000%3BdisplayPrice%3A68800000%3BisGray%3Afalse%3BsinglePromotionId%3A-1%3BsingleToolCode%3AmockedSalePrice%3BvoucherPricePlugin%3A0%3Btimestamp%3A1780167465147&ratingscore=4.46643109540636&request_id=2cc5dbdee968abe78d2a0a88c090c687&review=566&sale=1063&search=1&source=search&spm=a2o4j.searchlist.list.2&stock=1","","Alhamdulillah.... sudah sampai di lokasi kecamatan pakis kabupaten Malang...❤️😍😁😁🇮🇩🇮🇩
paket belum di buka.. masih di simpan dulu karena belum di pakai sekarang...
pengiriman: ngeri... cepat bgt , JKT - kab. malang cuma 2 hari 😁😁😁👍, biasanya standart 3 - 4 hari... orang masih nyuci ehh..tau"" datang paketnya..., yang jualan pinter... harga di murah in di kasih diskon+ lazkoin..., 202.500 rupiah lohhh... dapet nya...hp canggih..ram gede.... Alhamdulillah 🙏🙏🙏
makasih seller....👍👍👍 manteb.. mudah ""an berkah usaha lancar... ingat sholat 5 waktu....
makasih juga buat lazada... lazada oke 👍👍","2025-09-15"
"1780196625-122","https://www.lazada.co.id/products/pdp-i8608700849-s16013570474.html?c=&channelLpJumpArgs=&clickTrackInfo=query%253Ahp%252Bhdc%252Bvivo%253Bnid%253A8608700849%253Bsrc%253ALazadaMainSrp%253Brn%253A2cc5dbdee968abe78d2a0a88c090c687%253Bregion%253Aid%253Bsku%253A8608700849_ID%253Bprice%253A688000%253Bclient%253Adesktop%253Bsupplier_id%253A401099536002%253Bsession_id%253A%253Bbiz_source%253Ah5_internal%253Bslot%253A2%253Butlog_bucket_id%253A470687%253Basc_category_id%253A10100333%253Bitem_id%253A8608700849%253Bsku_id%253A16013570474%253Bshop_id%253A6307054%253BtemplateInfo%253A107879_A3_C_E%2523&freeshipping=1&fs_ab=2&fuse_fs=&lang=id&location=Kab.%20Tangerang&price=6.88E%205&priceCompare=skuId%3A16013570474%3Bsource%3Alazada-search-voucher%3Bsn%3A2cc5dbdee968abe78d2a0a88c090c687%3BoriginPrice%3A68800000%3BdisplayPrice%3A68800000%3BisGray%3Afalse%3BsinglePromotionId%3A-1%3BsingleToolCode%3AmockedSalePrice%3BvoucherPricePlugin%3A0%3Btimestamp%3A1780167465147&ratingscore=4.46643109540636&request_id=2cc5dbdee968abe78d2a0a88c090c687&review=566&sale=1063&search=1&source=search&spm=a2o4j.searchlist.list.2&stock=1","","Kapasitas baterai 3360mAh, Pelindung kaca Gorilla Glass 3, Pelindung kaca Gorilla Glass 3, Kamera belakang 13MP dengan lampu kilat,","2025-09-15"
"1780196625-123","https://www.lazada.co.id/products/pdp-i8608700849-s16013570474.html?c=&channelLpJumpArgs=&clickTrackInfo=query%253Ahp%252Bhdc%252Bvivo%253Bnid%253A8608700849%253Bsrc%253ALazadaMainSrp%253Brn%253A2cc5dbdee968abe78d2a0a88c090c687%253Bregion%253Aid%253Bsku%253A8608700849_ID%253Bprice%253A688000%253Bclient%253Adesktop%253Bsupplier_id%253A401099536002%253Bsession_id%253A%253Bbiz_source%253Ah5_internal%253Bslot%253A2%253Butlog_bucket_id%253A470687%253Basc_category_id%253A10100333%253Bitem_id%253A8608700849%253Bsku_id%253A16013570474%253Bshop_id%253A6307054%253BtemplateInfo%253A107879_A3_C_E%2523&freeshipping=1&fs_ab=2&fuse_fs=&lang=id&location=Kab.%20Tangerang&price=6.88E%205&priceCompare=skuId%3A16013570474%3Bsource%3Alazada-search-voucher%3Bsn%3A2cc5dbdee968abe78d2a0a88c090c687%3BoriginPrice%3A68800000%3BdisplayPrice%3A68800000%3BisGray%3Afalse%3BsinglePromotionId%3A-1%3BsingleToolCode%3AmockedSalePrice%3BvoucherPricePlugin%3A0%3Btimestamp%3A1780167465147&ratingscore=4.46643109540636&request_id=2cc5dbdee968abe78d2a0a88c090c687&review=566&sale=1063&search=1&source=search&spm=a2o4j.searchlist.list.2&stock=1","","Baru, segel, dan bergaransi, Desain bodi aluminium, Kapasitas baterai 3360mAh,","2025-10-17"
"1780196625-124","https://www.lazada.co.id/products/pdp-i8608700849-s16013570474.html?c=&channelLpJumpArgs=&clickTrackInfo=query%253Ahp%252Bhdc%252Bvivo%253Bnid%253A8608700849%253Bsrc%253ALazadaMainSrp%253Brn%253A2cc5dbdee968abe78d2a0a88c090c687%253Bregion%253Aid%253Bsku%253A8608700849_ID%253Bprice%253A688000%253Bclient%253Adesktop%253Bsupplier_id%253A401099536002%253Bsession_id%253A%253Bbiz_source%253Ah5_internal%253Bslot%253A2%253Butlog_bucket_id%253A470687%253Basc_category_id%253A10100333%253Bitem_id%253A8608700849%253Bsku_id%253A16013570474%253Bshop_id%253A6307054%253BtemplateInfo%253A107879_A3_C_E%2523&freeshipping=1&fs_ab=2&fuse_fs=&lang=id&location=Kab.%20Tangerang&price=6.88E%205&priceCompare=skuId%3A16013570474%3Bsource%3Alazada-search-voucher%3Bsn%3A2cc5dbdee968abe78d2a0a88c090c687%3BoriginPrice%3A68800000%3BdisplayPrice%3A68800000%3BisGray%3Afalse%3BsinglePromotionId%3A-1%3BsingleToolCode%3AmockedSalePrice%3BvoucherPricePlugin%3A0%3Btimestamp%3A1780167465147&ratingscore=4.46643109540636&request_id=2cc5dbdee968abe78d2a0a88c090c687&review=566&sale=1063&search=1&source=search&spm=a2o4j.searchlist.list.2&stock=1","","sudah diterima paketnya vivo Y71...kondisi hidup...semoga awet.....terimakasih, toko amanah..🙏🙏🙏","2025-09-12"
"1780196625-125","https://www.lazada.co.id/products/pdp-i8608700849-s16013570474.html?c=&channelLpJumpArgs=&clickTrackInfo=query%253Ahp%252Bhdc%252Bvivo%253Bnid%253A8608700849%253Bsrc%253ALazadaMainSrp%253Brn%253A2cc5dbdee968abe78d2a0a88c090c687%253Bregion%253Aid%253Bsku%253A8608700849_ID%253Bprice%253A688000%253Bclient%253Adesktop%253Bsupplier_id%253A401099536002%253Bsession_id%253A%253Bbiz_source%253Ah5_internal%253Bslot%253A2%253Butlog_bucket_id%253A470687%253Basc_category_id%253A10100333%253Bitem_id%253A8608700849%253Bsku_id%253A16013570474%253Bshop_id%253A6307054%253BtemplateInfo%253A107879_A3_C_E%2523&freeshipping=1&fs_ab=2&fuse_fs=&lang=id&location=Kab.%20Tangerang&price=6.88E%205&priceCompare=skuId%3A16013570474%3Bsource%3Alazada-search-voucher%3Bsn%3A2cc5dbdee968abe78d2a0a88c090c687%3BoriginPrice%3A68800000%3BdisplayPrice%3A68800000%3BisGray%3Afalse%3BsinglePromotionId%3A-1%3BsingleToolCode%3AmockedSalePrice%3BvoucherPricePlugin%3A0%3Btimestamp%3A1780167465147&ratingscore=4.46643109540636&request_id=2cc5dbdee968abe78d2a0a88c090c687&review=566&sale=1063&search=1&source=search&spm=a2o4j.searchlist.list.2&stock=1","","Baru, segel, dan bergaransi, Kamera belakang 13MP dengan lampu kilat, Kapasitas baterai 3360mAh, Pelindung kaca Gorilla Glass 3, Desain bodi aluminium,","2025-09-08"
"1780196625-126","https://www.lazada.co.id/products/pdp-i8608700849-s16013570474.html?c=&channelLpJumpArgs=&clickTrackInfo=query%253Ahp%252Bhdc%252Bvivo%253Bnid%253A8608700849%253Bsrc%253ALazadaMainSrp%253Brn%253A2cc5dbdee968abe78d2a0a88c090c687%253Bregion%253Aid%253Bsku%253A8608700849_ID%253Bprice%253A688000%253Bclient%253Adesktop%253Bsupplier_id%253A401099536002%253Bsession_id%253A%253Bbiz_source%253Ah5_internal%253Bslot%253A2%253Butlog_bucket_id%253A470687%253Basc_category_id%253A10100333%253Bitem_id%253A8608700849%253Bsku_id%253A16013570474%253Bshop_id%253A6307054%253BtemplateInfo%253A107879_A3_C_E%2523&freeshipping=1&fs_ab=2&fuse_fs=&lang=id&location=Kab.%20Tangerang&price=6.88E%205&priceCompare=skuId%3A16013570474%3Bsource%3Alazada-search-voucher%3Bsn%3A2cc5dbdee968abe78d2a0a88c090c687%3BoriginPrice%3A68800000%3BdisplayPrice%3A68800000%3BisGray%3Afalse%3BsinglePromotionId%3A-1%3BsingleToolCode%3AmockedSalePrice%3BvoucherPricePlugin%3A0%3Btimestamp%3A1780167465147&ratingscore=4.46643109540636&request_id=2cc5dbdee968abe78d2a0a88c090c687&review=566&sale=1063&search=1&source=search&spm=a2o4j.searchlist.list.2&stock=1","","Desain bodi aluminium, Baru, segel, dan bergaransi moga awet, ini lagi di pake ngetik bagus lah","2025-09-25"
"1780196625-127","https://www.lazada.co.id/products/pdp-i8608700849-s16013570474.html?c=&channelLpJumpArgs=&clickTrackInfo=query%253Ahp%252Bhdc%252Bvivo%253Bnid%253A8608700849%253Bsrc%253ALazadaMainSrp%253Brn%253A2cc5dbdee968abe78d2a0a88c090c687%253Bregion%253Aid%253Bsku%253A8608700849_ID%253Bprice%253A688000%253Bclient%253Adesktop%253Bsupplier_id%253A401099536002%253Bsession_id%253A%253Bbiz_source%253Ah5_internal%253Bslot%253A2%253Butlog_bucket_id%253A470687%253Basc_category_id%253A10100333%253Bitem_id%253A8608700849%253Bsku_id%253A16013570474%253Bshop_id%253A6307054%253BtemplateInfo%253A107879_A3_C_E%2523&freeshipping=1&fs_ab=2&fuse_fs=&lang=id&location=Kab.%20Tangerang&price=6.88E%205&priceCompare=skuId%3A16013570474%3Bsource%3Alazada-search-voucher%3Bsn%3A2cc5dbdee968abe78d2a0a88c090c687%3BoriginPrice%3A68800000%3BdisplayPrice%3A68800000%3BisGray%3Afalse%3BsinglePromotionId%3A-1%3BsingleToolCode%3AmockedSalePrice%3BvoucherPricePlugin%3A0%3Btimestamp%3A1780167465147&ratingscore=4.46643109540636&request_id=2cc5dbdee968abe78d2a0a88c090c687&review=566&sale=1063&search=1&source=search&spm=a2o4j.searchlist.list.2&stock=1","","Desain bodi aluminium, Kamera belakang 13MP dengan lampu kilat, Pelindung kaca Gorilla Glass 3,","2025-09-13"
"1780196625-128","https://www.lazada.co.id/products/pdp-i8608700849-s16013570474.html?c=&channelLpJumpArgs=&clickTrackInfo=query%253Ahp%252Bhdc%252Bvivo%253Bnid%253A8608700849%253Bsrc%253ALazadaMainSrp%253Brn%253A2cc5dbdee968abe78d2a0a88c090c687%253Bregion%253Aid%253Bsku%253A8608700849_ID%253Bprice%253A688000%253Bclient%253Adesktop%253Bsupplier_id%253A401099536002%253Bsession_id%253A%253Bbiz_source%253Ah5_internal%253Bslot%253A2%253Butlog_bucket_id%253A470687%253Basc_category_id%253A10100333%253Bitem_id%253A8608700849%253Bsku_id%253A16013570474%253Bshop_id%253A6307054%253BtemplateInfo%253A107879_A3_C_E%2523&freeshipping=1&fs_ab=2&fuse_fs=&lang=id&location=Kab.%20Tangerang&price=6.88E%205&priceCompare=skuId%3A16013570474%3Bsource%3Alazada-search-voucher%3Bsn%3A2cc5dbdee968abe78d2a0a88c090c687%3BoriginPrice%3A68800000%3BdisplayPrice%3A68800000%3BisGray%3Afalse%3BsinglePromotionId%3A-1%3BsingleToolCode%3AmockedSalePrice%3BvoucherPricePlugin%3A0%3Btimestamp%3A1780167465147&ratingscore=4.46643109540636&request_id=2cc5dbdee968abe78d2a0a88c090c687&review=566&sale=1063&search=1&source=search&spm=a2o4j.searchlist.list.2&stock=1","","Baru, segel, dan bergaransi, Kamera belakang 13MP dengan lampu kilat, Desain bodi aluminium,","2025-09-19"
"1780196625-129","https://www.lazada.co.id/products/pdp-i8608700849-s16013570474.html?c=&channelLpJumpArgs=&clickTrackInfo=query%253Ahp%252Bhdc%252Bvivo%253Bnid%253A8608700849%253Bsrc%253ALazadaMainSrp%253Brn%253A2cc5dbdee968abe78d2a0a88c090c687%253Bregion%253Aid%253Bsku%253A8608700849_ID%253Bprice%253A688000%253Bclient%253Adesktop%253Bsupplier_id%253A401099536002%253Bsession_id%253A%253Bbiz_source%253Ah5_internal%253Bslot%253A2%253Butlog_bucket_id%253A470687%253Basc_category_id%253A10100333%253Bitem_id%253A8608700849%253Bsku_id%253A16013570474%253Bshop_id%253A6307054%253BtemplateInfo%253A107879_A3_C_E%2523&freeshipping=1&fs_ab=2&fuse_fs=&lang=id&location=Kab.%20Tangerang&price=6.88E%205&priceCompare=skuId%3A16013570474%3Bsource%3Alazada-search-voucher%3Bsn%3A2cc5dbdee968abe78d2a0a88c090c687%3BoriginPrice%3A68800000%3BdisplayPrice%3A68800000%3BisGray%3Afalse%3BsinglePromotionId%3A-1%3BsingleToolCode%3AmockedSalePrice%3BvoucherPricePlugin%3A0%3Btimestamp%3A1780167465147&ratingscore=4.46643109540636&request_id=2cc5dbdee968abe78d2a0a88c090c687&review=566&sale=1063&search=1&source=search&spm=a2o4j.searchlist.list.2&stock=1","","terimakasih banyak ya boss","2025-12-27"
"1780196625-130","https://www.lazada.co.id/products/pdp-i8608700849-s16013570474.html?c=&channelLpJumpArgs=&clickTrackInfo=query%253Ahp%252Bhdc%252Bvivo%253Bnid%253A8608700849%253Bsrc%253ALazadaMainSrp%253Brn%253A2cc5dbdee968abe78d2a0a88c090c687%253Bregion%253Aid%253Bsku%253A8608700849_ID%253Bprice%253A688000%253Bclient%253Adesktop%253Bsupplier_id%253A401099536002%253Bsession_id%253A%253Bbiz_source%253Ah5_internal%253Bslot%253A2%253Butlog_bucket_id%253A470687%253Basc_category_id%253A10100333%253Bitem_id%253A8608700849%253Bsku_id%253A16013570474%253Bshop_id%253A6307054%253BtemplateInfo%253A107879_A3_C_E%2523&freeshipping=1&fs_ab=2&fuse_fs=&lang=id&location=Kab.%20Tangerang&price=6.88E%205&priceCompare=skuId%3A16013570474%3Bsource%3Alazada-search-voucher%3Bsn%3A2cc5dbdee968abe78d2a0a88c090c687%3BoriginPrice%3A68800000%3BdisplayPrice%3A68800000%3BisGray%3Afalse%3BsinglePromotionId%3A-1%3BsingleToolCode%3AmockedSalePrice%3BvoucherPricePlugin%3A0%3Btimestamp%3A1780167465147&ratingscore=4.46643109540636&request_id=2cc5dbdee968abe78d2a0a88c090c687&review=566&sale=1063&search=1&source=search&spm=a2o4j.searchlist.list.2&stock=1","","bagus.. normal mantab lah pokok nya..
seller top.. 
keri keri keri.. 😂😂😂","2025-10-16"
"1780196625-131","https://www.lazada.co.id/products/pdp-i8608700849-s16013570474.html?c=&channelLpJumpArgs=&clickTrackInfo=query%253Ahp%252Bhdc%252Bvivo%253Bnid%253A8608700849%253Bsrc%253ALazadaMainSrp%253Brn%253A2cc5dbdee968abe78d2a0a88c090c687%253Bregion%253Aid%253Bsku%253A8608700849_ID%253Bprice%253A688000%253Bclient%253Adesktop%253Bsupplier_id%253A401099536002%253Bsession_id%253A%253Bbiz_source%253Ah5_internal%253Bslot%253A2%253Butlog_bucket_id%253A470687%253Basc_category_id%253A10100333%253Bitem_id%253A8608700849%253Bsku_id%253A16013570474%253Bshop_id%253A6307054%253BtemplateInfo%253A107879_A3_C_E%2523&freeshipping=1&fs_ab=2&fuse_fs=&lang=id&location=Kab.%20Tangerang&price=6.88E%205&priceCompare=skuId%3A16013570474%3Bsource%3Alazada-search-voucher%3Bsn%3A2cc5dbdee968abe78d2a0a88c090c687%3BoriginPrice%3A68800000%3BdisplayPrice%3A68800000%3BisGray%3Afalse%3BsinglePromotionId%3A-1%3BsingleToolCode%3AmockedSalePrice%3BvoucherPricePlugin%3A0%3Btimestamp%3A1780167465147&ratingscore=4.46643109540636&request_id=2cc5dbdee968abe78d2a0a88c090c687&review=566&sale=1063&search=1&source=search&spm=a2o4j.searchlist.list.2&stock=1","","Baru, segel, dan bergaransi, Pelindung kaca Gorilla Glass 3, terima kasih","2025-10-11"
"1780196625-132","https://www.lazada.co.id/products/pdp-i8608700849-s16013570474.html?c=&channelLpJumpArgs=&clickTrackInfo=query%253Ahp%252Bhdc%252Bvivo%253Bnid%253A8608700849%253Bsrc%253ALazadaMainSrp%253Brn%253A2cc5dbdee968abe78d2a0a88c090c687%253Bregion%253Aid%253Bsku%253A8608700849_ID%253Bprice%253A688000%253Bclient%253Adesktop%253Bsupplier_id%253A401099536002%253Bsession_id%253A%253Bbiz_source%253Ah5_internal%253Bslot%253A2%253Butlog_bucket_id%253A470687%253Basc_category_id%253A10100333%253Bitem_id%253A8608700849%253Bsku_id%253A16013570474%253Bshop_id%253A6307054%253BtemplateInfo%253A107879_A3_C_E%2523&freeshipping=1&fs_ab=2&fuse_fs=&lang=id&location=Kab.%20Tangerang&price=6.88E%205&priceCompare=skuId%3A16013570474%3Bsource%3Alazada-search-voucher%3Bsn%3A2cc5dbdee968abe78d2a0a88c090c687%3BoriginPrice%3A68800000%3BdisplayPrice%3A68800000%3BisGray%3Afalse%3BsinglePromotionId%3A-1%3BsingleToolCode%3AmockedSalePrice%3BvoucherPricePlugin%3A0%3Btimestamp%3A1780167465147&ratingscore=4.46643109540636&request_id=2cc5dbdee968abe78d2a0a88c090c687&review=566&sale=1063&search=1&source=search&spm=a2o4j.searchlist.list.2&stock=1","","Baru, segel","2026-01-12"
"1780196625-133","https://www.lazada.co.id/products/pdp-i8608700849-s16013570474.html?c=&channelLpJumpArgs=&clickTrackInfo=query%253Ahp%252Bhdc%252Bvivo%253Bnid%253A8608700849%253Bsrc%253ALazadaMainSrp%253Brn%253A2cc5dbdee968abe78d2a0a88c090c687%253Bregion%253Aid%253Bsku%253A8608700849_ID%253Bprice%253A688000%253Bclient%253Adesktop%253Bsupplier_id%253A401099536002%253Bsession_id%253A%253Bbiz_source%253Ah5_internal%253Bslot%253A2%253Butlog_bucket_id%253A470687%253Basc_category_id%253A10100333%253Bitem_id%253A8608700849%253Bsku_id%253A16013570474%253Bshop_id%253A6307054%253BtemplateInfo%253A107879_A3_C_E%2523&freeshipping=1&fs_ab=2&fuse_fs=&lang=id&location=Kab.%20Tangerang&price=6.88E%205&priceCompare=skuId%3A16013570474%3Bsource%3Alazada-search-voucher%3Bsn%3A2cc5dbdee968abe78d2a0a88c090c687%3BoriginPrice%3A68800000%3BdisplayPrice%3A68800000%3BisGray%3Afalse%3BsinglePromotionId%3A-1%3BsingleToolCode%3AmockedSalePrice%3BvoucherPricePlugin%3A0%3Btimestamp%3A1780167465147&ratingscore=4.46643109540636&request_id=2cc5dbdee968abe78d2a0a88c090c687&review=566&sale=1063&search=1&source=search&spm=a2o4j.searchlist.list.2&stock=1","","sudah d terima dngan utuh..dan barang lumayan lah dngan harga segitu..","2026-03-09"
"1780196625-134","https://www.lazada.co.id/products/pdp-i8608700849-s16013570474.html?c=&channelLpJumpArgs=&clickTrackInfo=query%253Ahp%252Bhdc%252Bvivo%253Bnid%253A8608700849%253Bsrc%253ALazadaMainSrp%253Brn%253A2cc5dbdee968abe78d2a0a88c090c687%253Bregion%253Aid%253Bsku%253A8608700849_ID%253Bprice%253A688000%253Bclient%253Adesktop%253Bsupplier_id%253A401099536002%253Bsession_id%253A%253Bbiz_source%253Ah5_internal%253Bslot%253A2%253Butlog_bucket_id%253A470687%253Basc_category_id%253A10100333%253Bitem_id%253A8608700849%253Bsku_id%253A16013570474%253Bshop_id%253A6307054%253BtemplateInfo%253A107879_A3_C_E%2523&freeshipping=1&fs_ab=2&fuse_fs=&lang=id&location=Kab.%20Tangerang&price=6.88E%205&priceCompare=skuId%3A16013570474%3Bsource%3Alazada-search-voucher%3Bsn%3A2cc5dbdee968abe78d2a0a88c090c687%3BoriginPrice%3A68800000%3BdisplayPrice%3A68800000%3BisGray%3Afalse%3BsinglePromotionId%3A-1%3BsingleToolCode%3AmockedSalePrice%3BvoucherPricePlugin%3A0%3Btimestamp%3A1780167465147&ratingscore=4.46643109540636&request_id=2cc5dbdee968abe78d2a0a88c090c687&review=566&sale=1063&search=1&source=search&spm=a2o4j.searchlist.list.2&stock=1","","paket tlah tiba dan yang kedua kalinya,,kurir ramah dan amanah sukses selalu","2025-10-06"
"1780196625-135","https://www.lazada.co.id/products/pdp-i8608700849-s16013570474.html?c=&channelLpJumpArgs=&clickTrackInfo=query%253Ahp%252Bhdc%252Bvivo%253Bnid%253A8608700849%253Bsrc%253ALazadaMainSrp%253Brn%253A2cc5dbdee968abe78d2a0a88c090c687%253Bregion%253Aid%253Bsku%253A8608700849_ID%253Bprice%253A688000%253Bclient%253Adesktop%253Bsupplier_id%253A401099536002%253Bsession_id%253A%253Bbiz_source%253Ah5_internal%253Bslot%253A2%253Butlog_bucket_id%253A470687%253Basc_category_id%253A10100333%253Bitem_id%253A8608700849%253Bsku_id%253A16013570474%253Bshop_id%253A6307054%253BtemplateInfo%253A107879_A3_C_E%2523&freeshipping=1&fs_ab=2&fuse_fs=&lang=id&location=Kab.%20Tangerang&price=6.88E%205&priceCompare=skuId%3A16013570474%3Bsource%3Alazada-search-voucher%3Bsn%3A2cc5dbdee968abe78d2a0a88c090c687%3BoriginPrice%3A68800000%3BdisplayPrice%3A68800000%3BisGray%3Afalse%3BsinglePromotionId%3A-1%3BsingleToolCode%3AmockedSalePrice%3BvoucherPricePlugin%3A0%3Btimestamp%3A1780167465147&ratingscore=4.46643109540636&request_id=2cc5dbdee968abe78d2a0a88c090c687&review=566&sale=1063&search=1&source=search&spm=a2o4j.searchlist.list.2&stock=1","","Kapasitas baterai 3360mAh, Baru, segel, dan bergaransi,","2025-10-18"
"1780196625-136","https://www.lazada.co.id/products/pdp-i8608700849-s16013570474.html?c=&channelLpJumpArgs=&clickTrackInfo=query%253Ahp%252Bhdc%252Bvivo%253Bnid%253A8608700849%253Bsrc%253ALazadaMainSrp%253Brn%253A2cc5dbdee968abe78d2a0a88c090c687%253Bregion%253Aid%253Bsku%253A8608700849_ID%253Bprice%253A688000%253Bclient%253Adesktop%253Bsupplier_id%253A401099536002%253Bsession_id%253A%253Bbiz_source%253Ah5_internal%253Bslot%253A2%253Butlog_bucket_id%253A470687%253Basc_category_id%253A10100333%253Bitem_id%253A8608700849%253Bsku_id%253A16013570474%253Bshop_id%253A6307054%253BtemplateInfo%253A107879_A3_C_E%2523&freeshipping=1&fs_ab=2&fuse_fs=&lang=id&location=Kab.%20Tangerang&price=6.88E%205&priceCompare=skuId%3A16013570474%3Bsource%3Alazada-search-voucher%3Bsn%3A2cc5dbdee968abe78d2a0a88c090c687%3BoriginPrice%3A68800000%3BdisplayPrice%3A68800000%3BisGray%3Afalse%3BsinglePromotionId%3A-1%3BsingleToolCode%3AmockedSalePrice%3BvoucherPricePlugin%3A0%3Btimestamp%3A1780167465147&ratingscore=4.46643109540636&request_id=2cc5dbdee968abe78d2a0a88c090c687&review=566&sale=1063&search=1&source=search&spm=a2o4j.searchlist.list.2&stock=1","","mohon di tindak lanjuti return nya.. karena barang hp TDK sesuai.. tdk bisa di pakai TDK ada jaringan","2026-01-22"
"1780196625-137","https://www.lazada.co.id/products/pdp-i8608700849-s16013570474.html?c=&channelLpJumpArgs=&clickTrackInfo=query%253Ahp%252Bhdc%252Bvivo%253Bnid%253A8608700849%253Bsrc%253ALazadaMainSrp%253Brn%253A2cc5dbdee968abe78d2a0a88c090c687%253Bregion%253Aid%253Bsku%253A8608700849_ID%253Bprice%253A688000%253Bclient%253Adesktop%253Bsupplier_id%253A401099536002%253Bsession_id%253A%253Bbiz_source%253Ah5_internal%253Bslot%253A2%253Butlog_bucket_id%253A470687%253Basc_category_id%253A10100333%253Bitem_id%253A8608700849%253Bsku_id%253A16013570474%253Bshop_id%253A6307054%253BtemplateInfo%253A107879_A3_C_E%2523&freeshipping=1&fs_ab=2&fuse_fs=&lang=id&location=Kab.%20Tangerang&price=6.88E%205&priceCompare=skuId%3A16013570474%3Bsource%3Alazada-search-voucher%3Bsn%3A2cc5dbdee968abe78d2a0a88c090c687%3BoriginPrice%3A68800000%3BdisplayPrice%3A68800000%3BisGray%3Afalse%3BsinglePromotionId%3A-1%3BsingleToolCode%3AmockedSalePrice%3BvoucherPricePlugin%3A0%3Btimestamp%3A1780167465147&ratingscore=4.46643109540636&request_id=2cc5dbdee968abe78d2a0a88c090c687&review=566&sale=1063&search=1&source=search&spm=a2o4j.searchlist.list.2&stock=1","","Alhamdulillah sampenya cepet banget 
triBaru, segel, dan bergaransi, maakasih ka
respon sellernya juga cepet","2025-08-22"
"1780196625-138","https://www.lazada.co.id/products/pdp-i8608700849-s16013570474.html?c=&channelLpJumpArgs=&clickTrackInfo=query%253Ahp%252Bhdc%252Bvivo%253Bnid%253A8608700849%253Bsrc%253ALazadaMainSrp%253Brn%253A2cc5dbdee968abe78d2a0a88c090c687%253Bregion%253Aid%253Bsku%253A8608700849_ID%253Bprice%253A688000%253Bclient%253Adesktop%253Bsupplier_id%253A401099536002%253Bsession_id%253A%253Bbiz_source%253Ah5_internal%253Bslot%253A2%253Butlog_bucket_id%253A470687%253Basc_category_id%253A10100333%253Bitem_id%253A8608700849%253Bsku_id%253A16013570474%253Bshop_id%253A6307054%253BtemplateInfo%253A107879_A3_C_E%2523&freeshipping=1&fs_ab=2&fuse_fs=&lang=id&location=Kab.%20Tangerang&price=6.88E%205&priceCompare=skuId%3A16013570474%3Bsource%3Alazada-search-voucher%3Bsn%3A2cc5dbdee968abe78d2a0a88c090c687%3BoriginPrice%3A68800000%3BdisplayPrice%3A68800000%3BisGray%3Afalse%3BsinglePromotionId%3A-1%3BsingleToolCode%3AmockedSalePrice%3BvoucherPricePlugin%3A0%3Btimestamp%3A1780167465147&ratingscore=4.46643109540636&request_id=2cc5dbdee968abe78d2a0a88c090c687&review=566&sale=1063&search=1&source=search&spm=a2o4j.searchlist.list.2&stock=1","","kak kenapa gak ada sinyal nya","3 minggu lalu"
"1780196625-139","https://www.lazada.co.id/products/pdp-i8608700849-s16013570474.html?c=&channelLpJumpArgs=&clickTrackInfo=query%253Ahp%252Bhdc%252Bvivo%253Bnid%253A8608700849%253Bsrc%253ALazadaMainSrp%253Brn%253A2cc5dbdee968abe78d2a0a88c090c687%253Bregion%253Aid%253Bsku%253A8608700849_ID%253Bprice%253A688000%253Bclient%253Adesktop%253Bsupplier_id%253A401099536002%253Bsession_id%253A%253Bbiz_source%253Ah5_internal%253Bslot%253A2%253Butlog_bucket_id%253A470687%253Basc_category_id%253A10100333%253Bitem_id%253A8608700849%253Bsku_id%253A16013570474%253Bshop_id%253A6307054%253BtemplateInfo%253A107879_A3_C_E%2523&freeshipping=1&fs_ab=2&fuse_fs=&lang=id&location=Kab.%20Tangerang&price=6.88E%205&priceCompare=skuId%3A16013570474%3Bsource%3Alazada-search-voucher%3Bsn%3A2cc5dbdee968abe78d2a0a88c090c687%3BoriginPrice%3A68800000%3BdisplayPrice%3A68800000%3BisGray%3Afalse%3BsinglePromotionId%3A-1%3BsingleToolCode%3AmockedSalePrice%3BvoucherPricePlugin%3A0%3Btimestamp%3A1780167465147&ratingscore=4.46643109540636&request_id=2cc5dbdee968abe78d2a0a88c090c687&review=566&sale=1063&search=1&source=search&spm=a2o4j.searchlist.list.2&stock=1","","agak lemot mungkin karena harganya murah jadi sesuai sama harga yg penting bisa nyala","2025-09-15"
"1780196625-140","https://www.lazada.co.id/products/pdp-i8608700849-s16013570474.html?c=&channelLpJumpArgs=&clickTrackInfo=query%253Ahp%252Bhdc%252Bvivo%253Bnid%253A8608700849%253Bsrc%253ALazadaMainSrp%253Brn%253A2cc5dbdee968abe78d2a0a88c090c687%253Bregion%253Aid%253Bsku%253A8608700849_ID%253Bprice%253A688000%253Bclient%253Adesktop%253Bsupplier_id%253A401099536002%253Bsession_id%253A%253Bbiz_source%253Ah5_internal%253Bslot%253A2%253Butlog_bucket_id%253A470687%253Basc_category_id%253A10100333%253Bitem_id%253A8608700849%253Bsku_id%253A16013570474%253Bshop_id%253A6307054%253BtemplateInfo%253A107879_A3_C_E%2523&freeshipping=1&fs_ab=2&fuse_fs=&lang=id&location=Kab.%20Tangerang&price=6.88E%205&priceCompare=skuId%3A16013570474%3Bsource%3Alazada-search-voucher%3Bsn%3A2cc5dbdee968abe78d2a0a88c090c687%3BoriginPrice%3A68800000%3BdisplayPrice%3A68800000%3BisGray%3Afalse%3BsinglePromotionId%3A-1%3BsingleToolCode%3AmockedSalePrice%3BvoucherPricePlugin%3A0%3Btimestamp%3A1780167465147&ratingscore=4.46643109540636&request_id=2cc5dbdee968abe78d2a0a88c090c687&review=566&sale=1063&search=1&source=search&spm=a2o4j.searchlist.list.2&stock=1","","barang sesuai amanah","2025-12-19"
"1780196625-141","https://www.lazada.co.id/products/pdp-i8608700849-s16013570474.html?c=&channelLpJumpArgs=&clickTrackInfo=query%253Ahp%252Bhdc%252Bvivo%253Bnid%253A8608700849%253Bsrc%253ALazadaMainSrp%253Brn%253A2cc5dbdee968abe78d2a0a88c090c687%253Bregion%253Aid%253Bsku%253A8608700849_ID%253Bprice%253A688000%253Bclient%253Adesktop%253Bsupplier_id%253A401099536002%253Bsession_id%253A%253Bbiz_source%253Ah5_internal%253Bslot%253A2%253Butlog_bucket_id%253A470687%253Basc_category_id%253A10100333%253Bitem_id%253A8608700849%253Bsku_id%253A16013570474%253Bshop_id%253A6307054%253BtemplateInfo%253A107879_A3_C_E%2523&freeshipping=1&fs_ab=2&fuse_fs=&lang=id&location=Kab.%20Tangerang&price=6.88E%205&priceCompare=skuId%3A16013570474%3Bsource%3Alazada-search-voucher%3Bsn%3A2cc5dbdee968abe78d2a0a88c090c687%3BoriginPrice%3A68800000%3BdisplayPrice%3A68800000%3BisGray%3Afalse%3BsinglePromotionId%3A-1%3BsingleToolCode%3AmockedSalePrice%3BvoucherPricePlugin%3A0%3Btimestamp%3A1780167465147&ratingscore=4.46643109540636&request_id=2cc5dbdee968abe78d2a0a88c090c687&review=566&sale=1063&search=1&source=search&spm=a2o4j.searchlist.list.2&stock=1","","Baru, segel, dan bergaransi, Kamera belakang 13MP dengan lampu kilat,","2025-09-30"
"1780196625-142","https://www.lazada.co.id/products/pdp-i8608700849-s16013570474.html?c=&channelLpJumpArgs=&clickTrackInfo=query%253Ahp%252Bhdc%252Bvivo%253Bnid%253A8608700849%253Bsrc%253ALazadaMainSrp%253Brn%253A2cc5dbdee968abe78d2a0a88c090c687%253Bregion%253Aid%253Bsku%253A8608700849_ID%253Bprice%253A688000%253Bclient%253Adesktop%253Bsupplier_id%253A401099536002%253Bsession_id%253A%253Bbiz_source%253Ah5_internal%253Bslot%253A2%253Butlog_bucket_id%253A470687%253Basc_category_id%253A10100333%253Bitem_id%253A8608700849%253Bsku_id%253A16013570474%253Bshop_id%253A6307054%253BtemplateInfo%253A107879_A3_C_E%2523&freeshipping=1&fs_ab=2&fuse_fs=&lang=id&location=Kab.%20Tangerang&price=6.88E%205&priceCompare=skuId%3A16013570474%3Bsource%3Alazada-search-voucher%3Bsn%3A2cc5dbdee968abe78d2a0a88c090c687%3BoriginPrice%3A68800000%3BdisplayPrice%3A68800000%3BisGray%3Afalse%3BsinglePromotionId%3A-1%3BsingleToolCode%3AmockedSalePrice%3BvoucherPricePlugin%3A0%3Btimestamp%3A1780167465147&ratingscore=4.46643109540636&request_id=2cc5dbdee968abe78d2a0a88c090c687&review=566&sale=1063&search=1&source=search&spm=a2o4j.searchlist.list.2&stock=1","","sedikit kecewa minta warna putih 
yg dikirim hitam
mdh2an TDK ada kendala","2025-10-01"
"1780196625-143","https://www.lazada.co.id/products/pdp-i8608700849-s16013570474.html?c=&channelLpJumpArgs=&clickTrackInfo=query%253Ahp%252Bhdc%252Bvivo%253Bnid%253A8608700849%253Bsrc%253ALazadaMainSrp%253Brn%253A2cc5dbdee968abe78d2a0a88c090c687%253Bregion%253Aid%253Bsku%253A8608700849_ID%253Bprice%253A688000%253Bclient%253Adesktop%253Bsupplier_id%253A401099536002%253Bsession_id%253A%253Bbiz_source%253Ah5_internal%253Bslot%253A2%253Butlog_bucket_id%253A470687%253Basc_category_id%253A10100333%253Bitem_id%253A8608700849%253Bsku_id%253A16013570474%253Bshop_id%253A6307054%253BtemplateInfo%253A107879_A3_C_E%2523&freeshipping=1&fs_ab=2&fuse_fs=&lang=id&location=Kab.%20Tangerang&price=6.88E%205&priceCompare=skuId%3A16013570474%3Bsource%3Alazada-search-voucher%3Bsn%3A2cc5dbdee968abe78d2a0a88c090c687%3BoriginPrice%3A68800000%3BdisplayPrice%3A68800000%3BisGray%3Afalse%3BsinglePromotionId%3A-1%3BsingleToolCode%3AmockedSalePrice%3BvoucherPricePlugin%3A0%3Btimestamp%3A1780167465147&ratingscore=4.46643109540636&request_id=2cc5dbdee968abe78d2a0a88c090c687&review=566&sale=1063&search=1&source=search&spm=a2o4j.searchlist.list.2&stock=1","","mantap makasi","2025-12-30"
"1780196625-144","https://www.lazada.co.id/products/pdp-i8608700849-s16013570474.html?c=&channelLpJumpArgs=&clickTrackInfo=query%253Ahp%252Bhdc%252Bvivo%253Bnid%253A8608700849%253Bsrc%253ALazadaMainSrp%253Brn%253A2cc5dbdee968abe78d2a0a88c090c687%253Bregion%253Aid%253Bsku%253A8608700849_ID%253Bprice%253A688000%253Bclient%253Adesktop%253Bsupplier_id%253A401099536002%253Bsession_id%253A%253Bbiz_source%253Ah5_internal%253Bslot%253A2%253Butlog_bucket_id%253A470687%253Basc_category_id%253A10100333%253Bitem_id%253A8608700849%253Bsku_id%253A16013570474%253Bshop_id%253A6307054%253BtemplateInfo%253A107879_A3_C_E%2523&freeshipping=1&fs_ab=2&fuse_fs=&lang=id&location=Kab.%20Tangerang&price=6.88E%205&priceCompare=skuId%3A16013570474%3Bsource%3Alazada-search-voucher%3Bsn%3A2cc5dbdee968abe78d2a0a88c090c687%3BoriginPrice%3A68800000%3BdisplayPrice%3A68800000%3BisGray%3Afalse%3BsinglePromotionId%3A-1%3BsingleToolCode%3AmockedSalePrice%3BvoucherPricePlugin%3A0%3Btimestamp%3A1780167465147&ratingscore=4.46643109540636&request_id=2cc5dbdee968abe78d2a0a88c090c687&review=566&sale=1063&search=1&source=search&spm=a2o4j.searchlist.list.2&stock=1","","Desain bodi aluminium, Kamera belakang 13MP dengan lampu kilat,","2025-10-11"
"1780196625-145","https://www.lazada.co.id/products/pdp-i8608700849-s16013570474.html?c=&channelLpJumpArgs=&clickTrackInfo=query%253Ahp%252Bhdc%252Bvivo%253Bnid%253A8608700849%253Bsrc%253ALazadaMainSrp%253Brn%253A2cc5dbdee968abe78d2a0a88c090c687%253Bregion%253Aid%253Bsku%253A8608700849_ID%253Bprice%253A688000%253Bclient%253Adesktop%253Bsupplier_id%253A401099536002%253Bsession_id%253A%253Bbiz_source%253Ah5_internal%253Bslot%253A2%253Butlog_bucket_id%253A470687%253Basc_category_id%253A10100333%253Bitem_id%253A8608700849%253Bsku_id%253A16013570474%253Bshop_id%253A6307054%253BtemplateInfo%253A107879_A3_C_E%2523&freeshipping=1&fs_ab=2&fuse_fs=&lang=id&location=Kab.%20Tangerang&price=6.88E%205&priceCompare=skuId%3A16013570474%3Bsource%3Alazada-search-voucher%3Bsn%3A2cc5dbdee968abe78d2a0a88c090c687%3BoriginPrice%3A68800000%3BdisplayPrice%3A68800000%3BisGray%3Afalse%3BsinglePromotionId%3A-1%3BsingleToolCode%3AmockedSalePrice%3BvoucherPricePlugin%3A0%3Btimestamp%3A1780167465147&ratingscore=4.46643109540636&request_id=2cc5dbdee968abe78d2a0a88c090c687&review=566&sale=1063&search=1&source=search&spm=a2o4j.searchlist.list.2&stock=1","","semua dalam keadaan bagus speaker, kamera oke moga aja awet","2025-10-15"
"1780196625-146","https://www.lazada.co.id/products/pdp-i8608700849-s16013570474.html?c=&channelLpJumpArgs=&clickTrackInfo=query%253Ahp%252Bhdc%252Bvivo%253Bnid%253A8608700849%253Bsrc%253ALazadaMainSrp%253Brn%253A2cc5dbdee968abe78d2a0a88c090c687%253Bregion%253Aid%253Bsku%253A8608700849_ID%253Bprice%253A688000%253Bclient%253Adesktop%253Bsupplier_id%253A401099536002%253Bsession_id%253A%253Bbiz_source%253Ah5_internal%253Bslot%253A2%253Butlog_bucket_id%253A470687%253Basc_category_id%253A10100333%253Bitem_id%253A8608700849%253Bsku_id%253A16013570474%253Bshop_id%253A6307054%253BtemplateInfo%253A107879_A3_C_E%2523&freeshipping=1&fs_ab=2&fuse_fs=&lang=id&location=Kab.%20Tangerang&price=6.88E%205&priceCompare=skuId%3A16013570474%3Bsource%3Alazada-search-voucher%3Bsn%3A2cc5dbdee968abe78d2a0a88c090c687%3BoriginPrice%3A68800000%3BdisplayPrice%3A68800000%3BisGray%3Afalse%3BsinglePromotionId%3A-1%3BsingleToolCode%3AmockedSalePrice%3BvoucherPricePlugin%3A0%3Btimestamp%3A1780167465147&ratingscore=4.46643109540636&request_id=2cc5dbdee968abe78d2a0a88c090c687&review=566&sale=1063&search=1&source=search&spm=a2o4j.searchlist.list.2&stock=1","","Baru, segel, dan bergaransi, tapi knp y ini pas mo buat TLP vc,atau kirim pesan suara,g da suara y, mikrofon y jlk,g ada suara y SM sx,tp KLO buat YouTube ada,buat rekam suara pun g jln denyut y
awal buka baik semua,pas mo Wa,vc g da suara","2026-01-08"
"1780196625-147","https://www.lazada.co.id/products/pdp-i8608700849-s16013570474.html?c=&channelLpJumpArgs=&clickTrackInfo=query%253Ahp%252Bhdc%252Bvivo%253Bnid%253A8608700849%253Bsrc%253ALazadaMainSrp%253Brn%253A2cc5dbdee968abe78d2a0a88c090c687%253Bregion%253Aid%253Bsku%253A8608700849_ID%253Bprice%253A688000%253Bclient%253Adesktop%253Bsupplier_id%253A401099536002%253Bsession_id%253A%253Bbiz_source%253Ah5_internal%253Bslot%253A2%253Butlog_bucket_id%253A470687%253Basc_category_id%253A10100333%253Bitem_id%253A8608700849%253Bsku_id%253A16013570474%253Bshop_id%253A6307054%253BtemplateInfo%253A107879_A3_C_E%2523&freeshipping=1&fs_ab=2&fuse_fs=&lang=id&location=Kab.%20Tangerang&price=6.88E%205&priceCompare=skuId%3A16013570474%3Bsource%3Alazada-search-voucher%3Bsn%3A2cc5dbdee968abe78d2a0a88c090c687%3BoriginPrice%3A68800000%3BdisplayPrice%3A68800000%3BisGray%3Afalse%3BsinglePromotionId%3A-1%3BsingleToolCode%3AmockedSalePrice%3BvoucherPricePlugin%3A0%3Btimestamp%3A1780167465147&ratingscore=4.46643109540636&request_id=2cc5dbdee968abe78d2a0a88c090c687&review=566&sale=1063&search=1&source=search&spm=a2o4j.searchlist.list.2&stock=1","","hp y ok . ga kecewa blnja di toko ini. trmksih","2025-11-13"
"1780196625-148","https://www.lazada.co.id/products/pdp-i8608700849-s16013570474.html?c=&channelLpJumpArgs=&clickTrackInfo=query%253Ahp%252Bhdc%252Bvivo%253Bnid%253A8608700849%253Bsrc%253ALazadaMainSrp%253Brn%253A2cc5dbdee968abe78d2a0a88c090c687%253Bregion%253Aid%253Bsku%253A8608700849_ID%253Bprice%253A688000%253Bclient%253Adesktop%253Bsupplier_id%253A401099536002%253Bsession_id%253A%253Bbiz_source%253Ah5_internal%253Bslot%253A2%253Butlog_bucket_id%253A470687%253Basc_category_id%253A10100333%253Bitem_id%253A8608700849%253Bsku_id%253A16013570474%253Bshop_id%253A6307054%253BtemplateInfo%253A107879_A3_C_E%2523&freeshipping=1&fs_ab=2&fuse_fs=&lang=id&location=Kab.%20Tangerang&price=6.88E%205&priceCompare=skuId%3A16013570474%3Bsource%3Alazada-search-voucher%3Bsn%3A2cc5dbdee968abe78d2a0a88c090c687%3BoriginPrice%3A68800000%3BdisplayPrice%3A68800000%3BisGray%3Afalse%3BsinglePromotionId%3A-1%3BsingleToolCode%3AmockedSalePrice%3BvoucherPricePlugin%3A0%3Btimestamp%3A1780167465147&ratingscore=4.46643109540636&request_id=2cc5dbdee968abe78d2a0a88c090c687&review=566&sale=1063&search=1&source=search&spm=a2o4j.searchlist.list.2&stock=1","","Baru, segel, dan bergaransi, order yang ke 2 barang sesuai deskripsi, pengiriman cepat","2025-09-11"
"1780196625-149","https://www.lazada.co.id/products/pdp-i8608700849-s16013570474.html?c=&channelLpJumpArgs=&clickTrackInfo=query%253Ahp%252Bhdc%252Bvivo%253Bnid%253A8608700849%253Bsrc%253ALazadaMainSrp%253Brn%253A2cc5dbdee968abe78d2a0a88c090c687%253Bregion%253Aid%253Bsku%253A8608700849_ID%253Bprice%253A688000%253Bclient%253Adesktop%253Bsupplier_id%253A401099536002%253Bsession_id%253A%253Bbiz_source%253Ah5_internal%253Bslot%253A2%253Butlog_bucket_id%253A470687%253Basc_category_id%253A10100333%253Bitem_id%253A8608700849%253Bsku_id%253A16013570474%253Bshop_id%253A6307054%253BtemplateInfo%253A107879_A3_C_E%2523&freeshipping=1&fs_ab=2&fuse_fs=&lang=id&location=Kab.%20Tangerang&price=6.88E%205&priceCompare=skuId%3A16013570474%3Bsource%3Alazada-search-voucher%3Bsn%3A2cc5dbdee968abe78d2a0a88c090c687%3BoriginPrice%3A68800000%3BdisplayPrice%3A68800000%3BisGray%3Afalse%3BsinglePromotionId%3A-1%3BsingleToolCode%3AmockedSalePrice%3BvoucherPricePlugin%3A0%3Btimestamp%3A1780167465147&ratingscore=4.46643109540636&request_id=2cc5dbdee968abe78d2a0a88c090c687&review=566&sale=1063&search=1&source=search&spm=a2o4j.searchlist.list.2&stock=1","","Baru, segel, dan bergaransi, Pelindung kaca Gorilla Glass 3,","2025-10-08"
"1780196625-150","https://www.lazada.co.id/products/pdp-i8608700849-s16013570474.html?c=&channelLpJumpArgs=&clickTrackInfo=query%253Ahp%252Bhdc%252Bvivo%253Bnid%253A8608700849%253Bsrc%253ALazadaMainSrp%253Brn%253A2cc5dbdee968abe78d2a0a88c090c687%253Bregion%253Aid%253Bsku%253A8608700849_ID%253Bprice%253A688000%253Bclient%253Adesktop%253Bsupplier_id%253A401099536002%253Bsession_id%253A%253Bbiz_source%253Ah5_internal%253Bslot%253A2%253Butlog_bucket_id%253A470687%253Basc_category_id%253A10100333%253Bitem_id%253A8608700849%253Bsku_id%253A16013570474%253Bshop_id%253A6307054%253BtemplateInfo%253A107879_A3_C_E%2523&freeshipping=1&fs_ab=2&fuse_fs=&lang=id&location=Kab.%20Tangerang&price=6.88E%205&priceCompare=skuId%3A16013570474%3Bsource%3Alazada-search-voucher%3Bsn%3A2cc5dbdee968abe78d2a0a88c090c687%3BoriginPrice%3A68800000%3BdisplayPrice%3A68800000%3BisGray%3Afalse%3BsinglePromotionId%3A-1%3BsingleToolCode%3AmockedSalePrice%3BvoucherPricePlugin%3A0%3Btimestamp%3A1780167465147&ratingscore=4.46643109540636&request_id=2cc5dbdee968abe78d2a0a88c090c687&review=566&sale=1063&search=1&source=search&spm=a2o4j.searchlist.list.2&stock=1","","Very recommended seller. 
Produk sesuai deskripsi, produk baru segel box, proses cepat, aman sampai di tempat saya. Sangat puas, mau pesan lagi nanti.. Terimakasih","2025-07-12"
"1780196625-151","https://www.lazada.co.id/products/pdp-i8608700849-s16013570474.html?c=&channelLpJumpArgs=&clickTrackInfo=query%253Ahp%252Bhdc%252Bvivo%253Bnid%253A8608700849%253Bsrc%253ALazadaMainSrp%253Brn%253A2cc5dbdee968abe78d2a0a88c090c687%253Bregion%253Aid%253Bsku%253A8608700849_ID%253Bprice%253A688000%253Bclient%253Adesktop%253Bsupplier_id%253A401099536002%253Bsession_id%253A%253Bbiz_source%253Ah5_internal%253Bslot%253A2%253Butlog_bucket_id%253A470687%253Basc_category_id%253A10100333%253Bitem_id%253A8608700849%253Bsku_id%253A16013570474%253Bshop_id%253A6307054%253BtemplateInfo%253A107879_A3_C_E%2523&freeshipping=1&fs_ab=2&fuse_fs=&lang=id&location=Kab.%20Tangerang&price=6.88E%205&priceCompare=skuId%3A16013570474%3Bsource%3Alazada-search-voucher%3Bsn%3A2cc5dbdee968abe78d2a0a88c090c687%3BoriginPrice%3A68800000%3BdisplayPrice%3A68800000%3BisGray%3Afalse%3BsinglePromotionId%3A-1%3BsingleToolCode%3AmockedSalePrice%3BvoucherPricePlugin%3A0%3Btimestamp%3A1780167465147&ratingscore=4.46643109540636&request_id=2cc5dbdee968abe78d2a0a88c090c687&review=566&sale=1063&search=1&source=search&spm=a2o4j.searchlist.list.2&stock=1","","Baru, segel, dan bergaransi, Pelindung kaca Gorilla Glass 3,","2025-10-02"
"1780196625-152","https://www.lazada.co.id/products/pdp-i8608700849-s16013570474.html?c=&channelLpJumpArgs=&clickTrackInfo=query%253Ahp%252Bhdc%252Bvivo%253Bnid%253A8608700849%253Bsrc%253ALazadaMainSrp%253Brn%253A2cc5dbdee968abe78d2a0a88c090c687%253Bregion%253Aid%253Bsku%253A8608700849_ID%253Bprice%253A688000%253Bclient%253Adesktop%253Bsupplier_id%253A401099536002%253Bsession_id%253A%253Bbiz_source%253Ah5_internal%253Bslot%253A2%253Butlog_bucket_id%253A470687%253Basc_category_id%253A10100333%253Bitem_id%253A8608700849%253Bsku_id%253A16013570474%253Bshop_id%253A6307054%253BtemplateInfo%253A107879_A3_C_E%2523&freeshipping=1&fs_ab=2&fuse_fs=&lang=id&location=Kab.%20Tangerang&price=6.88E%205&priceCompare=skuId%3A16013570474%3Bsource%3Alazada-search-voucher%3Bsn%3A2cc5dbdee968abe78d2a0a88c090c687%3BoriginPrice%3A68800000%3BdisplayPrice%3A68800000%3BisGray%3Afalse%3BsinglePromotionId%3A-1%3BsingleToolCode%3AmockedSalePrice%3BvoucherPricePlugin%3A0%3Btimestamp%3A1780167465147&ratingscore=4.46643109540636&request_id=2cc5dbdee968abe78d2a0a88c090c687&review=566&sale=1063&search=1&source=search&spm=a2o4j.searchlist.list.2&stock=1","","hp nya bagus amanah penjualan nya semoga lancar trus","2025-10-13"
"1780196625-153","https://www.lazada.co.id/products/pdp-i8608700849-s16013570474.html?c=&channelLpJumpArgs=&clickTrackInfo=query%253Ahp%252Bhdc%252Bvivo%253Bnid%253A8608700849%253Bsrc%253ALazadaMainSrp%253Brn%253A2cc5dbdee968abe78d2a0a88c090c687%253Bregion%253Aid%253Bsku%253A8608700849_ID%253Bprice%253A688000%253Bclient%253Adesktop%253Bsupplier_id%253A401099536002%253Bsession_id%253A%253Bbiz_source%253Ah5_internal%253Bslot%253A2%253Butlog_bucket_id%253A470687%253Basc_category_id%253A10100333%253Bitem_id%253A8608700849%253Bsku_id%253A16013570474%253Bshop_id%253A6307054%253BtemplateInfo%253A107879_A3_C_E%2523&freeshipping=1&fs_ab=2&fuse_fs=&lang=id&location=Kab.%20Tangerang&price=6.88E%205&priceCompare=skuId%3A16013570474%3Bsource%3Alazada-search-voucher%3Bsn%3A2cc5dbdee968abe78d2a0a88c090c687%3BoriginPrice%3A68800000%3BdisplayPrice%3A68800000%3BisGray%3Afalse%3BsinglePromotionId%3A-1%3BsingleToolCode%3AmockedSalePrice%3BvoucherPricePlugin%3A0%3Btimestamp%3A1780167465147&ratingscore=4.46643109540636&request_id=2cc5dbdee968abe78d2a0a88c090c687&review=566&sale=1063&search=1&source=search&spm=a2o4j.searchlist.list.2&stock=1","","Kapasitas baterai 3360mAhPelindung kaca Gorilla Glass 3, , 6","2025-09-25"
"1780196625-154","https://www.lazada.co.id/products/pdp-i8608700849-s16013570474.html?c=&channelLpJumpArgs=&clickTrackInfo=query%253Ahp%252Bhdc%252Bvivo%253Bnid%253A8608700849%253Bsrc%253ALazadaMainSrp%253Brn%253A2cc5dbdee968abe78d2a0a88c090c687%253Bregion%253Aid%253Bsku%253A8608700849_ID%253Bprice%253A688000%253Bclient%253Adesktop%253Bsupplier_id%253A401099536002%253Bsession_id%253A%253Bbiz_source%253Ah5_internal%253Bslot%253A2%253Butlog_bucket_id%253A470687%253Basc_category_id%253A10100333%253Bitem_id%253A8608700849%253Bsku_id%253A16013570474%253Bshop_id%253A6307054%253BtemplateInfo%253A107879_A3_C_E%2523&freeshipping=1&fs_ab=2&fuse_fs=&lang=id&location=Kab.%20Tangerang&price=6.88E%205&priceCompare=skuId%3A16013570474%3Bsource%3Alazada-search-voucher%3Bsn%3A2cc5dbdee968abe78d2a0a88c090c687%3BoriginPrice%3A68800000%3BdisplayPrice%3A68800000%3BisGray%3Afalse%3BsinglePromotionId%3A-1%3BsingleToolCode%3AmockedSalePrice%3BvoucherPricePlugin%3A0%3Btimestamp%3A1780167465147&ratingscore=4.46643109540636&request_id=2cc5dbdee968abe78d2a0a88c090c687&review=566&sale=1063&search=1&source=search&spm=a2o4j.searchlist.list.2&stock=1","","oke mantul paket berfungsi dgn baik tidak ada kendala..smoga awet..recomended poko na mah hehe..trima kasih bos kuh","2025-07-22"
"1780196625-155","https://www.lazada.co.id/products/pdp-i8608700849-s16013570474.html?c=&channelLpJumpArgs=&clickTrackInfo=query%253Ahp%252Bhdc%252Bvivo%253Bnid%253A8608700849%253Bsrc%253ALazadaMainSrp%253Brn%253A2cc5dbdee968abe78d2a0a88c090c687%253Bregion%253Aid%253Bsku%253A8608700849_ID%253Bprice%253A688000%253Bclient%253Adesktop%253Bsupplier_id%253A401099536002%253Bsession_id%253A%253Bbiz_source%253Ah5_internal%253Bslot%253A2%253Butlog_bucket_id%253A470687%253Basc_category_id%253A10100333%253Bitem_id%253A8608700849%253Bsku_id%253A16013570474%253Bshop_id%253A6307054%253BtemplateInfo%253A107879_A3_C_E%2523&freeshipping=1&fs_ab=2&fuse_fs=&lang=id&location=Kab.%20Tangerang&price=6.88E%205&priceCompare=skuId%3A16013570474%3Bsource%3Alazada-search-voucher%3Bsn%3A2cc5dbdee968abe78d2a0a88c090c687%3BoriginPrice%3A68800000%3BdisplayPrice%3A68800000%3BisGray%3Afalse%3BsinglePromotionId%3A-1%3BsingleToolCode%3AmockedSalePrice%3BvoucherPricePlugin%3A0%3Btimestamp%3A1780167465147&ratingscore=4.46643109540636&request_id=2cc5dbdee968abe78d2a0a88c090c687&review=566&sale=1063&search=1&source=search&spm=a2o4j.searchlist.list.2&stock=1","","belum dicoba..kok restart terus ya","2025-11-01"
"1780196625-156","https://www.lazada.co.id/products/pdp-i8608700849-s16013570474.html?c=&channelLpJumpArgs=&clickTrackInfo=query%253Ahp%252Bhdc%252Bvivo%253Bnid%253A8608700849%253Bsrc%253ALazadaMainSrp%253Brn%253A2cc5dbdee968abe78d2a0a88c090c687%253Bregion%253Aid%253Bsku%253A8608700849_ID%253Bprice%253A688000%253Bclient%253Adesktop%253Bsupplier_id%253A401099536002%253Bsession_id%253A%253Bbiz_source%253Ah5_internal%253Bslot%253A2%253Butlog_bucket_id%253A470687%253Basc_category_id%253A10100333%253Bitem_id%253A8608700849%253Bsku_id%253A16013570474%253Bshop_id%253A6307054%253BtemplateInfo%253A107879_A3_C_E%2523&freeshipping=1&fs_ab=2&fuse_fs=&lang=id&location=Kab.%20Tangerang&price=6.88E%205&priceCompare=skuId%3A16013570474%3Bsource%3Alazada-search-voucher%3Bsn%3A2cc5dbdee968abe78d2a0a88c090c687%3BoriginPrice%3A68800000%3BdisplayPrice%3A68800000%3BisGray%3Afalse%3BsinglePromotionId%3A-1%3BsingleToolCode%3AmockedSalePrice%3BvoucherPricePlugin%3A0%3Btimestamp%3A1780167465147&ratingscore=4.46643109540636&request_id=2cc5dbdee968abe78d2a0a88c090c687&review=566&sale=1063&search=1&source=search&spm=a2o4j.searchlist.list.2&stock=1","","pokoke mantaplah tokonya...makasih banyak, 
sangat amanah....","2025-09-15"
"1780196625-157","https://www.lazada.co.id/products/pdp-i8608700849-s16013570474.html?c=&channelLpJumpArgs=&clickTrackInfo=query%253Ahp%252Bhdc%252Bvivo%253Bnid%253A8608700849%253Bsrc%253ALazadaMainSrp%253Brn%253A2cc5dbdee968abe78d2a0a88c090c687%253Bregion%253Aid%253Bsku%253A8608700849_ID%253Bprice%253A688000%253Bclient%253Adesktop%253Bsupplier_id%253A401099536002%253Bsession_id%253A%253Bbiz_source%253Ah5_internal%253Bslot%253A2%253Butlog_bucket_id%253A470687%253Basc_category_id%253A10100333%253Bitem_id%253A8608700849%253Bsku_id%253A16013570474%253Bshop_id%253A6307054%253BtemplateInfo%253A107879_A3_C_E%2523&freeshipping=1&fs_ab=2&fuse_fs=&lang=id&location=Kab.%20Tangerang&price=6.88E%205&priceCompare=skuId%3A16013570474%3Bsource%3Alazada-search-voucher%3Bsn%3A2cc5dbdee968abe78d2a0a88c090c687%3BoriginPrice%3A68800000%3BdisplayPrice%3A68800000%3BisGray%3Afalse%3BsinglePromotionId%3A-1%3BsingleToolCode%3AmockedSalePrice%3BvoucherPricePlugin%3A0%3Btimestamp%3A1780167465147&ratingscore=4.46643109540636&request_id=2cc5dbdee968abe78d2a0a88c090c687&review=566&sale=1063&search=1&source=search&spm=a2o4j.searchlist.list.2&stock=1","","sesuai pesanan, toko nya terpecaya, pengirimannya cpt , dpt hrg murah, Hp nya bagus dan msh mulus, Alhamdulillah nyala dan aman. ga tau ini Hp bekas atw br ya soalnya di dlm dus cm ada charger sm Hp aja. uda gitu Batre Hp nya uda 100% aja. semoga awet. thanks buat toko dan kurir nya. maaf video nya ga bs terpasang saat buka paket.","2025-07-12"
"1780196625-158","https://www.lazada.co.id/products/pdp-i8608700849-s16013570474.html?c=&channelLpJumpArgs=&clickTrackInfo=query%253Ahp%252Bhdc%252Bvivo%253Bnid%253A8608700849%253Bsrc%253ALazadaMainSrp%253Brn%253A2cc5dbdee968abe78d2a0a88c090c687%253Bregion%253Aid%253Bsku%253A8608700849_ID%253Bprice%253A688000%253Bclient%253Adesktop%253Bsupplier_id%253A401099536002%253Bsession_id%253A%253Bbiz_source%253Ah5_internal%253Bslot%253A2%253Butlog_bucket_id%253A470687%253Basc_category_id%253A10100333%253Bitem_id%253A8608700849%253Bsku_id%253A16013570474%253Bshop_id%253A6307054%253BtemplateInfo%253A107879_A3_C_E%2523&freeshipping=1&fs_ab=2&fuse_fs=&lang=id&location=Kab.%20Tangerang&price=6.88E%205&priceCompare=skuId%3A16013570474%3Bsource%3Alazada-search-voucher%3Bsn%3A2cc5dbdee968abe78d2a0a88c090c687%3BoriginPrice%3A68800000%3BdisplayPrice%3A68800000%3BisGray%3Afalse%3BsinglePromotionId%3A-1%3BsingleToolCode%3AmockedSalePrice%3BvoucherPricePlugin%3A0%3Btimestamp%3A1780167465147&ratingscore=4.46643109540636&request_id=2cc5dbdee968abe78d2a0a88c090c687&review=566&sale=1063&search=1&source=search&spm=a2o4j.searchlist.list.2&stock=1","","dah biar bintang yg berbicara..tetap amanah om,lancar jaya.aamiin","2025-09-10"
"1780196625-159","https://www.lazada.co.id/products/pdp-i8608700849-s16013570474.html?c=&channelLpJumpArgs=&clickTrackInfo=query%253Ahp%252Bhdc%252Bvivo%253Bnid%253A8608700849%253Bsrc%253ALazadaMainSrp%253Brn%253A2cc5dbdee968abe78d2a0a88c090c687%253Bregion%253Aid%253Bsku%253A8608700849_ID%253Bprice%253A688000%253Bclient%253Adesktop%253Bsupplier_id%253A401099536002%253Bsession_id%253A%253Bbiz_source%253Ah5_internal%253Bslot%253A2%253Butlog_bucket_id%253A470687%253Basc_category_id%253A10100333%253Bitem_id%253A8608700849%253Bsku_id%253A16013570474%253Bshop_id%253A6307054%253BtemplateInfo%253A107879_A3_C_E%2523&freeshipping=1&fs_ab=2&fuse_fs=&lang=id&location=Kab.%20Tangerang&price=6.88E%205&priceCompare=skuId%3A16013570474%3Bsource%3Alazada-search-voucher%3Bsn%3A2cc5dbdee968abe78d2a0a88c090c687%3BoriginPrice%3A68800000%3BdisplayPrice%3A68800000%3BisGray%3Afalse%3BsinglePromotionId%3A-1%3BsingleToolCode%3AmockedSalePrice%3BvoucherPricePlugin%3A0%3Btimestamp%3A1780167465147&ratingscore=4.46643109540636&request_id=2cc5dbdee968abe78d2a0a88c090c687&review=566&sale=1063&search=1&source=search&spm=a2o4j.searchlist.list.2&stock=1","","Baru, segel, dan bergaransi, Desain bodi aluminium, 
mantap","2025-09-12"
"1780196625-160","https://www.lazada.co.id/products/pdp-i8608700849-s16013570474.html?c=&channelLpJumpArgs=&clickTrackInfo=query%253Ahp%252Bhdc%252Bvivo%253Bnid%253A8608700849%253Bsrc%253ALazadaMainSrp%253Brn%253A2cc5dbdee968abe78d2a0a88c090c687%253Bregion%253Aid%253Bsku%253A8608700849_ID%253Bprice%253A688000%253Bclient%253Adesktop%253Bsupplier_id%253A401099536002%253Bsession_id%253A%253Bbiz_source%253Ah5_internal%253Bslot%253A2%253Butlog_bucket_id%253A470687%253Basc_category_id%253A10100333%253Bitem_id%253A8608700849%253Bsku_id%253A16013570474%253Bshop_id%253A6307054%253BtemplateInfo%253A107879_A3_C_E%2523&freeshipping=1&fs_ab=2&fuse_fs=&lang=id&location=Kab.%20Tangerang&price=6.88E%205&priceCompare=skuId%3A16013570474%3Bsource%3Alazada-search-voucher%3Bsn%3A2cc5dbdee968abe78d2a0a88c090c687%3BoriginPrice%3A68800000%3BdisplayPrice%3A68800000%3BisGray%3Afalse%3BsinglePromotionId%3A-1%3BsingleToolCode%3AmockedSalePrice%3BvoucherPricePlugin%3A0%3Btimestamp%3A1780167465147&ratingscore=4.46643109540636&request_id=2cc5dbdee968abe78d2a0a88c090c687&review=566&sale=1063&search=1&source=search&spm=a2o4j.searchlist.list.2&stock=1","","hp sudah sampe dan telah ku coba lumayan, dengan harga sangat murah makasih seler dan makasih buat kurirnya.","2025-07-10"
"1780196625-161","https://www.lazada.co.id/products/pdp-i8608700849-s16013570474.html?c=&channelLpJumpArgs=&clickTrackInfo=query%253Ahp%252Bhdc%252Bvivo%253Bnid%253A8608700849%253Bsrc%253ALazadaMainSrp%253Brn%253A2cc5dbdee968abe78d2a0a88c090c687%253Bregion%253Aid%253Bsku%253A8608700849_ID%253Bprice%253A688000%253Bclient%253Adesktop%253Bsupplier_id%253A401099536002%253Bsession_id%253A%253Bbiz_source%253Ah5_internal%253Bslot%253A2%253Butlog_bucket_id%253A470687%253Basc_category_id%253A10100333%253Bitem_id%253A8608700849%253Bsku_id%253A16013570474%253Bshop_id%253A6307054%253BtemplateInfo%253A107879_A3_C_E%2523&freeshipping=1&fs_ab=2&fuse_fs=&lang=id&location=Kab.%20Tangerang&price=6.88E%205&priceCompare=skuId%3A16013570474%3Bsource%3Alazada-search-voucher%3Bsn%3A2cc5dbdee968abe78d2a0a88c090c687%3BoriginPrice%3A68800000%3BdisplayPrice%3A68800000%3BisGray%3Afalse%3BsinglePromotionId%3A-1%3BsingleToolCode%3AmockedSalePrice%3BvoucherPricePlugin%3A0%3Btimestamp%3A1780167465147&ratingscore=4.46643109540636&request_id=2cc5dbdee968abe78d2a0a88c090c687&review=566&sale=1063&search=1&source=search&spm=a2o4j.searchlist.list.2&stock=1","","Baru, segel, dan bergaransi, Kapasitas baterai 3360mAh, terimakasih","2025-09-11"
"1780196625-162","https://www.lazada.co.id/products/pdp-i8608700849-s16013570474.html?c=&channelLpJumpArgs=&clickTrackInfo=query%253Ahp%252Bhdc%252Bvivo%253Bnid%253A8608700849%253Bsrc%253ALazadaMainSrp%253Brn%253A2cc5dbdee968abe78d2a0a88c090c687%253Bregion%253Aid%253Bsku%253A8608700849_ID%253Bprice%253A688000%253Bclient%253Adesktop%253Bsupplier_id%253A401099536002%253Bsession_id%253A%253Bbiz_source%253Ah5_internal%253Bslot%253A2%253Butlog_bucket_id%253A470687%253Basc_category_id%253A10100333%253Bitem_id%253A8608700849%253Bsku_id%253A16013570474%253Bshop_id%253A6307054%253BtemplateInfo%253A107879_A3_C_E%2523&freeshipping=1&fs_ab=2&fuse_fs=&lang=id&location=Kab.%20Tangerang&price=6.88E%205&priceCompare=skuId%3A16013570474%3Bsource%3Alazada-search-voucher%3Bsn%3A2cc5dbdee968abe78d2a0a88c090c687%3BoriginPrice%3A68800000%3BdisplayPrice%3A68800000%3BisGray%3Afalse%3BsinglePromotionId%3A-1%3BsingleToolCode%3AmockedSalePrice%3BvoucherPricePlugin%3A0%3Btimestamp%3A1780167465147&ratingscore=4.46643109540636&request_id=2cc5dbdee968abe78d2a0a88c090c687&review=566&sale=1063&search=1&source=search&spm=a2o4j.searchlist.list.2&stock=1","","ya bagus membantu","2025-11-23"
"1780196625-163","https://www.lazada.co.id/products/pdp-i8608700849-s16013570474.html?c=&channelLpJumpArgs=&clickTrackInfo=query%253Ahp%252Bhdc%252Bvivo%253Bnid%253A8608700849%253Bsrc%253ALazadaMainSrp%253Brn%253A2cc5dbdee968abe78d2a0a88c090c687%253Bregion%253Aid%253Bsku%253A8608700849_ID%253Bprice%253A688000%253Bclient%253Adesktop%253Bsupplier_id%253A401099536002%253Bsession_id%253A%253Bbiz_source%253Ah5_internal%253Bslot%253A2%253Butlog_bucket_id%253A470687%253Basc_category_id%253A10100333%253Bitem_id%253A8608700849%253Bsku_id%253A16013570474%253Bshop_id%253A6307054%253BtemplateInfo%253A107879_A3_C_E%2523&freeshipping=1&fs_ab=2&fuse_fs=&lang=id&location=Kab.%20Tangerang&price=6.88E%205&priceCompare=skuId%3A16013570474%3Bsource%3Alazada-search-voucher%3Bsn%3A2cc5dbdee968abe78d2a0a88c090c687%3BoriginPrice%3A68800000%3BdisplayPrice%3A68800000%3BisGray%3Afalse%3BsinglePromotionId%3A-1%3BsingleToolCode%3AmockedSalePrice%3BvoucherPricePlugin%3A0%3Btimestamp%3A1780167465147&ratingscore=4.46643109540636&request_id=2cc5dbdee968abe78d2a0a88c090c687&review=566&sale=1063&search=1&source=search&spm=a2o4j.searchlist.list.2&stock=1","","mantap Alhamdulillah","2025-09-26"
"1780196625-164","https://www.lazada.co.id/products/pdp-i8608700849-s16013570474.html?c=&channelLpJumpArgs=&clickTrackInfo=query%253Ahp%252Bhdc%252Bvivo%253Bnid%253A8608700849%253Bsrc%253ALazadaMainSrp%253Brn%253A2cc5dbdee968abe78d2a0a88c090c687%253Bregion%253Aid%253Bsku%253A8608700849_ID%253Bprice%253A688000%253Bclient%253Adesktop%253Bsupplier_id%253A401099536002%253Bsession_id%253A%253Bbiz_source%253Ah5_internal%253Bslot%253A2%253Butlog_bucket_id%253A470687%253Basc_category_id%253A10100333%253Bitem_id%253A8608700849%253Bsku_id%253A16013570474%253Bshop_id%253A6307054%253BtemplateInfo%253A107879_A3_C_E%2523&freeshipping=1&fs_ab=2&fuse_fs=&lang=id&location=Kab.%20Tangerang&price=6.88E%205&priceCompare=skuId%3A16013570474%3Bsource%3Alazada-search-voucher%3Bsn%3A2cc5dbdee968abe78d2a0a88c090c687%3BoriginPrice%3A68800000%3BdisplayPrice%3A68800000%3BisGray%3Afalse%3BsinglePromotionId%3A-1%3BsingleToolCode%3AmockedSalePrice%3BvoucherPricePlugin%3A0%3Btimestamp%3A1780167465147&ratingscore=4.46643109540636&request_id=2cc5dbdee968abe78d2a0a88c090c687&review=566&sale=1063&search=1&source=search&spm=a2o4j.searchlist.list.2&stock=1","","pengiriman lumayan cepat, pesan hp warna hitam Di kirim warna putih... TPI ada kendala nih,, di pasang kartu gak ada sinyal, terus restart mulu...🙏🙏","3 minggu lalu"
"1780196625-165","https://www.lazada.co.id/products/pdp-i8608700849-s16013570474.html?c=&channelLpJumpArgs=&clickTrackInfo=query%253Ahp%252Bhdc%252Bvivo%253Bnid%253A8608700849%253Bsrc%253ALazadaMainSrp%253Brn%253A2cc5dbdee968abe78d2a0a88c090c687%253Bregion%253Aid%253Bsku%253A8608700849_ID%253Bprice%253A688000%253Bclient%253Adesktop%253Bsupplier_id%253A401099536002%253Bsession_id%253A%253Bbiz_source%253Ah5_internal%253Bslot%253A2%253Butlog_bucket_id%253A470687%253Basc_category_id%253A10100333%253Bitem_id%253A8608700849%253Bsku_id%253A16013570474%253Bshop_id%253A6307054%253BtemplateInfo%253A107879_A3_C_E%2523&freeshipping=1&fs_ab=2&fuse_fs=&lang=id&location=Kab.%20Tangerang&price=6.88E%205&priceCompare=skuId%3A16013570474%3Bsource%3Alazada-search-voucher%3Bsn%3A2cc5dbdee968abe78d2a0a88c090c687%3BoriginPrice%3A68800000%3BdisplayPrice%3A68800000%3BisGray%3Afalse%3BsinglePromotionId%3A-1%3BsingleToolCode%3AmockedSalePrice%3BvoucherPricePlugin%3A0%3Btimestamp%3A1780167465147&ratingscore=4.46643109540636&request_id=2cc5dbdee968abe78d2a0a88c090c687&review=566&sale=1063&search=1&source=search&spm=a2o4j.searchlist.list.2&stock=1","","barang oce,trimakasih semuanya yg terlibat.trimakasih","2025-09-15"
"1780196625-166","https://www.lazada.co.id/products/pdp-i8608700849-s16013570474.html?c=&channelLpJumpArgs=&clickTrackInfo=query%253Ahp%252Bhdc%252Bvivo%253Bnid%253A8608700849%253Bsrc%253ALazadaMainSrp%253Brn%253A2cc5dbdee968abe78d2a0a88c090c687%253Bregion%253Aid%253Bsku%253A8608700849_ID%253Bprice%253A688000%253Bclient%253Adesktop%253Bsupplier_id%253A401099536002%253Bsession_id%253A%253Bbiz_source%253Ah5_internal%253Bslot%253A2%253Butlog_bucket_id%253A470687%253Basc_category_id%253A10100333%253Bitem_id%253A8608700849%253Bsku_id%253A16013570474%253Bshop_id%253A6307054%253BtemplateInfo%253A107879_A3_C_E%2523&freeshipping=1&fs_ab=2&fuse_fs=&lang=id&location=Kab.%20Tangerang&price=6.88E%205&priceCompare=skuId%3A16013570474%3Bsource%3Alazada-search-voucher%3Bsn%3A2cc5dbdee968abe78d2a0a88c090c687%3BoriginPrice%3A68800000%3BdisplayPrice%3A68800000%3BisGray%3Afalse%3BsinglePromotionId%3A-1%3BsingleToolCode%3AmockedSalePrice%3BvoucherPricePlugin%3A0%3Btimestamp%3A1780167465147&ratingscore=4.46643109540636&request_id=2cc5dbdee968abe78d2a0a88c090c687&review=566&sale=1063&search=1&source=search&spm=a2o4j.searchlist.list.2&stock=1","","hapenyasi baru luarnya aja dalemnyasi rongsok jualan apa mau nipu konsumen KECEWA saya booss","2025-12-19"
"1780196625-167","https://www.lazada.co.id/products/pdp-i8608700849-s16013570474.html?c=&channelLpJumpArgs=&clickTrackInfo=query%253Ahp%252Bhdc%252Bvivo%253Bnid%253A8608700849%253Bsrc%253ALazadaMainSrp%253Brn%253A2cc5dbdee968abe78d2a0a88c090c687%253Bregion%253Aid%253Bsku%253A8608700849_ID%253Bprice%253A688000%253Bclient%253Adesktop%253Bsupplier_id%253A401099536002%253Bsession_id%253A%253Bbiz_source%253Ah5_internal%253Bslot%253A2%253Butlog_bucket_id%253A470687%253Basc_category_id%253A10100333%253Bitem_id%253A8608700849%253Bsku_id%253A16013570474%253Bshop_id%253A6307054%253BtemplateInfo%253A107879_A3_C_E%2523&freeshipping=1&fs_ab=2&fuse_fs=&lang=id&location=Kab.%20Tangerang&price=6.88E%205&priceCompare=skuId%3A16013570474%3Bsource%3Alazada-search-voucher%3Bsn%3A2cc5dbdee968abe78d2a0a88c090c687%3BoriginPrice%3A68800000%3BdisplayPrice%3A68800000%3BisGray%3Afalse%3BsinglePromotionId%3A-1%3BsingleToolCode%3AmockedSalePrice%3BvoucherPricePlugin%3A0%3Btimestamp%3A1780167465147&ratingscore=4.46643109540636&request_id=2cc5dbdee968abe78d2a0a88c090c687&review=566&sale=1063&search=1&source=search&spm=a2o4j.searchlist.list.2&stock=1","","packing nya rapih dan aman, pengiriman cepat
barang dalam kondisi bagus dan original dan lengkap","2025-07-05"
"1780196625-168","https://www.lazada.co.id/products/pdp-i8608700849-s16013570474.html?c=&channelLpJumpArgs=&clickTrackInfo=query%253Ahp%252Bhdc%252Bvivo%253Bnid%253A8608700849%253Bsrc%253ALazadaMainSrp%253Brn%253A2cc5dbdee968abe78d2a0a88c090c687%253Bregion%253Aid%253Bsku%253A8608700849_ID%253Bprice%253A688000%253Bclient%253Adesktop%253Bsupplier_id%253A401099536002%253Bsession_id%253A%253Bbiz_source%253Ah5_internal%253Bslot%253A2%253Butlog_bucket_id%253A470687%253Basc_category_id%253A10100333%253Bitem_id%253A8608700849%253Bsku_id%253A16013570474%253Bshop_id%253A6307054%253BtemplateInfo%253A107879_A3_C_E%2523&freeshipping=1&fs_ab=2&fuse_fs=&lang=id&location=Kab.%20Tangerang&price=6.88E%205&priceCompare=skuId%3A16013570474%3Bsource%3Alazada-search-voucher%3Bsn%3A2cc5dbdee968abe78d2a0a88c090c687%3BoriginPrice%3A68800000%3BdisplayPrice%3A68800000%3BisGray%3Afalse%3BsinglePromotionId%3A-1%3BsingleToolCode%3AmockedSalePrice%3BvoucherPricePlugin%3A0%3Btimestamp%3A1780167465147&ratingscore=4.46643109540636&request_id=2cc5dbdee968abe78d2a0a88c090c687&review=566&sale=1063&search=1&source=search&spm=a2o4j.searchlist.list.2&stock=1","","Durability:","2025-09-03"
"1780196625-169","https://www.lazada.co.id/products/pdp-i8608700849-s16013570474.html?c=&channelLpJumpArgs=&clickTrackInfo=query%253Ahp%252Bhdc%252Bvivo%253Bnid%253A8608700849%253Bsrc%253ALazadaMainSrp%253Brn%253A2cc5dbdee968abe78d2a0a88c090c687%253Bregion%253Aid%253Bsku%253A8608700849_ID%253Bprice%253A688000%253Bclient%253Adesktop%253Bsupplier_id%253A401099536002%253Bsession_id%253A%253Bbiz_source%253Ah5_internal%253Bslot%253A2%253Butlog_bucket_id%253A470687%253Basc_category_id%253A10100333%253Bitem_id%253A8608700849%253Bsku_id%253A16013570474%253Bshop_id%253A6307054%253BtemplateInfo%253A107879_A3_C_E%2523&freeshipping=1&fs_ab=2&fuse_fs=&lang=id&location=Kab.%20Tangerang&price=6.88E%205&priceCompare=skuId%3A16013570474%3Bsource%3Alazada-search-voucher%3Bsn%3A2cc5dbdee968abe78d2a0a88c090c687%3BoriginPrice%3A68800000%3BdisplayPrice%3A68800000%3BisGray%3Afalse%3BsinglePromotionId%3A-1%3BsingleToolCode%3AmockedSalePrice%3BvoucherPricePlugin%3A0%3Btimestamp%3A1780167465147&ratingscore=4.46643109540636&request_id=2cc5dbdee968abe78d2a0a88c090c687&review=566&sale=1063&search=1&source=search&spm=a2o4j.searchlist.list.2&stock=1","","Alhamdulillah mendarat dengan selamat,","2025-09-30"
"1780196625-170","https://www.lazada.co.id/products/pdp-i8608700849-s16013570474.html?c=&channelLpJumpArgs=&clickTrackInfo=query%253Ahp%252Bhdc%252Bvivo%253Bnid%253A8608700849%253Bsrc%253ALazadaMainSrp%253Brn%253A2cc5dbdee968abe78d2a0a88c090c687%253Bregion%253Aid%253Bsku%253A8608700849_ID%253Bprice%253A688000%253Bclient%253Adesktop%253Bsupplier_id%253A401099536002%253Bsession_id%253A%253Bbiz_source%253Ah5_internal%253Bslot%253A2%253Butlog_bucket_id%253A470687%253Basc_category_id%253A10100333%253Bitem_id%253A8608700849%253Bsku_id%253A16013570474%253Bshop_id%253A6307054%253BtemplateInfo%253A107879_A3_C_E%2523&freeshipping=1&fs_ab=2&fuse_fs=&lang=id&location=Kab.%20Tangerang&price=6.88E%205&priceCompare=skuId%3A16013570474%3Bsource%3Alazada-search-voucher%3Bsn%3A2cc5dbdee968abe78d2a0a88c090c687%3BoriginPrice%3A68800000%3BdisplayPrice%3A68800000%3BisGray%3Afalse%3BsinglePromotionId%3A-1%3BsingleToolCode%3AmockedSalePrice%3BvoucherPricePlugin%3A0%3Btimestamp%3A1780167465147&ratingscore=4.46643109540636&request_id=2cc5dbdee968abe78d2a0a88c090c687&review=566&sale=1063&search=1&source=search&spm=a2o4j.searchlist.list.2&stock=1","","Hp Nyah Ga Bisa Pasang Wahtsp","2025-10-03"
"1780196625-171","https://www.lazada.co.id/products/pdp-i8608700849-s16013570474.html?c=&channelLpJumpArgs=&clickTrackInfo=query%253Ahp%252Bhdc%252Bvivo%253Bnid%253A8608700849%253Bsrc%253ALazadaMainSrp%253Brn%253A2cc5dbdee968abe78d2a0a88c090c687%253Bregion%253Aid%253Bsku%253A8608700849_ID%253Bprice%253A688000%253Bclient%253Adesktop%253Bsupplier_id%253A401099536002%253Bsession_id%253A%253Bbiz_source%253Ah5_internal%253Bslot%253A2%253Butlog_bucket_id%253A470687%253Basc_category_id%253A10100333%253Bitem_id%253A8608700849%253Bsku_id%253A16013570474%253Bshop_id%253A6307054%253BtemplateInfo%253A107879_A3_C_E%2523&freeshipping=1&fs_ab=2&fuse_fs=&lang=id&location=Kab.%20Tangerang&price=6.88E%205&priceCompare=skuId%3A16013570474%3Bsource%3Alazada-search-voucher%3Bsn%3A2cc5dbdee968abe78d2a0a88c090c687%3BoriginPrice%3A68800000%3BdisplayPrice%3A68800000%3BisGray%3Afalse%3BsinglePromotionId%3A-1%3BsingleToolCode%3AmockedSalePrice%3BvoucherPricePlugin%3A0%3Btimestamp%3A1780167465147&ratingscore=4.46643109540636&request_id=2cc5dbdee968abe78d2a0a88c090c687&review=566&sale=1063&search=1&source=search&spm=a2o4j.searchlist.list.2&stock=1","","kemudahan penggunaan:","2025-09-12"
"1780196625-172","https://www.lazada.co.id/products/pdp-i8608700849-s16013570474.html?c=&channelLpJumpArgs=&clickTrackInfo=query%253Ahp%252Bhdc%252Bvivo%253Bnid%253A8608700849%253Bsrc%253ALazadaMainSrp%253Brn%253A2cc5dbdee968abe78d2a0a88c090c687%253Bregion%253Aid%253Bsku%253A8608700849_ID%253Bprice%253A688000%253Bclient%253Adesktop%253Bsupplier_id%253A401099536002%253Bsession_id%253A%253Bbiz_source%253Ah5_internal%253Bslot%253A2%253Butlog_bucket_id%253A470687%253Basc_category_id%253A10100333%253Bitem_id%253A8608700849%253Bsku_id%253A16013570474%253Bshop_id%253A6307054%253BtemplateInfo%253A107879_A3_C_E%2523&freeshipping=1&fs_ab=2&fuse_fs=&lang=id&location=Kab.%20Tangerang&price=6.88E%205&priceCompare=skuId%3A16013570474%3Bsource%3Alazada-search-voucher%3Bsn%3A2cc5dbdee968abe78d2a0a88c090c687%3BoriginPrice%3A68800000%3BdisplayPrice%3A68800000%3BisGray%3Afalse%3BsinglePromotionId%3A-1%3BsingleToolCode%3AmockedSalePrice%3BvoucherPricePlugin%3A0%3Btimestamp%3A1780167465147&ratingscore=4.46643109540636&request_id=2cc5dbdee968abe78d2a0a88c090c687&review=566&sale=1063&search=1&source=search&spm=a2o4j.searchlist.list.2&stock=1","","mantap💖💖💖💖💖toko terpercaya bagi saya...semoga sukses..amanah truuus ya💖💖💖💖","2025-07-03"
"1780196625-173","https://www.lazada.co.id/products/pdp-i8608700849-s16013570474.html?c=&channelLpJumpArgs=&clickTrackInfo=query%253Ahp%252Bhdc%252Bvivo%253Bnid%253A8608700849%253Bsrc%253ALazadaMainSrp%253Brn%253A2cc5dbdee968abe78d2a0a88c090c687%253Bregion%253Aid%253Bsku%253A8608700849_ID%253Bprice%253A688000%253Bclient%253Adesktop%253Bsupplier_id%253A401099536002%253Bsession_id%253A%253Bbiz_source%253Ah5_internal%253Bslot%253A2%253Butlog_bucket_id%253A470687%253Basc_category_id%253A10100333%253Bitem_id%253A8608700849%253Bsku_id%253A16013570474%253Bshop_id%253A6307054%253BtemplateInfo%253A107879_A3_C_E%2523&freeshipping=1&fs_ab=2&fuse_fs=&lang=id&location=Kab.%20Tangerang&price=6.88E%205&priceCompare=skuId%3A16013570474%3Bsource%3Alazada-search-voucher%3Bsn%3A2cc5dbdee968abe78d2a0a88c090c687%3BoriginPrice%3A68800000%3BdisplayPrice%3A68800000%3BisGray%3Afalse%3BsinglePromotionId%3A-1%3BsingleToolCode%3AmockedSalePrice%3BvoucherPricePlugin%3A0%3Btimestamp%3A1780167465147&ratingscore=4.46643109540636&request_id=2cc5dbdee968abe78d2a0a88c090c687&review=566&sale=1063&search=1&source=search&spm=a2o4j.searchlist.list.2&stock=1","","kemudahan penggunaan:","2026-04-17"
"1780196625-174","https://www.lazada.co.id/products/pdp-i8608700849-s16013570474.html?c=&channelLpJumpArgs=&clickTrackInfo=query%253Ahp%252Bhdc%252Bvivo%253Bnid%253A8608700849%253Bsrc%253ALazadaMainSrp%253Brn%253A2cc5dbdee968abe78d2a0a88c090c687%253Bregion%253Aid%253Bsku%253A8608700849_ID%253Bprice%253A688000%253Bclient%253Adesktop%253Bsupplier_id%253A401099536002%253Bsession_id%253A%253Bbiz_source%253Ah5_internal%253Bslot%253A2%253Butlog_bucket_id%253A470687%253Basc_category_id%253A10100333%253Bitem_id%253A8608700849%253Bsku_id%253A16013570474%253Bshop_id%253A6307054%253BtemplateInfo%253A107879_A3_C_E%2523&freeshipping=1&fs_ab=2&fuse_fs=&lang=id&location=Kab.%20Tangerang&price=6.88E%205&priceCompare=skuId%3A16013570474%3Bsource%3Alazada-search-voucher%3Bsn%3A2cc5dbdee968abe78d2a0a88c090c687%3BoriginPrice%3A68800000%3BdisplayPrice%3A68800000%3BisGray%3Afalse%3BsinglePromotionId%3A-1%3BsingleToolCode%3AmockedSalePrice%3BvoucherPricePlugin%3A0%3Btimestamp%3A1780167465147&ratingscore=4.46643109540636&request_id=2cc5dbdee968abe78d2a0a88c090c687&review=566&sale=1063&search=1&source=search&spm=a2o4j.searchlist.list.2&stock=1","","Baru, segel, dan bergaransi, Kamera belakang 13MP dengan lampu kilat, cuma warna tdk sesuai dengan pesanan,  smg awet,pengiriman cpt, sayang produk tidak berfungsi sprt pada umumnya,  KECEWA","2025-10-10"
"1780196625-175","https://www.lazada.co.id/products/pdp-i8608700849-s16013570474.html?c=&channelLpJumpArgs=&clickTrackInfo=query%253Ahp%252Bhdc%252Bvivo%253Bnid%253A8608700849%253Bsrc%253ALazadaMainSrp%253Brn%253A2cc5dbdee968abe78d2a0a88c090c687%253Bregion%253Aid%253Bsku%253A8608700849_ID%253Bprice%253A688000%253Bclient%253Adesktop%253Bsupplier_id%253A401099536002%253Bsession_id%253A%253Bbiz_source%253Ah5_internal%253Bslot%253A2%253Butlog_bucket_id%253A470687%253Basc_category_id%253A10100333%253Bitem_id%253A8608700849%253Bsku_id%253A16013570474%253Bshop_id%253A6307054%253BtemplateInfo%253A107879_A3_C_E%2523&freeshipping=1&fs_ab=2&fuse_fs=&lang=id&location=Kab.%20Tangerang&price=6.88E%205&priceCompare=skuId%3A16013570474%3Bsource%3Alazada-search-voucher%3Bsn%3A2cc5dbdee968abe78d2a0a88c090c687%3BoriginPrice%3A68800000%3BdisplayPrice%3A68800000%3BisGray%3Afalse%3BsinglePromotionId%3A-1%3BsingleToolCode%3AmockedSalePrice%3BvoucherPricePlugin%3A0%3Btimestamp%3A1780167465147&ratingscore=4.46643109540636&request_id=2cc5dbdee968abe78d2a0a88c090c687&review=566&sale=1063&search=1&source=search&spm=a2o4j.searchlist.list.2&stock=1","","maksi jos tapì blom d buka","2025-09-09"
"1780196625-176","https://www.lazada.co.id/products/pdp-i8608700849-s16013570474.html?c=&channelLpJumpArgs=&clickTrackInfo=query%253Ahp%252Bhdc%252Bvivo%253Bnid%253A8608700849%253Bsrc%253ALazadaMainSrp%253Brn%253A2cc5dbdee968abe78d2a0a88c090c687%253Bregion%253Aid%253Bsku%253A8608700849_ID%253Bprice%253A688000%253Bclient%253Adesktop%253Bsupplier_id%253A401099536002%253Bsession_id%253A%253Bbiz_source%253Ah5_internal%253Bslot%253A2%253Butlog_bucket_id%253A470687%253Basc_category_id%253A10100333%253Bitem_id%253A8608700849%253Bsku_id%253A16013570474%253Bshop_id%253A6307054%253BtemplateInfo%253A107879_A3_C_E%2523&freeshipping=1&fs_ab=2&fuse_fs=&lang=id&location=Kab.%20Tangerang&price=6.88E%205&priceCompare=skuId%3A16013570474%3Bsource%3Alazada-search-voucher%3Bsn%3A2cc5dbdee968abe78d2a0a88c090c687%3BoriginPrice%3A68800000%3BdisplayPrice%3A68800000%3BisGray%3Afalse%3BsinglePromotionId%3A-1%3BsingleToolCode%3AmockedSalePrice%3BvoucherPricePlugin%3A0%3Btimestamp%3A1780167465147&ratingscore=4.46643109540636&request_id=2cc5dbdee968abe78d2a0a88c090c687&review=566&sale=1063&search=1&source=search&spm=a2o4j.searchlist.list.2&stock=1","","pesanan cepat belum di buka mudah2an sesuai","2025-08-06"
"1780196625-177","https://www.lazada.co.id/products/pdp-i8608700849-s16013570474.html?c=&channelLpJumpArgs=&clickTrackInfo=query%253Ahp%252Bhdc%252Bvivo%253Bnid%253A8608700849%253Bsrc%253ALazadaMainSrp%253Brn%253A2cc5dbdee968abe78d2a0a88c090c687%253Bregion%253Aid%253Bsku%253A8608700849_ID%253Bprice%253A688000%253Bclient%253Adesktop%253Bsupplier_id%253A401099536002%253Bsession_id%253A%253Bbiz_source%253Ah5_internal%253Bslot%253A2%253Butlog_bucket_id%253A470687%253Basc_category_id%253A10100333%253Bitem_id%253A8608700849%253Bsku_id%253A16013570474%253Bshop_id%253A6307054%253BtemplateInfo%253A107879_A3_C_E%2523&freeshipping=1&fs_ab=2&fuse_fs=&lang=id&location=Kab.%20Tangerang&price=6.88E%205&priceCompare=skuId%3A16013570474%3Bsource%3Alazada-search-voucher%3Bsn%3A2cc5dbdee968abe78d2a0a88c090c687%3BoriginPrice%3A68800000%3BdisplayPrice%3A68800000%3BisGray%3Afalse%3BsinglePromotionId%3A-1%3BsingleToolCode%3AmockedSalePrice%3BvoucherPricePlugin%3A0%3Btimestamp%3A1780167465147&ratingscore=4.46643109540636&request_id=2cc5dbdee968abe78d2a0a88c090c687&review=566&sale=1063&search=1&source=search&spm=a2o4j.searchlist.list.2&stock=1","","barangnya sudah sampai dengan selamat terima kasih?","2025-07-13"
"1780196625-178","https://www.lazada.co.id/products/pdp-i8608700849-s16013570474.html?c=&channelLpJumpArgs=&clickTrackInfo=query%253Ahp%252Bhdc%252Bvivo%253Bnid%253A8608700849%253Bsrc%253ALazadaMainSrp%253Brn%253A2cc5dbdee968abe78d2a0a88c090c687%253Bregion%253Aid%253Bsku%253A8608700849_ID%253Bprice%253A688000%253Bclient%253Adesktop%253Bsupplier_id%253A401099536002%253Bsession_id%253A%253Bbiz_source%253Ah5_internal%253Bslot%253A2%253Butlog_bucket_id%253A470687%253Basc_category_id%253A10100333%253Bitem_id%253A8608700849%253Bsku_id%253A16013570474%253Bshop_id%253A6307054%253BtemplateInfo%253A107879_A3_C_E%2523&freeshipping=1&fs_ab=2&fuse_fs=&lang=id&location=Kab.%20Tangerang&price=6.88E%205&priceCompare=skuId%3A16013570474%3Bsource%3Alazada-search-voucher%3Bsn%3A2cc5dbdee968abe78d2a0a88c090c687%3BoriginPrice%3A68800000%3BdisplayPrice%3A68800000%3BisGray%3Afalse%3BsinglePromotionId%3A-1%3BsingleToolCode%3AmockedSalePrice%3BvoucherPricePlugin%3A0%3Btimestamp%3A1780167465147&ratingscore=4.46643109540636&request_id=2cc5dbdee968abe78d2a0a88c090c687&review=566&sale=1063&search=1&source=search&spm=a2o4j.searchlist.list.2&stock=1","","Hp rusak tidak bisa hidup meski seharian di cas","2026-01-02"
"1780196625-179","https://www.lazada.co.id/products/pdp-i8608700849-s16013570474.html?c=&channelLpJumpArgs=&clickTrackInfo=query%253Ahp%252Bhdc%252Bvivo%253Bnid%253A8608700849%253Bsrc%253ALazadaMainSrp%253Brn%253A2cc5dbdee968abe78d2a0a88c090c687%253Bregion%253Aid%253Bsku%253A8608700849_ID%253Bprice%253A688000%253Bclient%253Adesktop%253Bsupplier_id%253A401099536002%253Bsession_id%253A%253Bbiz_source%253Ah5_internal%253Bslot%253A2%253Butlog_bucket_id%253A470687%253Basc_category_id%253A10100333%253Bitem_id%253A8608700849%253Bsku_id%253A16013570474%253Bshop_id%253A6307054%253BtemplateInfo%253A107879_A3_C_E%2523&freeshipping=1&fs_ab=2&fuse_fs=&lang=id&location=Kab.%20Tangerang&price=6.88E%205&priceCompare=skuId%3A16013570474%3Bsource%3Alazada-search-voucher%3Bsn%3A2cc5dbdee968abe78d2a0a88c090c687%3BoriginPrice%3A68800000%3BdisplayPrice%3A68800000%3BisGray%3Afalse%3BsinglePromotionId%3A-1%3BsingleToolCode%3AmockedSalePrice%3BvoucherPricePlugin%3A0%3Btimestamp%3A1780167465147&ratingscore=4.46643109540636&request_id=2cc5dbdee968abe78d2a0a88c090c687&review=566&sale=1063&search=1&source=search&spm=a2o4j.searchlist.list.2&stock=1","","Kamera belakang 13MP dengan lampu kilat, Pelindung kaca Gorilla Glass 3, Desain bodi aluminium,","2026-03-26"
"1780196625-180","https://www.lazada.co.id/products/pdp-i8608700849-s16013570474.html?c=&channelLpJumpArgs=&clickTrackInfo=query%253Ahp%252Bhdc%252Bvivo%253Bnid%253A8608700849%253Bsrc%253ALazadaMainSrp%253Brn%253A2cc5dbdee968abe78d2a0a88c090c687%253Bregion%253Aid%253Bsku%253A8608700849_ID%253Bprice%253A688000%253Bclient%253Adesktop%253Bsupplier_id%253A401099536002%253Bsession_id%253A%253Bbiz_source%253Ah5_internal%253Bslot%253A2%253Butlog_bucket_id%253A470687%253Basc_category_id%253A10100333%253Bitem_id%253A8608700849%253Bsku_id%253A16013570474%253Bshop_id%253A6307054%253BtemplateInfo%253A107879_A3_C_E%2523&freeshipping=1&fs_ab=2&fuse_fs=&lang=id&location=Kab.%20Tangerang&price=6.88E%205&priceCompare=skuId%3A16013570474%3Bsource%3Alazada-search-voucher%3Bsn%3A2cc5dbdee968abe78d2a0a88c090c687%3BoriginPrice%3A68800000%3BdisplayPrice%3A68800000%3BisGray%3Afalse%3BsinglePromotionId%3A-1%3BsingleToolCode%3AmockedSalePrice%3BvoucherPricePlugin%3A0%3Btimestamp%3A1780167465147&ratingscore=4.46643109540636&request_id=2cc5dbdee968abe78d2a0a88c090c687&review=566&sale=1063&search=1&source=search&spm=a2o4j.searchlist.list.2&stock=1","","Kamera belakang 13MP dengan lampu kilat, Kapasitas baterai 3360mAh, Baru, segel, dan bergaransi, Baru, segel, dan bergaransi, Pelindung kaca Gorilla Glass 3,","2026-02-28"
"1780196625-181","https://www.lazada.co.id/products/pdp-i8608700849-s16013570474.html?c=&channelLpJumpArgs=&clickTrackInfo=query%253Ahp%252Bhdc%252Bvivo%253Bnid%253A8608700849%253Bsrc%253ALazadaMainSrp%253Brn%253A2cc5dbdee968abe78d2a0a88c090c687%253Bregion%253Aid%253Bsku%253A8608700849_ID%253Bprice%253A688000%253Bclient%253Adesktop%253Bsupplier_id%253A401099536002%253Bsession_id%253A%253Bbiz_source%253Ah5_internal%253Bslot%253A2%253Butlog_bucket_id%253A470687%253Basc_category_id%253A10100333%253Bitem_id%253A8608700849%253Bsku_id%253A16013570474%253Bshop_id%253A6307054%253BtemplateInfo%253A107879_A3_C_E%2523&freeshipping=1&fs_ab=2&fuse_fs=&lang=id&location=Kab.%20Tangerang&price=6.88E%205&priceCompare=skuId%3A16013570474%3Bsource%3Alazada-search-voucher%3Bsn%3A2cc5dbdee968abe78d2a0a88c090c687%3BoriginPrice%3A68800000%3BdisplayPrice%3A68800000%3BisGray%3Afalse%3BsinglePromotionId%3A-1%3BsingleToolCode%3AmockedSalePrice%3BvoucherPricePlugin%3A0%3Btimestamp%3A1780167465147&ratingscore=4.46643109540636&request_id=2cc5dbdee968abe78d2a0a88c090c687&review=566&sale=1063&search=1&source=search&spm=a2o4j.searchlist.list.2&stock=1","","sangat puas,toko yg amanah","2025-08-14"
"1780196625-182","https://www.lazada.co.id/products/pdp-i8608700849-s16013570474.html?c=&channelLpJumpArgs=&clickTrackInfo=query%253Ahp%252Bhdc%252Bvivo%253Bnid%253A8608700849%253Bsrc%253ALazadaMainSrp%253Brn%253A2cc5dbdee968abe78d2a0a88c090c687%253Bregion%253Aid%253Bsku%253A8608700849_ID%253Bprice%253A688000%253Bclient%253Adesktop%253Bsupplier_id%253A401099536002%253Bsession_id%253A%253Bbiz_source%253Ah5_internal%253Bslot%253A2%253Butlog_bucket_id%253A470687%253Basc_category_id%253A10100333%253Bitem_id%253A8608700849%253Bsku_id%253A16013570474%253Bshop_id%253A6307054%253BtemplateInfo%253A107879_A3_C_E%2523&freeshipping=1&fs_ab=2&fuse_fs=&lang=id&location=Kab.%20Tangerang&price=6.88E%205&priceCompare=skuId%3A16013570474%3Bsource%3Alazada-search-voucher%3Bsn%3A2cc5dbdee968abe78d2a0a88c090c687%3BoriginPrice%3A68800000%3BdisplayPrice%3A68800000%3BisGray%3Afalse%3BsinglePromotionId%3A-1%3BsingleToolCode%3AmockedSalePrice%3BvoucherPricePlugin%3A0%3Btimestamp%3A1780167465147&ratingscore=4.46643109540636&request_id=2cc5dbdee968abe78d2a0a88c090c687&review=566&sale=1063&search=1&source=search&spm=a2o4j.searchlist.list.2&stock=1","","kemudahan penggunaan:","2026-03-06"
"1780196625-183","https://www.lazada.co.id/products/pdp-i8608700849-s16013570474.html?c=&channelLpJumpArgs=&clickTrackInfo=query%253Ahp%252Bhdc%252Bvivo%253Bnid%253A8608700849%253Bsrc%253ALazadaMainSrp%253Brn%253A2cc5dbdee968abe78d2a0a88c090c687%253Bregion%253Aid%253Bsku%253A8608700849_ID%253Bprice%253A688000%253Bclient%253Adesktop%253Bsupplier_id%253A401099536002%253Bsession_id%253A%253Bbiz_source%253Ah5_internal%253Bslot%253A2%253Butlog_bucket_id%253A470687%253Basc_category_id%253A10100333%253Bitem_id%253A8608700849%253Bsku_id%253A16013570474%253Bshop_id%253A6307054%253BtemplateInfo%253A107879_A3_C_E%2523&freeshipping=1&fs_ab=2&fuse_fs=&lang=id&location=Kab.%20Tangerang&price=6.88E%205&priceCompare=skuId%3A16013570474%3Bsource%3Alazada-search-voucher%3Bsn%3A2cc5dbdee968abe78d2a0a88c090c687%3BoriginPrice%3A68800000%3BdisplayPrice%3A68800000%3BisGray%3Afalse%3BsinglePromotionId%3A-1%3BsingleToolCode%3AmockedSalePrice%3BvoucherPricePlugin%3A0%3Btimestamp%3A1780167465147&ratingscore=4.46643109540636&request_id=2cc5dbdee968abe78d2a0a88c090c687&review=566&sale=1063&search=1&source=search&spm=a2o4j.searchlist.list.2&stock=1","","blm d cek batre kosong sdng d isi baterai","2025-07-11"
"1780196625-184","https://www.lazada.co.id/products/pdp-i8608700849-s16013570474.html?c=&channelLpJumpArgs=&clickTrackInfo=query%253Ahp%252Bhdc%252Bvivo%253Bnid%253A8608700849%253Bsrc%253ALazadaMainSrp%253Brn%253A2cc5dbdee968abe78d2a0a88c090c687%253Bregion%253Aid%253Bsku%253A8608700849_ID%253Bprice%253A688000%253Bclient%253Adesktop%253Bsupplier_id%253A401099536002%253Bsession_id%253A%253Bbiz_source%253Ah5_internal%253Bslot%253A2%253Butlog_bucket_id%253A470687%253Basc_category_id%253A10100333%253Bitem_id%253A8608700849%253Bsku_id%253A16013570474%253Bshop_id%253A6307054%253BtemplateInfo%253A107879_A3_C_E%2523&freeshipping=1&fs_ab=2&fuse_fs=&lang=id&location=Kab.%20Tangerang&price=6.88E%205&priceCompare=skuId%3A16013570474%3Bsource%3Alazada-search-voucher%3Bsn%3A2cc5dbdee968abe78d2a0a88c090c687%3BoriginPrice%3A68800000%3BdisplayPrice%3A68800000%3BisGray%3Afalse%3BsinglePromotionId%3A-1%3BsingleToolCode%3AmockedSalePrice%3BvoucherPricePlugin%3A0%3Btimestamp%3A1780167465147&ratingscore=4.46643109540636&request_id=2cc5dbdee968abe78d2a0a88c090c687&review=566&sale=1063&search=1&source=search&spm=a2o4j.searchlist.list.2&stock=1","","gimana ya kok gak ada sinyal, batrenya habis GK bisa di cas lagi","3 minggu lalu"
"1780196625-185","https://www.lazada.co.id/products/pdp-i8608700849-s16013570474.html?c=&channelLpJumpArgs=&clickTrackInfo=query%253Ahp%252Bhdc%252Bvivo%253Bnid%253A8608700849%253Bsrc%253ALazadaMainSrp%253Brn%253A2cc5dbdee968abe78d2a0a88c090c687%253Bregion%253Aid%253Bsku%253A8608700849_ID%253Bprice%253A688000%253Bclient%253Adesktop%253Bsupplier_id%253A401099536002%253Bsession_id%253A%253Bbiz_source%253Ah5_internal%253Bslot%253A2%253Butlog_bucket_id%253A470687%253Basc_category_id%253A10100333%253Bitem_id%253A8608700849%253Bsku_id%253A16013570474%253Bshop_id%253A6307054%253BtemplateInfo%253A107879_A3_C_E%2523&freeshipping=1&fs_ab=2&fuse_fs=&lang=id&location=Kab.%20Tangerang&price=6.88E%205&priceCompare=skuId%3A16013570474%3Bsource%3Alazada-search-voucher%3Bsn%3A2cc5dbdee968abe78d2a0a88c090c687%3BoriginPrice%3A68800000%3BdisplayPrice%3A68800000%3BisGray%3Afalse%3BsinglePromotionId%3A-1%3BsingleToolCode%3AmockedSalePrice%3BvoucherPricePlugin%3A0%3Btimestamp%3A1780167465147&ratingscore=4.46643109540636&request_id=2cc5dbdee968abe78d2a0a88c090c687&review=566&sale=1063&search=1&source=search&spm=a2o4j.searchlist.list.2&stock=1","","Hpnya sih lumayan kalau harga murah mah.kalau ingin bagud,ya memang pasti dananya jg gde.sebenarnya banyak keluhannya,tapi aku tak mau memberikan ulasan jlek,kasihan sellernya","2025-09-12"
"1780196625-186","https://www.lazada.co.id/products/pdp-i8608700849-s16013570474.html?c=&channelLpJumpArgs=&clickTrackInfo=query%253Ahp%252Bhdc%252Bvivo%253Bnid%253A8608700849%253Bsrc%253ALazadaMainSrp%253Brn%253A2cc5dbdee968abe78d2a0a88c090c687%253Bregion%253Aid%253Bsku%253A8608700849_ID%253Bprice%253A688000%253Bclient%253Adesktop%253Bsupplier_id%253A401099536002%253Bsession_id%253A%253Bbiz_source%253Ah5_internal%253Bslot%253A2%253Butlog_bucket_id%253A470687%253Basc_category_id%253A10100333%253Bitem_id%253A8608700849%253Bsku_id%253A16013570474%253Bshop_id%253A6307054%253BtemplateInfo%253A107879_A3_C_E%2523&freeshipping=1&fs_ab=2&fuse_fs=&lang=id&location=Kab.%20Tangerang&price=6.88E%205&priceCompare=skuId%3A16013570474%3Bsource%3Alazada-search-voucher%3Bsn%3A2cc5dbdee968abe78d2a0a88c090c687%3BoriginPrice%3A68800000%3BdisplayPrice%3A68800000%3BisGray%3Afalse%3BsinglePromotionId%3A-1%3BsingleToolCode%3AmockedSalePrice%3BvoucherPricePlugin%3A0%3Btimestamp%3A1780167465147&ratingscore=4.46643109540636&request_id=2cc5dbdee968abe78d2a0a88c090c687&review=566&sale=1063&search=1&source=search&spm=a2o4j.searchlist.list.2&stock=1","","kualitas bagus sesuai pesanan","2025-07-05"
"1780196625-187","https://www.lazada.co.id/products/pdp-i8608700849-s16013570474.html?c=&channelLpJumpArgs=&clickTrackInfo=query%253Ahp%252Bhdc%252Bvivo%253Bnid%253A8608700849%253Bsrc%253ALazadaMainSrp%253Brn%253A2cc5dbdee968abe78d2a0a88c090c687%253Bregion%253Aid%253Bsku%253A8608700849_ID%253Bprice%253A688000%253Bclient%253Adesktop%253Bsupplier_id%253A401099536002%253Bsession_id%253A%253Bbiz_source%253Ah5_internal%253Bslot%253A2%253Butlog_bucket_id%253A470687%253Basc_category_id%253A10100333%253Bitem_id%253A8608700849%253Bsku_id%253A16013570474%253Bshop_id%253A6307054%253BtemplateInfo%253A107879_A3_C_E%2523&freeshipping=1&fs_ab=2&fuse_fs=&lang=id&location=Kab.%20Tangerang&price=6.88E%205&priceCompare=skuId%3A16013570474%3Bsource%3Alazada-search-voucher%3Bsn%3A2cc5dbdee968abe78d2a0a88c090c687%3BoriginPrice%3A68800000%3BdisplayPrice%3A68800000%3BisGray%3Afalse%3BsinglePromotionId%3A-1%3BsingleToolCode%3AmockedSalePrice%3BvoucherPricePlugin%3A0%3Btimestamp%3A1780167465147&ratingscore=4.46643109540636&request_id=2cc5dbdee968abe78d2a0a88c090c687&review=566&sale=1063&search=1&source=search&spm=a2o4j.searchlist.list.2&stock=1","","sesuai pesanan
smoga awet","2025-07-23"
"1780196625-188","https://www.lazada.co.id/products/pdp-i8608700849-s16013570474.html?c=&channelLpJumpArgs=&clickTrackInfo=query%253Ahp%252Bhdc%252Bvivo%253Bnid%253A8608700849%253Bsrc%253ALazadaMainSrp%253Brn%253A2cc5dbdee968abe78d2a0a88c090c687%253Bregion%253Aid%253Bsku%253A8608700849_ID%253Bprice%253A688000%253Bclient%253Adesktop%253Bsupplier_id%253A401099536002%253Bsession_id%253A%253Bbiz_source%253Ah5_internal%253Bslot%253A2%253Butlog_bucket_id%253A470687%253Basc_category_id%253A10100333%253Bitem_id%253A8608700849%253Bsku_id%253A16013570474%253Bshop_id%253A6307054%253BtemplateInfo%253A107879_A3_C_E%2523&freeshipping=1&fs_ab=2&fuse_fs=&lang=id&location=Kab.%20Tangerang&price=6.88E%205&priceCompare=skuId%3A16013570474%3Bsource%3Alazada-search-voucher%3Bsn%3A2cc5dbdee968abe78d2a0a88c090c687%3BoriginPrice%3A68800000%3BdisplayPrice%3A68800000%3BisGray%3Afalse%3BsinglePromotionId%3A-1%3BsingleToolCode%3AmockedSalePrice%3BvoucherPricePlugin%3A0%3Btimestamp%3A1780167465147&ratingscore=4.46643109540636&request_id=2cc5dbdee968abe78d2a0a88c090c687&review=566&sale=1063&search=1&source=search&spm=a2o4j.searchlist.list.2&stock=1","","barang ok
..tpi blm pakai","2025-07-23"
"1780196625-189","https://www.lazada.co.id/products/pdp-i8608700849-s16013570474.html?c=&channelLpJumpArgs=&clickTrackInfo=query%253Ahp%252Bhdc%252Bvivo%253Bnid%253A8608700849%253Bsrc%253ALazadaMainSrp%253Brn%253A2cc5dbdee968abe78d2a0a88c090c687%253Bregion%253Aid%253Bsku%253A8608700849_ID%253Bprice%253A688000%253Bclient%253Adesktop%253Bsupplier_id%253A401099536002%253Bsession_id%253A%253Bbiz_source%253Ah5_internal%253Bslot%253A2%253Butlog_bucket_id%253A470687%253Basc_category_id%253A10100333%253Bitem_id%253A8608700849%253Bsku_id%253A16013570474%253Bshop_id%253A6307054%253BtemplateInfo%253A107879_A3_C_E%2523&freeshipping=1&fs_ab=2&fuse_fs=&lang=id&location=Kab.%20Tangerang&price=6.88E%205&priceCompare=skuId%3A16013570474%3Bsource%3Alazada-search-voucher%3Bsn%3A2cc5dbdee968abe78d2a0a88c090c687%3BoriginPrice%3A68800000%3BdisplayPrice%3A68800000%3BisGray%3Afalse%3BsinglePromotionId%3A-1%3BsingleToolCode%3AmockedSalePrice%3BvoucherPricePlugin%3A0%3Btimestamp%3A1780167465147&ratingscore=4.46643109540636&request_id=2cc5dbdee968abe78d2a0a88c090c687&review=566&sale=1063&search=1&source=search&spm=a2o4j.searchlist.list.2&stock=1","","Baru, segel, tp baterai cepat hangat. untuk saat ini aman semoga awet. terimakasih sesuai estimasi.","2026-02-10"
"1780196625-190","https://www.lazada.co.id/products/pdp-i8608700849-s16013570474.html?c=&channelLpJumpArgs=&clickTrackInfo=query%253Ahp%252Bhdc%252Bvivo%253Bnid%253A8608700849%253Bsrc%253ALazadaMainSrp%253Brn%253A2cc5dbdee968abe78d2a0a88c090c687%253Bregion%253Aid%253Bsku%253A8608700849_ID%253Bprice%253A688000%253Bclient%253Adesktop%253Bsupplier_id%253A401099536002%253Bsession_id%253A%253Bbiz_source%253Ah5_internal%253Bslot%253A2%253Butlog_bucket_id%253A470687%253Basc_category_id%253A10100333%253Bitem_id%253A8608700849%253Bsku_id%253A16013570474%253Bshop_id%253A6307054%253BtemplateInfo%253A107879_A3_C_E%2523&freeshipping=1&fs_ab=2&fuse_fs=&lang=id&location=Kab.%20Tangerang&price=6.88E%205&priceCompare=skuId%3A16013570474%3Bsource%3Alazada-search-voucher%3Bsn%3A2cc5dbdee968abe78d2a0a88c090c687%3BoriginPrice%3A68800000%3BdisplayPrice%3A68800000%3BisGray%3Afalse%3BsinglePromotionId%3A-1%3BsingleToolCode%3AmockedSalePrice%3BvoucherPricePlugin%3A0%3Btimestamp%3A1780167465147&ratingscore=4.46643109540636&request_id=2cc5dbdee968abe78d2a0a88c090c687&review=566&sale=1063&search=1&source=search&spm=a2o4j.searchlist.list.2&stock=1","","Kamera belakang 13MP dengan lampu kilat, Baru, segel, dan bergaransi, pengiriman barang tepat waktu dan kemasan rapi","2026-02-12"
"1780196625-191","https://www.lazada.co.id/products/pdp-i8608700849-s16013570474.html?c=&channelLpJumpArgs=&clickTrackInfo=query%253Ahp%252Bhdc%252Bvivo%253Bnid%253A8608700849%253Bsrc%253ALazadaMainSrp%253Brn%253A2cc5dbdee968abe78d2a0a88c090c687%253Bregion%253Aid%253Bsku%253A8608700849_ID%253Bprice%253A688000%253Bclient%253Adesktop%253Bsupplier_id%253A401099536002%253Bsession_id%253A%253Bbiz_source%253Ah5_internal%253Bslot%253A2%253Butlog_bucket_id%253A470687%253Basc_category_id%253A10100333%253Bitem_id%253A8608700849%253Bsku_id%253A16013570474%253Bshop_id%253A6307054%253BtemplateInfo%253A107879_A3_C_E%2523&freeshipping=1&fs_ab=2&fuse_fs=&lang=id&location=Kab.%20Tangerang&price=6.88E%205&priceCompare=skuId%3A16013570474%3Bsource%3Alazada-search-voucher%3Bsn%3A2cc5dbdee968abe78d2a0a88c090c687%3BoriginPrice%3A68800000%3BdisplayPrice%3A68800000%3BisGray%3Afalse%3BsinglePromotionId%3A-1%3BsingleToolCode%3AmockedSalePrice%3BvoucherPricePlugin%3A0%3Btimestamp%3A1780167465147&ratingscore=4.46643109540636&request_id=2cc5dbdee968abe78d2a0a88c090c687&review=566&sale=1063&search=1&source=search&spm=a2o4j.searchlist.list.2&stock=1","","maap baru ngasih ulasan.buat yang punya bajet minim,jangan ragu beli di toko ini,murah meriah,pesanan sesuai.kelengkapan pulset,dan berpungsi dengan baik,nyaman di pake sehari hari.seler nya ramah,kulir ramah,mantap pokok nya.","2026-02-07"
"1780196625-192","https://www.lazada.co.id/products/pdp-i8608700849-s16013570474.html?c=&channelLpJumpArgs=&clickTrackInfo=query%253Ahp%252Bhdc%252Bvivo%253Bnid%253A8608700849%253Bsrc%253ALazadaMainSrp%253Brn%253A2cc5dbdee968abe78d2a0a88c090c687%253Bregion%253Aid%253Bsku%253A8608700849_ID%253Bprice%253A688000%253Bclient%253Adesktop%253Bsupplier_id%253A401099536002%253Bsession_id%253A%253Bbiz_source%253Ah5_internal%253Bslot%253A2%253Butlog_bucket_id%253A470687%253Basc_category_id%253A10100333%253Bitem_id%253A8608700849%253Bsku_id%253A16013570474%253Bshop_id%253A6307054%253BtemplateInfo%253A107879_A3_C_E%2523&freeshipping=1&fs_ab=2&fuse_fs=&lang=id&location=Kab.%20Tangerang&price=6.88E%205&priceCompare=skuId%3A16013570474%3Bsource%3Alazada-search-voucher%3Bsn%3A2cc5dbdee968abe78d2a0a88c090c687%3BoriginPrice%3A68800000%3BdisplayPrice%3A68800000%3BisGray%3Afalse%3BsinglePromotionId%3A-1%3BsingleToolCode%3AmockedSalePrice%3BvoucherPricePlugin%3A0%3Btimestamp%3A1780167465147&ratingscore=4.46643109540636&request_id=2cc5dbdee968abe78d2a0a88c090c687&review=566&sale=1063&search=1&source=search&spm=a2o4j.searchlist.list.2&stock=1","","mantap sesuai pesanan packing'a jga rapih aman,,toko jga amanah keren dah","2025-10-03"
"1780196625-193","https://www.lazada.co.id/products/pdp-i8608700849-s16013570474.html?c=&channelLpJumpArgs=&clickTrackInfo=query%253Ahp%252Bhdc%252Bvivo%253Bnid%253A8608700849%253Bsrc%253ALazadaMainSrp%253Brn%253A2cc5dbdee968abe78d2a0a88c090c687%253Bregion%253Aid%253Bsku%253A8608700849_ID%253Bprice%253A688000%253Bclient%253Adesktop%253Bsupplier_id%253A401099536002%253Bsession_id%253A%253Bbiz_source%253Ah5_internal%253Bslot%253A2%253Butlog_bucket_id%253A470687%253Basc_category_id%253A10100333%253Bitem_id%253A8608700849%253Bsku_id%253A16013570474%253Bshop_id%253A6307054%253BtemplateInfo%253A107879_A3_C_E%2523&freeshipping=1&fs_ab=2&fuse_fs=&lang=id&location=Kab.%20Tangerang&price=6.88E%205&priceCompare=skuId%3A16013570474%3Bsource%3Alazada-search-voucher%3Bsn%3A2cc5dbdee968abe78d2a0a88c090c687%3BoriginPrice%3A68800000%3BdisplayPrice%3A68800000%3BisGray%3Afalse%3BsinglePromotionId%3A-1%3BsingleToolCode%3AmockedSalePrice%3BvoucherPricePlugin%3A0%3Btimestamp%3A1780167465147&ratingscore=4.46643109540636&request_id=2cc5dbdee968abe78d2a0a88c090c687&review=566&sale=1063&search=1&source=search&spm=a2o4j.searchlist.list.2&stock=1","","Baru, segel, dan bergaransi, bagus n worth it","3 minggu lalu"
"1780196625-194","https://www.lazada.co.id/products/pdp-i8608700849-s16013570474.html?c=&channelLpJumpArgs=&clickTrackInfo=query%253Ahp%252Bhdc%252Bvivo%253Bnid%253A8608700849%253Bsrc%253ALazadaMainSrp%253Brn%253A2cc5dbdee968abe78d2a0a88c090c687%253Bregion%253Aid%253Bsku%253A8608700849_ID%253Bprice%253A688000%253Bclient%253Adesktop%253Bsupplier_id%253A401099536002%253Bsession_id%253A%253Bbiz_source%253Ah5_internal%253Bslot%253A2%253Butlog_bucket_id%253A470687%253Basc_category_id%253A10100333%253Bitem_id%253A8608700849%253Bsku_id%253A16013570474%253Bshop_id%253A6307054%253BtemplateInfo%253A107879_A3_C_E%2523&freeshipping=1&fs_ab=2&fuse_fs=&lang=id&location=Kab.%20Tangerang&price=6.88E%205&priceCompare=skuId%3A16013570474%3Bsource%3Alazada-search-voucher%3Bsn%3A2cc5dbdee968abe78d2a0a88c090c687%3BoriginPrice%3A68800000%3BdisplayPrice%3A68800000%3BisGray%3Afalse%3BsinglePromotionId%3A-1%3BsingleToolCode%3AmockedSalePrice%3BvoucherPricePlugin%3A0%3Btimestamp%3A1780167465147&ratingscore=4.46643109540636&request_id=2cc5dbdee968abe78d2a0a88c090c687&review=566&sale=1063&search=1&source=search&spm=a2o4j.searchlist.list.2&stock=1","","Alhamdulillah masih di segel josssss
tokonya amanah jg di ragukan","2025-10-11"
"1780196625-195","https://www.lazada.co.id/products/pdp-i8608700849-s16013570474.html?c=&channelLpJumpArgs=&clickTrackInfo=query%253Ahp%252Bhdc%252Bvivo%253Bnid%253A8608700849%253Bsrc%253ALazadaMainSrp%253Brn%253A2cc5dbdee968abe78d2a0a88c090c687%253Bregion%253Aid%253Bsku%253A8608700849_ID%253Bprice%253A688000%253Bclient%253Adesktop%253Bsupplier_id%253A401099536002%253Bsession_id%253A%253Bbiz_source%253Ah5_internal%253Bslot%253A2%253Butlog_bucket_id%253A470687%253Basc_category_id%253A10100333%253Bitem_id%253A8608700849%253Bsku_id%253A16013570474%253Bshop_id%253A6307054%253BtemplateInfo%253A107879_A3_C_E%2523&freeshipping=1&fs_ab=2&fuse_fs=&lang=id&location=Kab.%20Tangerang&price=6.88E%205&priceCompare=skuId%3A16013570474%3Bsource%3Alazada-search-voucher%3Bsn%3A2cc5dbdee968abe78d2a0a88c090c687%3BoriginPrice%3A68800000%3BdisplayPrice%3A68800000%3BisGray%3Afalse%3BsinglePromotionId%3A-1%3BsingleToolCode%3AmockedSalePrice%3BvoucherPricePlugin%3A0%3Btimestamp%3A1780167465147&ratingscore=4.46643109540636&request_id=2cc5dbdee968abe78d2a0a88c090c687&review=566&sale=1063&search=1&source=search&spm=a2o4j.searchlist.list.2&stock=1","","barang nya lumayan sesuai kbutuhan... untuk sehari hari","2026-04-16"
"1780196625-196","https://www.lazada.co.id/products/pdp-i8608700849-s16013570474.html?c=&channelLpJumpArgs=&clickTrackInfo=query%253Ahp%252Bhdc%252Bvivo%253Bnid%253A8608700849%253Bsrc%253ALazadaMainSrp%253Brn%253A2cc5dbdee968abe78d2a0a88c090c687%253Bregion%253Aid%253Bsku%253A8608700849_ID%253Bprice%253A688000%253Bclient%253Adesktop%253Bsupplier_id%253A401099536002%253Bsession_id%253A%253Bbiz_source%253Ah5_internal%253Bslot%253A2%253Butlog_bucket_id%253A470687%253Basc_category_id%253A10100333%253Bitem_id%253A8608700849%253Bsku_id%253A16013570474%253Bshop_id%253A6307054%253BtemplateInfo%253A107879_A3_C_E%2523&freeshipping=1&fs_ab=2&fuse_fs=&lang=id&location=Kab.%20Tangerang&price=6.88E%205&priceCompare=skuId%3A16013570474%3Bsource%3Alazada-search-voucher%3Bsn%3A2cc5dbdee968abe78d2a0a88c090c687%3BoriginPrice%3A68800000%3BdisplayPrice%3A68800000%3BisGray%3Afalse%3BsinglePromotionId%3A-1%3BsingleToolCode%3AmockedSalePrice%3BvoucherPricePlugin%3A0%3Btimestamp%3A1780167465147&ratingscore=4.46643109540636&request_id=2cc5dbdee968abe78d2a0a88c090c687&review=566&sale=1063&search=1&source=search&spm=a2o4j.searchlist.list.2&stock=1","","oke batere kosong isi full baru bisa digunakan dengan harga segini lumayan buat YouTube anak2","2026-01-31"
"1780196625-197","https://www.lazada.co.id/products/pdp-i8608700849-s16013570474.html?c=&channelLpJumpArgs=&clickTrackInfo=query%253Ahp%252Bhdc%252Bvivo%253Bnid%253A8608700849%253Bsrc%253ALazadaMainSrp%253Brn%253A2cc5dbdee968abe78d2a0a88c090c687%253Bregion%253Aid%253Bsku%253A8608700849_ID%253Bprice%253A688000%253Bclient%253Adesktop%253Bsupplier_id%253A401099536002%253Bsession_id%253A%253Bbiz_source%253Ah5_internal%253Bslot%253A2%253Butlog_bucket_id%253A470687%253Basc_category_id%253A10100333%253Bitem_id%253A8608700849%253Bsku_id%253A16013570474%253Bshop_id%253A6307054%253BtemplateInfo%253A107879_A3_C_E%2523&freeshipping=1&fs_ab=2&fuse_fs=&lang=id&location=Kab.%20Tangerang&price=6.88E%205&priceCompare=skuId%3A16013570474%3Bsource%3Alazada-search-voucher%3Bsn%3A2cc5dbdee968abe78d2a0a88c090c687%3BoriginPrice%3A68800000%3BdisplayPrice%3A68800000%3BisGray%3Afalse%3BsinglePromotionId%3A-1%3BsingleToolCode%3AmockedSalePrice%3BvoucherPricePlugin%3A0%3Btimestamp%3A1780167465147&ratingscore=4.46643109540636&request_id=2cc5dbdee968abe78d2a0a88c090c687&review=566&sale=1063&search=1&source=search&spm=a2o4j.searchlist.list.2&stock=1","","minta hitam datang putih","2025-12-10"
"1780196625-198","https://www.lazada.co.id/products/pdp-i8608700849-s16013570474.html?c=&channelLpJumpArgs=&clickTrackInfo=query%253Ahp%252Bhdc%252Bvivo%253Bnid%253A8608700849%253Bsrc%253ALazadaMainSrp%253Brn%253A2cc5dbdee968abe78d2a0a88c090c687%253Bregion%253Aid%253Bsku%253A8608700849_ID%253Bprice%253A688000%253Bclient%253Adesktop%253Bsupplier_id%253A401099536002%253Bsession_id%253A%253Bbiz_source%253Ah5_internal%253Bslot%253A2%253Butlog_bucket_id%253A470687%253Basc_category_id%253A10100333%253Bitem_id%253A8608700849%253Bsku_id%253A16013570474%253Bshop_id%253A6307054%253BtemplateInfo%253A107879_A3_C_E%2523&freeshipping=1&fs_ab=2&fuse_fs=&lang=id&location=Kab.%20Tangerang&price=6.88E%205&priceCompare=skuId%3A16013570474%3Bsource%3Alazada-search-voucher%3Bsn%3A2cc5dbdee968abe78d2a0a88c090c687%3BoriginPrice%3A68800000%3BdisplayPrice%3A68800000%3BisGray%3Afalse%3BsinglePromotionId%3A-1%3BsingleToolCode%3AmockedSalePrice%3BvoucherPricePlugin%3A0%3Btimestamp%3A1780167465147&ratingscore=4.46643109540636&request_id=2cc5dbdee968abe78d2a0a88c090c687&review=566&sale=1063&search=1&source=search&spm=a2o4j.searchlist.list.2&stock=1","","real pick toko nya amanah...","2 minggu lalu"
"1780196625-199","https://www.lazada.co.id/products/pdp-i8608700849-s16013570474.html?c=&channelLpJumpArgs=&clickTrackInfo=query%253Ahp%252Bhdc%252Bvivo%253Bnid%253A8608700849%253Bsrc%253ALazadaMainSrp%253Brn%253A2cc5dbdee968abe78d2a0a88c090c687%253Bregion%253Aid%253Bsku%253A8608700849_ID%253Bprice%253A688000%253Bclient%253Adesktop%253Bsupplier_id%253A401099536002%253Bsession_id%253A%253Bbiz_source%253Ah5_internal%253Bslot%253A2%253Butlog_bucket_id%253A470687%253Basc_category_id%253A10100333%253Bitem_id%253A8608700849%253Bsku_id%253A16013570474%253Bshop_id%253A6307054%253BtemplateInfo%253A107879_A3_C_E%2523&freeshipping=1&fs_ab=2&fuse_fs=&lang=id&location=Kab.%20Tangerang&price=6.88E%205&priceCompare=skuId%3A16013570474%3Bsource%3Alazada-search-voucher%3Bsn%3A2cc5dbdee968abe78d2a0a88c090c687%3BoriginPrice%3A68800000%3BdisplayPrice%3A68800000%3BisGray%3Afalse%3BsinglePromotionId%3A-1%3BsingleToolCode%3AmockedSalePrice%3BvoucherPricePlugin%3A0%3Btimestamp%3A1780167465147&ratingscore=4.46643109540636&request_id=2cc5dbdee968abe78d2a0a88c090c687&review=566&sale=1063&search=1&source=search&spm=a2o4j.searchlist.list.2&stock=1","","Pelindung kaca Gorilla Glass 3, Baru, segel, dan bergaransi, sempet was 2 tp alhamdulillah seller amanah.smga berfungsi dgn baik.recomend ya","2026-01-03"
"1780196625-200","https://www.lazada.co.id/products/pdp-i8608700849-s16013570474.html?c=&channelLpJumpArgs=&clickTrackInfo=query%253Ahp%252Bhdc%252Bvivo%253Bnid%253A8608700849%253Bsrc%253ALazadaMainSrp%253Brn%253A2cc5dbdee968abe78d2a0a88c090c687%253Bregion%253Aid%253Bsku%253A8608700849_ID%253Bprice%253A688000%253Bclient%253Adesktop%253Bsupplier_id%253A401099536002%253Bsession_id%253A%253Bbiz_source%253Ah5_internal%253Bslot%253A2%253Butlog_bucket_id%253A470687%253Basc_category_id%253A10100333%253Bitem_id%253A8608700849%253Bsku_id%253A16013570474%253Bshop_id%253A6307054%253BtemplateInfo%253A107879_A3_C_E%2523&freeshipping=1&fs_ab=2&fuse_fs=&lang=id&location=Kab.%20Tangerang&price=6.88E%205&priceCompare=skuId%3A16013570474%3Bsource%3Alazada-search-voucher%3Bsn%3A2cc5dbdee968abe78d2a0a88c090c687%3BoriginPrice%3A68800000%3BdisplayPrice%3A68800000%3BisGray%3Afalse%3BsinglePromotionId%3A-1%3BsingleToolCode%3AmockedSalePrice%3BvoucherPricePlugin%3A0%3Btimestamp%3A1780167465147&ratingscore=4.46643109540636&request_id=2cc5dbdee968abe78d2a0a88c090c687&review=566&sale=1063&search=1&source=search&spm=a2o4j.searchlist.list.2&stock=1","","ternyata ini replika toh......ini gx asli.mati nyala mati nyala terus.gpp ttp kasih* 5","2026-02-04"
"1780196625-201","https://www.lazada.co.id/products/pdp-i8608700849-s16013570474.html?c=&channelLpJumpArgs=&clickTrackInfo=query%253Ahp%252Bhdc%252Bvivo%253Bnid%253A8608700849%253Bsrc%253ALazadaMainSrp%253Brn%253A2cc5dbdee968abe78d2a0a88c090c687%253Bregion%253Aid%253Bsku%253A8608700849_ID%253Bprice%253A688000%253Bclient%253Adesktop%253Bsupplier_id%253A401099536002%253Bsession_id%253A%253Bbiz_source%253Ah5_internal%253Bslot%253A2%253Butlog_bucket_id%253A470687%253Basc_category_id%253A10100333%253Bitem_id%253A8608700849%253Bsku_id%253A16013570474%253Bshop_id%253A6307054%253BtemplateInfo%253A107879_A3_C_E%2523&freeshipping=1&fs_ab=2&fuse_fs=&lang=id&location=Kab.%20Tangerang&price=6.88E%205&priceCompare=skuId%3A16013570474%3Bsource%3Alazada-search-voucher%3Bsn%3A2cc5dbdee968abe78d2a0a88c090c687%3BoriginPrice%3A68800000%3BdisplayPrice%3A68800000%3BisGray%3Afalse%3BsinglePromotionId%3A-1%3BsingleToolCode%3AmockedSalePrice%3BvoucherPricePlugin%3A0%3Btimestamp%3A1780167465147&ratingscore=4.46643109540636&request_id=2cc5dbdee968abe78d2a0a88c090c687&review=566&sale=1063&search=1&source=search&spm=a2o4j.searchlist.list.2&stock=1","","pengiriman tgl 25 juni dan tiba tgl 8 juli, biasanya 2-3 hari sdh nyampe, sangat mengecewakan untuk pengiriman. penjual mantap, gercep","2025-07-08"
"1780196625-202","https://www.lazada.co.id/products/pdp-i8608700849-s16013570474.html?c=&channelLpJumpArgs=&clickTrackInfo=query%253Ahp%252Bhdc%252Bvivo%253Bnid%253A8608700849%253Bsrc%253ALazadaMainSrp%253Brn%253A2cc5dbdee968abe78d2a0a88c090c687%253Bregion%253Aid%253Bsku%253A8608700849_ID%253Bprice%253A688000%253Bclient%253Adesktop%253Bsupplier_id%253A401099536002%253Bsession_id%253A%253Bbiz_source%253Ah5_internal%253Bslot%253A2%253Butlog_bucket_id%253A470687%253Basc_category_id%253A10100333%253Bitem_id%253A8608700849%253Bsku_id%253A16013570474%253Bshop_id%253A6307054%253BtemplateInfo%253A107879_A3_C_E%2523&freeshipping=1&fs_ab=2&fuse_fs=&lang=id&location=Kab.%20Tangerang&price=6.88E%205&priceCompare=skuId%3A16013570474%3Bsource%3Alazada-search-voucher%3Bsn%3A2cc5dbdee968abe78d2a0a88c090c687%3BoriginPrice%3A68800000%3BdisplayPrice%3A68800000%3BisGray%3Afalse%3BsinglePromotionId%3A-1%3BsingleToolCode%3AmockedSalePrice%3BvoucherPricePlugin%3A0%3Btimestamp%3A1780167465147&ratingscore=4.46643109540636&request_id=2cc5dbdee968abe78d2a0a88c090c687&review=566&sale=1063&search=1&source=search&spm=a2o4j.searchlist.list.2&stock=1","","alkamdulillah dah nyampai hpnya Masih segelan . semoga semua ok . Karena Harganya super murah entah itu stock lama atau rakitan semoga baik baik saja . sempet Ragu. pesen dua semua Sampai . makasih seller 🙏","2025-12-28"
"1780196625-203","https://www.lazada.co.id/products/pdp-i8608700849-s16013570474.html?c=&channelLpJumpArgs=&clickTrackInfo=query%253Ahp%252Bhdc%252Bvivo%253Bnid%253A8608700849%253Bsrc%253ALazadaMainSrp%253Brn%253A2cc5dbdee968abe78d2a0a88c090c687%253Bregion%253Aid%253Bsku%253A8608700849_ID%253Bprice%253A688000%253Bclient%253Adesktop%253Bsupplier_id%253A401099536002%253Bsession_id%253A%253Bbiz_source%253Ah5_internal%253Bslot%253A2%253Butlog_bucket_id%253A470687%253Basc_category_id%253A10100333%253Bitem_id%253A8608700849%253Bsku_id%253A16013570474%253Bshop_id%253A6307054%253BtemplateInfo%253A107879_A3_C_E%2523&freeshipping=1&fs_ab=2&fuse_fs=&lang=id&location=Kab.%20Tangerang&price=6.88E%205&priceCompare=skuId%3A16013570474%3Bsource%3Alazada-search-voucher%3Bsn%3A2cc5dbdee968abe78d2a0a88c090c687%3BoriginPrice%3A68800000%3BdisplayPrice%3A68800000%3BisGray%3Afalse%3BsinglePromotionId%3A-1%3BsingleToolCode%3AmockedSalePrice%3BvoucherPricePlugin%3A0%3Btimestamp%3A1780167465147&ratingscore=4.46643109540636&request_id=2cc5dbdee968abe78d2a0a88c090c687&review=566&sale=1063&search=1&source=search&spm=a2o4j.searchlist.list.2&stock=1","","Desain bodi aluminium, Pelindung kaca Gorilla Glass 3, Alhamdulillah pesanan sampai dan sudah diambil sama teman, pertama di kirim baterai nya lowbat, sempat kesel tapi berikut nya langsung bisa nyala.. terima kasih","2025-12-26"
"1780196625-204","https://www.lazada.co.id/products/pdp-i8608700849-s16013570474.html?c=&channelLpJumpArgs=&clickTrackInfo=query%253Ahp%252Bhdc%252Bvivo%253Bnid%253A8608700849%253Bsrc%253ALazadaMainSrp%253Brn%253A2cc5dbdee968abe78d2a0a88c090c687%253Bregion%253Aid%253Bsku%253A8608700849_ID%253Bprice%253A688000%253Bclient%253Adesktop%253Bsupplier_id%253A401099536002%253Bsession_id%253A%253Bbiz_source%253Ah5_internal%253Bslot%253A2%253Butlog_bucket_id%253A470687%253Basc_category_id%253A10100333%253Bitem_id%253A8608700849%253Bsku_id%253A16013570474%253Bshop_id%253A6307054%253BtemplateInfo%253A107879_A3_C_E%2523&freeshipping=1&fs_ab=2&fuse_fs=&lang=id&location=Kab.%20Tangerang&price=6.88E%205&priceCompare=skuId%3A16013570474%3Bsource%3Alazada-search-voucher%3Bsn%3A2cc5dbdee968abe78d2a0a88c090c687%3BoriginPrice%3A68800000%3BdisplayPrice%3A68800000%3BisGray%3Afalse%3BsinglePromotionId%3A-1%3BsingleToolCode%3AmockedSalePrice%3BvoucherPricePlugin%3A0%3Btimestamp%3A1780167465147&ratingscore=4.46643109540636&request_id=2cc5dbdee968abe78d2a0a88c090c687&review=566&sale=1063&search=1&source=search&spm=a2o4j.searchlist.list.2&stock=1","","Kamera belakang 13MP dengan lampu kilat, Baru, segel, dan bergaransi, Pelindung kaca Gorilla Glass 3, 8, Alhamdulillah terus amanah biar berkah","2025-12-26"
"1780196625-205","https://www.lazada.co.id/products/pdp-i8608700849-s16013570474.html?c=&channelLpJumpArgs=&clickTrackInfo=query%253Ahp%252Bhdc%252Bvivo%253Bnid%253A8608700849%253Bsrc%253ALazadaMainSrp%253Brn%253A2cc5dbdee968abe78d2a0a88c090c687%253Bregion%253Aid%253Bsku%253A8608700849_ID%253Bprice%253A688000%253Bclient%253Adesktop%253Bsupplier_id%253A401099536002%253Bsession_id%253A%253Bbiz_source%253Ah5_internal%253Bslot%253A2%253Butlog_bucket_id%253A470687%253Basc_category_id%253A10100333%253Bitem_id%253A8608700849%253Bsku_id%253A16013570474%253Bshop_id%253A6307054%253BtemplateInfo%253A107879_A3_C_E%2523&freeshipping=1&fs_ab=2&fuse_fs=&lang=id&location=Kab.%20Tangerang&price=6.88E%205&priceCompare=skuId%3A16013570474%3Bsource%3Alazada-search-voucher%3Bsn%3A2cc5dbdee968abe78d2a0a88c090c687%3BoriginPrice%3A68800000%3BdisplayPrice%3A68800000%3BisGray%3Afalse%3BsinglePromotionId%3A-1%3BsingleToolCode%3AmockedSalePrice%3BvoucherPricePlugin%3A0%3Btimestamp%3A1780167465147&ratingscore=4.46643109540636&request_id=2cc5dbdee968abe78d2a0a88c090c687&review=566&sale=1063&search=1&source=search&spm=a2o4j.searchlist.list.2&stock=1","","alhamdulilah, paketnya udah sampai dan barangnya asli dan baru, trimakasi yang punya toko dan lazada sukses selalu","2025-12-18"
"1780196625-206","https://www.lazada.co.id/products/pdp-i8608700849-s16013570474.html?c=&channelLpJumpArgs=&clickTrackInfo=query%253Ahp%252Bhdc%252Bvivo%253Bnid%253A8608700849%253Bsrc%253ALazadaMainSrp%253Brn%253A2cc5dbdee968abe78d2a0a88c090c687%253Bregion%253Aid%253Bsku%253A8608700849_ID%253Bprice%253A688000%253Bclient%253Adesktop%253Bsupplier_id%253A401099536002%253Bsession_id%253A%253Bbiz_source%253Ah5_internal%253Bslot%253A2%253Butlog_bucket_id%253A470687%253Basc_category_id%253A10100333%253Bitem_id%253A8608700849%253Bsku_id%253A16013570474%253Bshop_id%253A6307054%253BtemplateInfo%253A107879_A3_C_E%2523&freeshipping=1&fs_ab=2&fuse_fs=&lang=id&location=Kab.%20Tangerang&price=6.88E%205&priceCompare=skuId%3A16013570474%3Bsource%3Alazada-search-voucher%3Bsn%3A2cc5dbdee968abe78d2a0a88c090c687%3BoriginPrice%3A68800000%3BdisplayPrice%3A68800000%3BisGray%3Afalse%3BsinglePromotionId%3A-1%3BsingleToolCode%3AmockedSalePrice%3BvoucherPricePlugin%3A0%3Btimestamp%3A1780167465147&ratingscore=4.46643109540636&request_id=2cc5dbdee968abe78d2a0a88c090c687&review=566&sale=1063&search=1&source=search&spm=a2o4j.searchlist.list.2&stock=1","","mantap tafi nya panik jaringan nya melalui wfi, gatau nya ada pengaturan nya, srkarang fah normal, mamtap, toko nya amanah.","2025-12-18"
"1780196625-207","https://www.lazada.co.id/products/pdp-i8608700849-s16013570474.html?c=&channelLpJumpArgs=&clickTrackInfo=query%253Ahp%252Bhdc%252Bvivo%253Bnid%253A8608700849%253Bsrc%253ALazadaMainSrp%253Brn%253A2cc5dbdee968abe78d2a0a88c090c687%253Bregion%253Aid%253Bsku%253A8608700849_ID%253Bprice%253A688000%253Bclient%253Adesktop%253Bsupplier_id%253A401099536002%253Bsession_id%253A%253Bbiz_source%253Ah5_internal%253Bslot%253A2%253Butlog_bucket_id%253A470687%253Basc_category_id%253A10100333%253Bitem_id%253A8608700849%253Bsku_id%253A16013570474%253Bshop_id%253A6307054%253BtemplateInfo%253A107879_A3_C_E%2523&freeshipping=1&fs_ab=2&fuse_fs=&lang=id&location=Kab.%20Tangerang&price=6.88E%205&priceCompare=skuId%3A16013570474%3Bsource%3Alazada-search-voucher%3Bsn%3A2cc5dbdee968abe78d2a0a88c090c687%3BoriginPrice%3A68800000%3BdisplayPrice%3A68800000%3BisGray%3Afalse%3BsinglePromotionId%3A-1%3BsingleToolCode%3AmockedSalePrice%3BvoucherPricePlugin%3A0%3Btimestamp%3A1780167465147&ratingscore=4.46643109540636&request_id=2cc5dbdee968abe78d2a0a88c090c687&review=566&sale=1063&search=1&source=search&spm=a2o4j.searchlist.list.2&stock=1","","tampilan bagus sekali,kualitas kurang baik, awalnya baik setelah lama nyala hp panas langsung hilang,","2025-12-13"
"1780196625-208","https://www.lazada.co.id/products/pdp-i8608700849-s16013570474.html?c=&channelLpJumpArgs=&clickTrackInfo=query%253Ahp%252Bhdc%252Bvivo%253Bnid%253A8608700849%253Bsrc%253ALazadaMainSrp%253Brn%253A2cc5dbdee968abe78d2a0a88c090c687%253Bregion%253Aid%253Bsku%253A8608700849_ID%253Bprice%253A688000%253Bclient%253Adesktop%253Bsupplier_id%253A401099536002%253Bsession_id%253A%253Bbiz_source%253Ah5_internal%253Bslot%253A2%253Butlog_bucket_id%253A470687%253Basc_category_id%253A10100333%253Bitem_id%253A8608700849%253Bsku_id%253A16013570474%253Bshop_id%253A6307054%253BtemplateInfo%253A107879_A3_C_E%2523&freeshipping=1&fs_ab=2&fuse_fs=&lang=id&location=Kab.%20Tangerang&price=6.88E%205&priceCompare=skuId%3A16013570474%3Bsource%3Alazada-search-voucher%3Bsn%3A2cc5dbdee968abe78d2a0a88c090c687%3BoriginPrice%3A68800000%3BdisplayPrice%3A68800000%3BisGray%3Afalse%3BsinglePromotionId%3A-1%3BsingleToolCode%3AmockedSalePrice%3BvoucherPricePlugin%3A0%3Btimestamp%3A1780167465147&ratingscore=4.46643109540636&request_id=2cc5dbdee968abe78d2a0a88c090c687&review=566&sale=1063&search=1&source=search&spm=a2o4j.searchlist.list.2&stock=1","","barang datang sesuai pesan pengirimannya cepat. Kapasitas baterai 3360mAh, Pelindung kaca Gorilla Glass 3, Baru, segel, dan bergaransi, makasih seller udah amanah makasih juga buat lazada mas kurirnya","2025-12-08"
"1780196625-209","https://www.lazada.co.id/products/pdp-i8608700849-s16013570474.html?c=&channelLpJumpArgs=&clickTrackInfo=query%253Ahp%252Bhdc%252Bvivo%253Bnid%253A8608700849%253Bsrc%253ALazadaMainSrp%253Brn%253A2cc5dbdee968abe78d2a0a88c090c687%253Bregion%253Aid%253Bsku%253A8608700849_ID%253Bprice%253A688000%253Bclient%253Adesktop%253Bsupplier_id%253A401099536002%253Bsession_id%253A%253Bbiz_source%253Ah5_internal%253Bslot%253A2%253Butlog_bucket_id%253A470687%253Basc_category_id%253A10100333%253Bitem_id%253A8608700849%253Bsku_id%253A16013570474%253Bshop_id%253A6307054%253BtemplateInfo%253A107879_A3_C_E%2523&freeshipping=1&fs_ab=2&fuse_fs=&lang=id&location=Kab.%20Tangerang&price=6.88E%205&priceCompare=skuId%3A16013570474%3Bsource%3Alazada-search-voucher%3Bsn%3A2cc5dbdee968abe78d2a0a88c090c687%3BoriginPrice%3A68800000%3BdisplayPrice%3A68800000%3BisGray%3Afalse%3BsinglePromotionId%3A-1%3BsingleToolCode%3AmockedSalePrice%3BvoucherPricePlugin%3A0%3Btimestamp%3A1780167465147&ratingscore=4.46643109540636&request_id=2cc5dbdee968abe78d2a0a88c090c687&review=566&sale=1063&search=1&source=search&spm=a2o4j.searchlist.list.2&stock=1","","hpnya sudah sampai dgn selamat, kurirnya ramah dan ikut bantu buatkan video unboxing, meskipun hpnya  keluaran 2019 tapi masih baru disegel dan bagus sesuai pesanan Vivo Y66,terima kasih seller sudah amanah","2025-12-10"
"1780196625-210","https://www.lazada.co.id/products/pdp-i8608700849-s16013570474.html?c=&channelLpJumpArgs=&clickTrackInfo=query%253Ahp%252Bhdc%252Bvivo%253Bnid%253A8608700849%253Bsrc%253ALazadaMainSrp%253Brn%253A2cc5dbdee968abe78d2a0a88c090c687%253Bregion%253Aid%253Bsku%253A8608700849_ID%253Bprice%253A688000%253Bclient%253Adesktop%253Bsupplier_id%253A401099536002%253Bsession_id%253A%253Bbiz_source%253Ah5_internal%253Bslot%253A2%253Butlog_bucket_id%253A470687%253Basc_category_id%253A10100333%253Bitem_id%253A8608700849%253Bsku_id%253A16013570474%253Bshop_id%253A6307054%253BtemplateInfo%253A107879_A3_C_E%2523&freeshipping=1&fs_ab=2&fuse_fs=&lang=id&location=Kab.%20Tangerang&price=6.88E%205&priceCompare=skuId%3A16013570474%3Bsource%3Alazada-search-voucher%3Bsn%3A2cc5dbdee968abe78d2a0a88c090c687%3BoriginPrice%3A68800000%3BdisplayPrice%3A68800000%3BisGray%3Afalse%3BsinglePromotionId%3A-1%3BsingleToolCode%3AmockedSalePrice%3BvoucherPricePlugin%3A0%3Btimestamp%3A1780167465147&ratingscore=4.46643109540636&request_id=2cc5dbdee968abe78d2a0a88c090c687&review=566&sale=1063&search=1&source=search&spm=a2o4j.searchlist.list.2&stock=1","","bagus Ade saya suka","2025-12-12"
"1780196625-211","https://www.lazada.co.id/products/pdp-i8608700849-s16013570474.html?c=&channelLpJumpArgs=&clickTrackInfo=query%253Ahp%252Bhdc%252Bvivo%253Bnid%253A8608700849%253Bsrc%253ALazadaMainSrp%253Brn%253A2cc5dbdee968abe78d2a0a88c090c687%253Bregion%253Aid%253Bsku%253A8608700849_ID%253Bprice%253A688000%253Bclient%253Adesktop%253Bsupplier_id%253A401099536002%253Bsession_id%253A%253Bbiz_source%253Ah5_internal%253Bslot%253A2%253Butlog_bucket_id%253A470687%253Basc_category_id%253A10100333%253Bitem_id%253A8608700849%253Bsku_id%253A16013570474%253Bshop_id%253A6307054%253BtemplateInfo%253A107879_A3_C_E%2523&freeshipping=1&fs_ab=2&fuse_fs=&lang=id&location=Kab.%20Tangerang&price=6.88E%205&priceCompare=skuId%3A16013570474%3Bsource%3Alazada-search-voucher%3Bsn%3A2cc5dbdee968abe78d2a0a88c090c687%3BoriginPrice%3A68800000%3BdisplayPrice%3A68800000%3BisGray%3Afalse%3BsinglePromotionId%3A-1%3BsingleToolCode%3AmockedSalePrice%3BvoucherPricePlugin%3A0%3Btimestamp%3A1780167465147&ratingscore=4.46643109540636&request_id=2cc5dbdee968abe78d2a0a88c090c687&review=566&sale=1063&search=1&source=search&spm=a2o4j.searchlist.list.2&stock=1","","Baru, segel dan berfungsi dengan baik cuma pengisian baterai cukup lama selebihnya oke","2026-01-11"
"1780196625-212","https://www.lazada.co.id/products/pdp-i8608700849-s16013570474.html?c=&channelLpJumpArgs=&clickTrackInfo=query%253Ahp%252Bhdc%252Bvivo%253Bnid%253A8608700849%253Bsrc%253ALazadaMainSrp%253Brn%253A2cc5dbdee968abe78d2a0a88c090c687%253Bregion%253Aid%253Bsku%253A8608700849_ID%253Bprice%253A688000%253Bclient%253Adesktop%253Bsupplier_id%253A401099536002%253Bsession_id%253A%253Bbiz_source%253Ah5_internal%253Bslot%253A2%253Butlog_bucket_id%253A470687%253Basc_category_id%253A10100333%253Bitem_id%253A8608700849%253Bsku_id%253A16013570474%253Bshop_id%253A6307054%253BtemplateInfo%253A107879_A3_C_E%2523&freeshipping=1&fs_ab=2&fuse_fs=&lang=id&location=Kab.%20Tangerang&price=6.88E%205&priceCompare=skuId%3A16013570474%3Bsource%3Alazada-search-voucher%3Bsn%3A2cc5dbdee968abe78d2a0a88c090c687%3BoriginPrice%3A68800000%3BdisplayPrice%3A68800000%3BisGray%3Afalse%3BsinglePromotionId%3A-1%3BsingleToolCode%3AmockedSalePrice%3BvoucherPricePlugin%3A0%3Btimestamp%3A1780167465147&ratingscore=4.46643109540636&request_id=2cc5dbdee968abe78d2a0a88c090c687&review=566&sale=1063&search=1&source=search&spm=a2o4j.searchlist.list.2&stock=1","","Baru, segel, dan bergaransi, Pelindung kaca Gorilla Glass 3, HP bagus dan murah, terimakasih 🙏","2025-12-20"
"1780196625-213","https://www.lazada.co.id/products/pdp-i8608700849-s16013570474.html?c=&channelLpJumpArgs=&clickTrackInfo=query%253Ahp%252Bhdc%252Bvivo%253Bnid%253A8608700849%253Bsrc%253ALazadaMainSrp%253Brn%253A2cc5dbdee968abe78d2a0a88c090c687%253Bregion%253Aid%253Bsku%253A8608700849_ID%253Bprice%253A688000%253Bclient%253Adesktop%253Bsupplier_id%253A401099536002%253Bsession_id%253A%253Bbiz_source%253Ah5_internal%253Bslot%253A2%253Butlog_bucket_id%253A470687%253Basc_category_id%253A10100333%253Bitem_id%253A8608700849%253Bsku_id%253A16013570474%253Bshop_id%253A6307054%253BtemplateInfo%253A107879_A3_C_E%2523&freeshipping=1&fs_ab=2&fuse_fs=&lang=id&location=Kab.%20Tangerang&price=6.88E%205&priceCompare=skuId%3A16013570474%3Bsource%3Alazada-search-voucher%3Bsn%3A2cc5dbdee968abe78d2a0a88c090c687%3BoriginPrice%3A68800000%3BdisplayPrice%3A68800000%3BisGray%3Afalse%3BsinglePromotionId%3A-1%3BsingleToolCode%3AmockedSalePrice%3BvoucherPricePlugin%3A0%3Btimestamp%3A1780167465147&ratingscore=4.46643109540636&request_id=2cc5dbdee968abe78d2a0a88c090c687&review=566&sale=1063&search=1&source=search&spm=a2o4j.searchlist.list.2&stock=1","","Kamera belakang 13MP dengan lampu kilat, Kapasitas baterai 3360mAh, Baru, segel, dan bergaransi, Desain bodi aluminium, Pelindung kaca Gorilla Glass 3,","2025-11-29"
"1780196625-214","https://www.lazada.co.id/products/pdp-i8608700849-s16013570474.html?c=&channelLpJumpArgs=&clickTrackInfo=query%253Ahp%252Bhdc%252Bvivo%253Bnid%253A8608700849%253Bsrc%253ALazadaMainSrp%253Brn%253A2cc5dbdee968abe78d2a0a88c090c687%253Bregion%253Aid%253Bsku%253A8608700849_ID%253Bprice%253A688000%253Bclient%253Adesktop%253Bsupplier_id%253A401099536002%253Bsession_id%253A%253Bbiz_source%253Ah5_internal%253Bslot%253A2%253Butlog_bucket_id%253A470687%253Basc_category_id%253A10100333%253Bitem_id%253A8608700849%253Bsku_id%253A16013570474%253Bshop_id%253A6307054%253BtemplateInfo%253A107879_A3_C_E%2523&freeshipping=1&fs_ab=2&fuse_fs=&lang=id&location=Kab.%20Tangerang&price=6.88E%205&priceCompare=skuId%3A16013570474%3Bsource%3Alazada-search-voucher%3Bsn%3A2cc5dbdee968abe78d2a0a88c090c687%3BoriginPrice%3A68800000%3BdisplayPrice%3A68800000%3BisGray%3Afalse%3BsinglePromotionId%3A-1%3BsingleToolCode%3AmockedSalePrice%3BvoucherPricePlugin%3A0%3Btimestamp%3A1780167465147&ratingscore=4.46643109540636&request_id=2cc5dbdee968abe78d2a0a88c090c687&review=566&sale=1063&search=1&source=search&spm=a2o4j.searchlist.list.2&stock=1","","Kapasitas baterai 3360mAh, Kamera belakang 13MP dengan lampu kilat, Baru, segel, dan bergaransi, Desain bodi aluminium, Pelindung kaca Gorilla Glass 3,","2025-11-30"
"1780196625-215","https://www.lazada.co.id/products/pdp-i8608700849-s16013570474.html?c=&channelLpJumpArgs=&clickTrackInfo=query%253Ahp%252Bhdc%252Bvivo%253Bnid%253A8608700849%253Bsrc%253ALazadaMainSrp%253Brn%253A2cc5dbdee968abe78d2a0a88c090c687%253Bregion%253Aid%253Bsku%253A8608700849_ID%253Bprice%253A688000%253Bclient%253Adesktop%253Bsupplier_id%253A401099536002%253Bsession_id%253A%253Bbiz_source%253Ah5_internal%253Bslot%253A2%253Butlog_bucket_id%253A470687%253Basc_category_id%253A10100333%253Bitem_id%253A8608700849%253Bsku_id%253A16013570474%253Bshop_id%253A6307054%253BtemplateInfo%253A107879_A3_C_E%2523&freeshipping=1&fs_ab=2&fuse_fs=&lang=id&location=Kab.%20Tangerang&price=6.88E%205&priceCompare=skuId%3A16013570474%3Bsource%3Alazada-search-voucher%3Bsn%3A2cc5dbdee968abe78d2a0a88c090c687%3BoriginPrice%3A68800000%3BdisplayPrice%3A68800000%3BisGray%3Afalse%3BsinglePromotionId%3A-1%3BsingleToolCode%3AmockedSalePrice%3BvoucherPricePlugin%3A0%3Btimestamp%3A1780167465147&ratingscore=4.46643109540636&request_id=2cc5dbdee968abe78d2a0a88c090c687&review=566&sale=1063&search=1&source=search&spm=a2o4j.searchlist.list.2&stock=1","","Baru, segel, dan bergaransi, Pelindung kaca Gorilla Glass 3,Pelindung kaca Gorilla Glass 3,","2025-12-14"
"1780196625-216","https://www.lazada.co.id/products/pdp-i8608700849-s16013570474.html?c=&channelLpJumpArgs=&clickTrackInfo=query%253Ahp%252Bhdc%252Bvivo%253Bnid%253A8608700849%253Bsrc%253ALazadaMainSrp%253Brn%253A2cc5dbdee968abe78d2a0a88c090c687%253Bregion%253Aid%253Bsku%253A8608700849_ID%253Bprice%253A688000%253Bclient%253Adesktop%253Bsupplier_id%253A401099536002%253Bsession_id%253A%253Bbiz_source%253Ah5_internal%253Bslot%253A2%253Butlog_bucket_id%253A470687%253Basc_category_id%253A10100333%253Bitem_id%253A8608700849%253Bsku_id%253A16013570474%253Bshop_id%253A6307054%253BtemplateInfo%253A107879_A3_C_E%2523&freeshipping=1&fs_ab=2&fuse_fs=&lang=id&location=Kab.%20Tangerang&price=6.88E%205&priceCompare=skuId%3A16013570474%3Bsource%3Alazada-search-voucher%3Bsn%3A2cc5dbdee968abe78d2a0a88c090c687%3BoriginPrice%3A68800000%3BdisplayPrice%3A68800000%3BisGray%3Afalse%3BsinglePromotionId%3A-1%3BsingleToolCode%3AmockedSalePrice%3BvoucherPricePlugin%3A0%3Btimestamp%3A1780167465147&ratingscore=4.46643109540636&request_id=2cc5dbdee968abe78d2a0a88c090c687&review=566&sale=1063&search=1&source=search&spm=a2o4j.searchlist.list.2&stock=1","","Kamera belakang 13MP dengan lampu kilat, Kapasitas baterai 3360mAh, Pelindung kaca Gorilla Glass 3, Baru, segel, dan bergaransi,","2025-11-18"
"1780196625-217","https://www.lazada.co.id/products/pdp-i8608700849-s16013570474.html?c=&channelLpJumpArgs=&clickTrackInfo=query%253Ahp%252Bhdc%252Bvivo%253Bnid%253A8608700849%253Bsrc%253ALazadaMainSrp%253Brn%253A2cc5dbdee968abe78d2a0a88c090c687%253Bregion%253Aid%253Bsku%253A8608700849_ID%253Bprice%253A688000%253Bclient%253Adesktop%253Bsupplier_id%253A401099536002%253Bsession_id%253A%253Bbiz_source%253Ah5_internal%253Bslot%253A2%253Butlog_bucket_id%253A470687%253Basc_category_id%253A10100333%253Bitem_id%253A8608700849%253Bsku_id%253A16013570474%253Bshop_id%253A6307054%253BtemplateInfo%253A107879_A3_C_E%2523&freeshipping=1&fs_ab=2&fuse_fs=&lang=id&location=Kab.%20Tangerang&price=6.88E%205&priceCompare=skuId%3A16013570474%3Bsource%3Alazada-search-voucher%3Bsn%3A2cc5dbdee968abe78d2a0a88c090c687%3BoriginPrice%3A68800000%3BdisplayPrice%3A68800000%3BisGray%3Afalse%3BsinglePromotionId%3A-1%3BsingleToolCode%3AmockedSalePrice%3BvoucherPricePlugin%3A0%3Btimestamp%3A1780167465147&ratingscore=4.46643109540636&request_id=2cc5dbdee968abe78d2a0a88c090c687&review=566&sale=1063&search=1&source=search&spm=a2o4j.searchlist.list.2&stock=1","","Pelindung kaca Gorilla Glass 3, Desain bodi aluminium, Baru, segel, dan bergaransi,","2025-12-20"
"1780196625-218","https://www.lazada.co.id/products/pdp-i8608700849-s16013570474.html?c=&channelLpJumpArgs=&clickTrackInfo=query%253Ahp%252Bhdc%252Bvivo%253Bnid%253A8608700849%253Bsrc%253ALazadaMainSrp%253Brn%253A2cc5dbdee968abe78d2a0a88c090c687%253Bregion%253Aid%253Bsku%253A8608700849_ID%253Bprice%253A688000%253Bclient%253Adesktop%253Bsupplier_id%253A401099536002%253Bsession_id%253A%253Bbiz_source%253Ah5_internal%253Bslot%253A2%253Butlog_bucket_id%253A470687%253Basc_category_id%253A10100333%253Bitem_id%253A8608700849%253Bsku_id%253A16013570474%253Bshop_id%253A6307054%253BtemplateInfo%253A107879_A3_C_E%2523&freeshipping=1&fs_ab=2&fuse_fs=&lang=id&location=Kab.%20Tangerang&price=6.88E%205&priceCompare=skuId%3A16013570474%3Bsource%3Alazada-search-voucher%3Bsn%3A2cc5dbdee968abe78d2a0a88c090c687%3BoriginPrice%3A68800000%3BdisplayPrice%3A68800000%3BisGray%3Afalse%3BsinglePromotionId%3A-1%3BsingleToolCode%3AmockedSalePrice%3BvoucherPricePlugin%3A0%3Btimestamp%3A1780167465147&ratingscore=4.46643109540636&request_id=2cc5dbdee968abe78d2a0a88c090c687&review=566&sale=1063&search=1&source=search&spm=a2o4j.searchlist.list.2&stock=1","","Kapasitas baterai 3360mAh, Desain bodi aluminium, Kamera belakang 13MP dengan lampu kilat,","2025-11-30"
"1780196625-219","https://www.lazada.co.id/products/pdp-i8608700849-s16013570474.html?c=&channelLpJumpArgs=&clickTrackInfo=query%253Ahp%252Bhdc%252Bvivo%253Bnid%253A8608700849%253Bsrc%253ALazadaMainSrp%253Brn%253A2cc5dbdee968abe78d2a0a88c090c687%253Bregion%253Aid%253Bsku%253A8608700849_ID%253Bprice%253A688000%253Bclient%253Adesktop%253Bsupplier_id%253A401099536002%253Bsession_id%253A%253Bbiz_source%253Ah5_internal%253Bslot%253A2%253Butlog_bucket_id%253A470687%253Basc_category_id%253A10100333%253Bitem_id%253A8608700849%253Bsku_id%253A16013570474%253Bshop_id%253A6307054%253BtemplateInfo%253A107879_A3_C_E%2523&freeshipping=1&fs_ab=2&fuse_fs=&lang=id&location=Kab.%20Tangerang&price=6.88E%205&priceCompare=skuId%3A16013570474%3Bsource%3Alazada-search-voucher%3Bsn%3A2cc5dbdee968abe78d2a0a88c090c687%3BoriginPrice%3A68800000%3BdisplayPrice%3A68800000%3BisGray%3Afalse%3BsinglePromotionId%3A-1%3BsingleToolCode%3AmockedSalePrice%3BvoucherPricePlugin%3A0%3Btimestamp%3A1780167465147&ratingscore=4.46643109540636&request_id=2cc5dbdee968abe78d2a0a88c090c687&review=566&sale=1063&search=1&source=search&spm=a2o4j.searchlist.list.2&stock=1","","kemudahan penggunaan:","2025-12-17"
"1780196625-220","https://www.lazada.co.id/products/pdp-i8608700849-s16013570474.html?c=&channelLpJumpArgs=&clickTrackInfo=query%253Ahp%252Bhdc%252Bvivo%253Bnid%253A8608700849%253Bsrc%253ALazadaMainSrp%253Brn%253A2cc5dbdee968abe78d2a0a88c090c687%253Bregion%253Aid%253Bsku%253A8608700849_ID%253Bprice%253A688000%253Bclient%253Adesktop%253Bsupplier_id%253A401099536002%253Bsession_id%253A%253Bbiz_source%253Ah5_internal%253Bslot%253A2%253Butlog_bucket_id%253A470687%253Basc_category_id%253A10100333%253Bitem_id%253A8608700849%253Bsku_id%253A16013570474%253Bshop_id%253A6307054%253BtemplateInfo%253A107879_A3_C_E%2523&freeshipping=1&fs_ab=2&fuse_fs=&lang=id&location=Kab.%20Tangerang&price=6.88E%205&priceCompare=skuId%3A16013570474%3Bsource%3Alazada-search-voucher%3Bsn%3A2cc5dbdee968abe78d2a0a88c090c687%3BoriginPrice%3A68800000%3BdisplayPrice%3A68800000%3BisGray%3Afalse%3BsinglePromotionId%3A-1%3BsingleToolCode%3AmockedSalePrice%3BvoucherPricePlugin%3A0%3Btimestamp%3A1780167465147&ratingscore=4.46643109540636&request_id=2cc5dbdee968abe78d2a0a88c090c687&review=566&sale=1063&search=1&source=search&spm=a2o4j.searchlist.list.2&stock=1","","Kamera belakang 13MP dengan lampu kilat, Baru, segel, dan bergaransi, Pelindung kaca Gorilla Glass 3,","2025-11-02"
"1780196625-221","https://www.lazada.co.id/products/pdp-i8608700849-s16013570474.html?c=&channelLpJumpArgs=&clickTrackInfo=query%253Ahp%252Bhdc%252Bvivo%253Bnid%253A8608700849%253Bsrc%253ALazadaMainSrp%253Brn%253A2cc5dbdee968abe78d2a0a88c090c687%253Bregion%253Aid%253Bsku%253A8608700849_ID%253Bprice%253A688000%253Bclient%253Adesktop%253Bsupplier_id%253A401099536002%253Bsession_id%253A%253Bbiz_source%253Ah5_internal%253Bslot%253A2%253Butlog_bucket_id%253A470687%253Basc_category_id%253A10100333%253Bitem_id%253A8608700849%253Bsku_id%253A16013570474%253Bshop_id%253A6307054%253BtemplateInfo%253A107879_A3_C_E%2523&freeshipping=1&fs_ab=2&fuse_fs=&lang=id&location=Kab.%20Tangerang&price=6.88E%205&priceCompare=skuId%3A16013570474%3Bsource%3Alazada-search-voucher%3Bsn%3A2cc5dbdee968abe78d2a0a88c090c687%3BoriginPrice%3A68800000%3BdisplayPrice%3A68800000%3BisGray%3Afalse%3BsinglePromotionId%3A-1%3BsingleToolCode%3AmockedSalePrice%3BvoucherPricePlugin%3A0%3Btimestamp%3A1780167465147&ratingscore=4.46643109540636&request_id=2cc5dbdee968abe78d2a0a88c090c687&review=566&sale=1063&search=1&source=search&spm=a2o4j.searchlist.list.2&stock=1","","Desain bodi aluminium, Pelindung kaca Gorilla Glass 3, top markotop lah njos gandos pokokee.. 
👍👍👍👍👍","2025-11-01"
"1780196625-222","https://www.lazada.co.id/products/pdp-i8608700849-s16013570474.html?c=&channelLpJumpArgs=&clickTrackInfo=query%253Ahp%252Bhdc%252Bvivo%253Bnid%253A8608700849%253Bsrc%253ALazadaMainSrp%253Brn%253A2cc5dbdee968abe78d2a0a88c090c687%253Bregion%253Aid%253Bsku%253A8608700849_ID%253Bprice%253A688000%253Bclient%253Adesktop%253Bsupplier_id%253A401099536002%253Bsession_id%253A%253Bbiz_source%253Ah5_internal%253Bslot%253A2%253Butlog_bucket_id%253A470687%253Basc_category_id%253A10100333%253Bitem_id%253A8608700849%253Bsku_id%253A16013570474%253Bshop_id%253A6307054%253BtemplateInfo%253A107879_A3_C_E%2523&freeshipping=1&fs_ab=2&fuse_fs=&lang=id&location=Kab.%20Tangerang&price=6.88E%205&priceCompare=skuId%3A16013570474%3Bsource%3Alazada-search-voucher%3Bsn%3A2cc5dbdee968abe78d2a0a88c090c687%3BoriginPrice%3A68800000%3BdisplayPrice%3A68800000%3BisGray%3Afalse%3BsinglePromotionId%3A-1%3BsingleToolCode%3AmockedSalePrice%3BvoucherPricePlugin%3A0%3Btimestamp%3A1780167465147&ratingscore=4.46643109540636&request_id=2cc5dbdee968abe78d2a0a88c090c687&review=566&sale=1063&search=1&source=search&spm=a2o4j.searchlist.list.2&stock=1","","Alhamdulillah paket sudah sampai kemaren sore . sesuai gambar dan sesuai pesanan . toko nya amanah .neks order lagi","2025-11-05"
"1780196625-223","https://www.lazada.co.id/products/pdp-i8608700849-s16013570474.html?c=&channelLpJumpArgs=&clickTrackInfo=query%253Ahp%252Bhdc%252Bvivo%253Bnid%253A8608700849%253Bsrc%253ALazadaMainSrp%253Brn%253A2cc5dbdee968abe78d2a0a88c090c687%253Bregion%253Aid%253Bsku%253A8608700849_ID%253Bprice%253A688000%253Bclient%253Adesktop%253Bsupplier_id%253A401099536002%253Bsession_id%253A%253Bbiz_source%253Ah5_internal%253Bslot%253A2%253Butlog_bucket_id%253A470687%253Basc_category_id%253A10100333%253Bitem_id%253A8608700849%253Bsku_id%253A16013570474%253Bshop_id%253A6307054%253BtemplateInfo%253A107879_A3_C_E%2523&freeshipping=1&fs_ab=2&fuse_fs=&lang=id&location=Kab.%20Tangerang&price=6.88E%205&priceCompare=skuId%3A16013570474%3Bsource%3Alazada-search-voucher%3Bsn%3A2cc5dbdee968abe78d2a0a88c090c687%3BoriginPrice%3A68800000%3BdisplayPrice%3A68800000%3BisGray%3Afalse%3BsinglePromotionId%3A-1%3BsingleToolCode%3AmockedSalePrice%3BvoucherPricePlugin%3A0%3Btimestamp%3A1780167465147&ratingscore=4.46643109540636&request_id=2cc5dbdee968abe78d2a0a88c090c687&review=566&sale=1063&search=1&source=search&spm=a2o4j.searchlist.list.2&stock=1","","baik. mudah2an awet","2026-04-02"
"1780196625-224","https://www.lazada.co.id/products/pdp-i8608700849-s16013570474.html?c=&channelLpJumpArgs=&clickTrackInfo=query%253Ahp%252Bhdc%252Bvivo%253Bnid%253A8608700849%253Bsrc%253ALazadaMainSrp%253Brn%253A2cc5dbdee968abe78d2a0a88c090c687%253Bregion%253Aid%253Bsku%253A8608700849_ID%253Bprice%253A688000%253Bclient%253Adesktop%253Bsupplier_id%253A401099536002%253Bsession_id%253A%253Bbiz_source%253Ah5_internal%253Bslot%253A2%253Butlog_bucket_id%253A470687%253Basc_category_id%253A10100333%253Bitem_id%253A8608700849%253Bsku_id%253A16013570474%253Bshop_id%253A6307054%253BtemplateInfo%253A107879_A3_C_E%2523&freeshipping=1&fs_ab=2&fuse_fs=&lang=id&location=Kab.%20Tangerang&price=6.88E%205&priceCompare=skuId%3A16013570474%3Bsource%3Alazada-search-voucher%3Bsn%3A2cc5dbdee968abe78d2a0a88c090c687%3BoriginPrice%3A68800000%3BdisplayPrice%3A68800000%3BisGray%3Afalse%3BsinglePromotionId%3A-1%3BsingleToolCode%3AmockedSalePrice%3BvoucherPricePlugin%3A0%3Btimestamp%3A1780167465147&ratingscore=4.46643109540636&request_id=2cc5dbdee968abe78d2a0a88c090c687&review=566&sale=1063&search=1&source=search&spm=a2o4j.searchlist.list.2&stock=1","","jangan ragu pilih prodak ini,,brang murah tapi bikan murahanKamera belakang 13MP dengan lampu kilat, Baru, segel, dan bergaransi,","2025-10-25"
"1780196625-225","https://www.lazada.co.id/products/pdp-i8608700849-s16013570474.html?c=&channelLpJumpArgs=&clickTrackInfo=query%253Ahp%252Bhdc%252Bvivo%253Bnid%253A8608700849%253Bsrc%253ALazadaMainSrp%253Brn%253A2cc5dbdee968abe78d2a0a88c090c687%253Bregion%253Aid%253Bsku%253A8608700849_ID%253Bprice%253A688000%253Bclient%253Adesktop%253Bsupplier_id%253A401099536002%253Bsession_id%253A%253Bbiz_source%253Ah5_internal%253Bslot%253A2%253Butlog_bucket_id%253A470687%253Basc_category_id%253A10100333%253Bitem_id%253A8608700849%253Bsku_id%253A16013570474%253Bshop_id%253A6307054%253BtemplateInfo%253A107879_A3_C_E%2523&freeshipping=1&fs_ab=2&fuse_fs=&lang=id&location=Kab.%20Tangerang&price=6.88E%205&priceCompare=skuId%3A16013570474%3Bsource%3Alazada-search-voucher%3Bsn%3A2cc5dbdee968abe78d2a0a88c090c687%3BoriginPrice%3A68800000%3BdisplayPrice%3A68800000%3BisGray%3Afalse%3BsinglePromotionId%3A-1%3BsingleToolCode%3AmockedSalePrice%3BvoucherPricePlugin%3A0%3Btimestamp%3A1780167465147&ratingscore=4.46643109540636&request_id=2cc5dbdee968abe78d2a0a88c090c687&review=566&sale=1063&search=1&source=search&spm=a2o4j.searchlist.list.2&stock=1","","Kompatibilitas:","2025-10-29"
"1780196625-226","https://www.lazada.co.id/products/pdp-i8608700849-s16013570474.html?c=&channelLpJumpArgs=&clickTrackInfo=query%253Ahp%252Bhdc%252Bvivo%253Bnid%253A8608700849%253Bsrc%253ALazadaMainSrp%253Brn%253A2cc5dbdee968abe78d2a0a88c090c687%253Bregion%253Aid%253Bsku%253A8608700849_ID%253Bprice%253A688000%253Bclient%253Adesktop%253Bsupplier_id%253A401099536002%253Bsession_id%253A%253Bbiz_source%253Ah5_internal%253Bslot%253A2%253Butlog_bucket_id%253A470687%253Basc_category_id%253A10100333%253Bitem_id%253A8608700849%253Bsku_id%253A16013570474%253Bshop_id%253A6307054%253BtemplateInfo%253A107879_A3_C_E%2523&freeshipping=1&fs_ab=2&fuse_fs=&lang=id&location=Kab.%20Tangerang&price=6.88E%205&priceCompare=skuId%3A16013570474%3Bsource%3Alazada-search-voucher%3Bsn%3A2cc5dbdee968abe78d2a0a88c090c687%3BoriginPrice%3A68800000%3BdisplayPrice%3A68800000%3BisGray%3Afalse%3BsinglePromotionId%3A-1%3BsingleToolCode%3AmockedSalePrice%3BvoucherPricePlugin%3A0%3Btimestamp%3A1780167465147&ratingscore=4.46643109540636&request_id=2cc5dbdee968abe78d2a0a88c090c687&review=566&sale=1063&search=1&source=search&spm=a2o4j.searchlist.list.2&stock=1","","Pelindung kaca Gorilla Glass 3, Desain bodi aluminium, Kamera belakang 13MP dengan lampu kilat,","2025-11-13"
"1780196625-227","https://www.lazada.co.id/products/pdp-i8608700849-s16013570474.html?c=&channelLpJumpArgs=&clickTrackInfo=query%253Ahp%252Bhdc%252Bvivo%253Bnid%253A8608700849%253Bsrc%253ALazadaMainSrp%253Brn%253A2cc5dbdee968abe78d2a0a88c090c687%253Bregion%253Aid%253Bsku%253A8608700849_ID%253Bprice%253A688000%253Bclient%253Adesktop%253Bsupplier_id%253A401099536002%253Bsession_id%253A%253Bbiz_source%253Ah5_internal%253Bslot%253A2%253Butlog_bucket_id%253A470687%253Basc_category_id%253A10100333%253Bitem_id%253A8608700849%253Bsku_id%253A16013570474%253Bshop_id%253A6307054%253BtemplateInfo%253A107879_A3_C_E%2523&freeshipping=1&fs_ab=2&fuse_fs=&lang=id&location=Kab.%20Tangerang&price=6.88E%205&priceCompare=skuId%3A16013570474%3Bsource%3Alazada-search-voucher%3Bsn%3A2cc5dbdee968abe78d2a0a88c090c687%3BoriginPrice%3A68800000%3BdisplayPrice%3A68800000%3BisGray%3Afalse%3BsinglePromotionId%3A-1%3BsingleToolCode%3AmockedSalePrice%3BvoucherPricePlugin%3A0%3Btimestamp%3A1780167465147&ratingscore=4.46643109540636&request_id=2cc5dbdee968abe78d2a0a88c090c687&review=566&sale=1063&search=1&source=search&spm=a2o4j.searchlist.list.2&stock=1","","Alhamdulillah hp'y sudah mndarat dg slamat dan seller'y amanah semoga berkah, hp'y cantik 😍😍, putra kcil q pasti suka hadiah ini, semoga berguna untuk bljar nanti, kurir'y jg baik","2025-10-20"
"1780196625-228","https://www.lazada.co.id/products/pdp-i8608700849-s16013570474.html?c=&channelLpJumpArgs=&clickTrackInfo=query%253Ahp%252Bhdc%252Bvivo%253Bnid%253A8608700849%253Bsrc%253ALazadaMainSrp%253Brn%253A2cc5dbdee968abe78d2a0a88c090c687%253Bregion%253Aid%253Bsku%253A8608700849_ID%253Bprice%253A688000%253Bclient%253Adesktop%253Bsupplier_id%253A401099536002%253Bsession_id%253A%253Bbiz_source%253Ah5_internal%253Bslot%253A2%253Butlog_bucket_id%253A470687%253Basc_category_id%253A10100333%253Bitem_id%253A8608700849%253Bsku_id%253A16013570474%253Bshop_id%253A6307054%253BtemplateInfo%253A107879_A3_C_E%2523&freeshipping=1&fs_ab=2&fuse_fs=&lang=id&location=Kab.%20Tangerang&price=6.88E%205&priceCompare=skuId%3A16013570474%3Bsource%3Alazada-search-voucher%3Bsn%3A2cc5dbdee968abe78d2a0a88c090c687%3BoriginPrice%3A68800000%3BdisplayPrice%3A68800000%3BisGray%3Afalse%3BsinglePromotionId%3A-1%3BsingleToolCode%3AmockedSalePrice%3BvoucherPricePlugin%3A0%3Btimestamp%3A1780167465147&ratingscore=4.46643109540636&request_id=2cc5dbdee968abe78d2a0a88c090c687&review=566&sale=1063&search=1&source=search&spm=a2o4j.searchlist.list.2&stock=1","","Kapasitas baterai 3360mAh, Baru, segel, dan bergaransi, Desain bodi aluminium, Kamera belakang 13MP dengan lampu kilat,","2025-10-23"
"1780196625-229","https://www.lazada.co.id/products/pdp-i8608700849-s16013570474.html?c=&channelLpJumpArgs=&clickTrackInfo=query%253Ahp%252Bhdc%252Bvivo%253Bnid%253A8608700849%253Bsrc%253ALazadaMainSrp%253Brn%253A2cc5dbdee968abe78d2a0a88c090c687%253Bregion%253Aid%253Bsku%253A8608700849_ID%253Bprice%253A688000%253Bclient%253Adesktop%253Bsupplier_id%253A401099536002%253Bsession_id%253A%253Bbiz_source%253Ah5_internal%253Bslot%253A2%253Butlog_bucket_id%253A470687%253Basc_category_id%253A10100333%253Bitem_id%253A8608700849%253Bsku_id%253A16013570474%253Bshop_id%253A6307054%253BtemplateInfo%253A107879_A3_C_E%2523&freeshipping=1&fs_ab=2&fuse_fs=&lang=id&location=Kab.%20Tangerang&price=6.88E%205&priceCompare=skuId%3A16013570474%3Bsource%3Alazada-search-voucher%3Bsn%3A2cc5dbdee968abe78d2a0a88c090c687%3BoriginPrice%3A68800000%3BdisplayPrice%3A68800000%3BisGray%3Afalse%3BsinglePromotionId%3A-1%3BsingleToolCode%3AmockedSalePrice%3BvoucherPricePlugin%3A0%3Btimestamp%3A1780167465147&ratingscore=4.46643109540636&request_id=2cc5dbdee968abe78d2a0a88c090c687&review=566&sale=1063&search=1&source=search&spm=a2o4j.searchlist.list.2&stock=1","","baru tau kalau vivo ada kw nya tapi untuk harga swgitu murah lah terimakasih","2025-12-15"
"1780196625-230","https://www.lazada.co.id/products/pdp-i8608700849-s16013570474.html?c=&channelLpJumpArgs=&clickTrackInfo=query%253Ahp%252Bhdc%252Bvivo%253Bnid%253A8608700849%253Bsrc%253ALazadaMainSrp%253Brn%253A2cc5dbdee968abe78d2a0a88c090c687%253Bregion%253Aid%253Bsku%253A8608700849_ID%253Bprice%253A688000%253Bclient%253Adesktop%253Bsupplier_id%253A401099536002%253Bsession_id%253A%253Bbiz_source%253Ah5_internal%253Bslot%253A2%253Butlog_bucket_id%253A470687%253Basc_category_id%253A10100333%253Bitem_id%253A8608700849%253Bsku_id%253A16013570474%253Bshop_id%253A6307054%253BtemplateInfo%253A107879_A3_C_E%2523&freeshipping=1&fs_ab=2&fuse_fs=&lang=id&location=Kab.%20Tangerang&price=6.88E%205&priceCompare=skuId%3A16013570474%3Bsource%3Alazada-search-voucher%3Bsn%3A2cc5dbdee968abe78d2a0a88c090c687%3BoriginPrice%3A68800000%3BdisplayPrice%3A68800000%3BisGray%3Afalse%3BsinglePromotionId%3A-1%3BsingleToolCode%3AmockedSalePrice%3BvoucherPricePlugin%3A0%3Btimestamp%3A1780167465147&ratingscore=4.46643109540636&request_id=2cc5dbdee968abe78d2a0a88c090c687&review=566&sale=1063&search=1&source=search&spm=a2o4j.searchlist.list.2&stock=1","","LCD pecah","2025-09-30"
"1780196625-231","https://www.lazada.co.id/products/pdp-i8608700849-s16013570474.html?c=&channelLpJumpArgs=&clickTrackInfo=query%253Ahp%252Bhdc%252Bvivo%253Bnid%253A8608700849%253Bsrc%253ALazadaMainSrp%253Brn%253A2cc5dbdee968abe78d2a0a88c090c687%253Bregion%253Aid%253Bsku%253A8608700849_ID%253Bprice%253A688000%253Bclient%253Adesktop%253Bsupplier_id%253A401099536002%253Bsession_id%253A%253Bbiz_source%253Ah5_internal%253Bslot%253A2%253Butlog_bucket_id%253A470687%253Basc_category_id%253A10100333%253Bitem_id%253A8608700849%253Bsku_id%253A16013570474%253Bshop_id%253A6307054%253BtemplateInfo%253A107879_A3_C_E%2523&freeshipping=1&fs_ab=2&fuse_fs=&lang=id&location=Kab.%20Tangerang&price=6.88E%205&priceCompare=skuId%3A16013570474%3Bsource%3Alazada-search-voucher%3Bsn%3A2cc5dbdee968abe78d2a0a88c090c687%3BoriginPrice%3A68800000%3BdisplayPrice%3A68800000%3BisGray%3Afalse%3BsinglePromotionId%3A-1%3BsingleToolCode%3AmockedSalePrice%3BvoucherPricePlugin%3A0%3Btimestamp%3A1780167465147&ratingscore=4.46643109540636&request_id=2cc5dbdee968abe78d2a0a88c090c687&review=566&sale=1063&search=1&source=search&spm=a2o4j.searchlist.list.2&stock=1","","barangnya oke banget, baru pokoknya mantap, terima kasih resseler, kurir dan lazada sukses selalu..","2025-10-17"
"1780196625-232","https://www.lazada.co.id/products/pdp-i8608700849-s16013570474.html?c=&channelLpJumpArgs=&clickTrackInfo=query%253Ahp%252Bhdc%252Bvivo%253Bnid%253A8608700849%253Bsrc%253ALazadaMainSrp%253Brn%253A2cc5dbdee968abe78d2a0a88c090c687%253Bregion%253Aid%253Bsku%253A8608700849_ID%253Bprice%253A688000%253Bclient%253Adesktop%253Bsupplier_id%253A401099536002%253Bsession_id%253A%253Bbiz_source%253Ah5_internal%253Bslot%253A2%253Butlog_bucket_id%253A470687%253Basc_category_id%253A10100333%253Bitem_id%253A8608700849%253Bsku_id%253A16013570474%253Bshop_id%253A6307054%253BtemplateInfo%253A107879_A3_C_E%2523&freeshipping=1&fs_ab=2&fuse_fs=&lang=id&location=Kab.%20Tangerang&price=6.88E%205&priceCompare=skuId%3A16013570474%3Bsource%3Alazada-search-voucher%3Bsn%3A2cc5dbdee968abe78d2a0a88c090c687%3BoriginPrice%3A68800000%3BdisplayPrice%3A68800000%3BisGray%3Afalse%3BsinglePromotionId%3A-1%3BsingleToolCode%3AmockedSalePrice%3BvoucherPricePlugin%3A0%3Btimestamp%3A1780167465147&ratingscore=4.46643109540636&request_id=2cc5dbdee968abe78d2a0a88c090c687&review=566&sale=1063&search=1&source=search&spm=a2o4j.searchlist.list.2&stock=1","","Baru, segel, dan bergaransi, Kamera belakang 13MP dengan lampu kilat, mntaaap barang orizinal...toko amanh kulir baik udh lngganan..barang istimewa .batrr awett.fengan pemakean wajarr...dippp pokoknya","2025-10-17"
"1780196625-233","https://www.lazada.co.id/products/pdp-i8608700849-s16013570474.html?c=&channelLpJumpArgs=&clickTrackInfo=query%253Ahp%252Bhdc%252Bvivo%253Bnid%253A8608700849%253Bsrc%253ALazadaMainSrp%253Brn%253A2cc5dbdee968abe78d2a0a88c090c687%253Bregion%253Aid%253Bsku%253A8608700849_ID%253Bprice%253A688000%253Bclient%253Adesktop%253Bsupplier_id%253A401099536002%253Bsession_id%253A%253Bbiz_source%253Ah5_internal%253Bslot%253A2%253Butlog_bucket_id%253A470687%253Basc_category_id%253A10100333%253Bitem_id%253A8608700849%253Bsku_id%253A16013570474%253Bshop_id%253A6307054%253BtemplateInfo%253A107879_A3_C_E%2523&freeshipping=1&fs_ab=2&fuse_fs=&lang=id&location=Kab.%20Tangerang&price=6.88E%205&priceCompare=skuId%3A16013570474%3Bsource%3Alazada-search-voucher%3Bsn%3A2cc5dbdee968abe78d2a0a88c090c687%3BoriginPrice%3A68800000%3BdisplayPrice%3A68800000%3BisGray%3Afalse%3BsinglePromotionId%3A-1%3BsingleToolCode%3AmockedSalePrice%3BvoucherPricePlugin%3A0%3Btimestamp%3A1780167465147&ratingscore=4.46643109540636&request_id=2cc5dbdee968abe78d2a0a88c090c687&review=566&sale=1063&search=1&source=search&spm=a2o4j.searchlist.list.2&stock=1","","Kamera belakang 13MP dengan lampu kilat, Pelindung kaca Gorilla Glass 3,  Barang terkirim masih baru , kemasan segel & bergaransi, toko amanah,  barang yg saya pesan benar-benar  sesuai pesanan,    Hp di  coba  berfungsi dgn baik,  .untuk aplikasi WA  hrs  download dulu  ya. Terimakasih","2025-10-13"
"1780196625-234","https://www.lazada.co.id/products/pdp-i8608700849-s16013570474.html?c=&channelLpJumpArgs=&clickTrackInfo=query%253Ahp%252Bhdc%252Bvivo%253Bnid%253A8608700849%253Bsrc%253ALazadaMainSrp%253Brn%253A2cc5dbdee968abe78d2a0a88c090c687%253Bregion%253Aid%253Bsku%253A8608700849_ID%253Bprice%253A688000%253Bclient%253Adesktop%253Bsupplier_id%253A401099536002%253Bsession_id%253A%253Bbiz_source%253Ah5_internal%253Bslot%253A2%253Butlog_bucket_id%253A470687%253Basc_category_id%253A10100333%253Bitem_id%253A8608700849%253Bsku_id%253A16013570474%253Bshop_id%253A6307054%253BtemplateInfo%253A107879_A3_C_E%2523&freeshipping=1&fs_ab=2&fuse_fs=&lang=id&location=Kab.%20Tangerang&price=6.88E%205&priceCompare=skuId%3A16013570474%3Bsource%3Alazada-search-voucher%3Bsn%3A2cc5dbdee968abe78d2a0a88c090c687%3BoriginPrice%3A68800000%3BdisplayPrice%3A68800000%3BisGray%3Afalse%3BsinglePromotionId%3A-1%3BsingleToolCode%3AmockedSalePrice%3BvoucherPricePlugin%3A0%3Btimestamp%3A1780167465147&ratingscore=4.46643109540636&request_id=2cc5dbdee968abe78d2a0a88c090c687&review=566&sale=1063&search=1&source=search&spm=a2o4j.searchlist.list.2&stock=1","","good prodack.","2026-03-29"
"1780196625-235","https://www.lazada.co.id/products/pdp-i8608700849-s16013570474.html?c=&channelLpJumpArgs=&clickTrackInfo=query%253Ahp%252Bhdc%252Bvivo%253Bnid%253A8608700849%253Bsrc%253ALazadaMainSrp%253Brn%253A2cc5dbdee968abe78d2a0a88c090c687%253Bregion%253Aid%253Bsku%253A8608700849_ID%253Bprice%253A688000%253Bclient%253Adesktop%253Bsupplier_id%253A401099536002%253Bsession_id%253A%253Bbiz_source%253Ah5_internal%253Bslot%253A2%253Butlog_bucket_id%253A470687%253Basc_category_id%253A10100333%253Bitem_id%253A8608700849%253Bsku_id%253A16013570474%253Bshop_id%253A6307054%253BtemplateInfo%253A107879_A3_C_E%2523&freeshipping=1&fs_ab=2&fuse_fs=&lang=id&location=Kab.%20Tangerang&price=6.88E%205&priceCompare=skuId%3A16013570474%3Bsource%3Alazada-search-voucher%3Bsn%3A2cc5dbdee968abe78d2a0a88c090c687%3BoriginPrice%3A68800000%3BdisplayPrice%3A68800000%3BisGray%3Afalse%3BsinglePromotionId%3A-1%3BsingleToolCode%3AmockedSalePrice%3BvoucherPricePlugin%3A0%3Btimestamp%3A1780167465147&ratingscore=4.46643109540636&request_id=2cc5dbdee968abe78d2a0a88c090c687&review=566&sale=1063&search=1&source=search&spm=a2o4j.searchlist.list.2&stock=1","","makasih sellernya amanah","2026-03-10"
"1780196625-236","https://www.lazada.co.id/products/pdp-i8608700849-s16013570474.html?c=&channelLpJumpArgs=&clickTrackInfo=query%253Ahp%252Bhdc%252Bvivo%253Bnid%253A8608700849%253Bsrc%253ALazadaMainSrp%253Brn%253A2cc5dbdee968abe78d2a0a88c090c687%253Bregion%253Aid%253Bsku%253A8608700849_ID%253Bprice%253A688000%253Bclient%253Adesktop%253Bsupplier_id%253A401099536002%253Bsession_id%253A%253Bbiz_source%253Ah5_internal%253Bslot%253A2%253Butlog_bucket_id%253A470687%253Basc_category_id%253A10100333%253Bitem_id%253A8608700849%253Bsku_id%253A16013570474%253Bshop_id%253A6307054%253BtemplateInfo%253A107879_A3_C_E%2523&freeshipping=1&fs_ab=2&fuse_fs=&lang=id&location=Kab.%20Tangerang&price=6.88E%205&priceCompare=skuId%3A16013570474%3Bsource%3Alazada-search-voucher%3Bsn%3A2cc5dbdee968abe78d2a0a88c090c687%3BoriginPrice%3A68800000%3BdisplayPrice%3A68800000%3BisGray%3Afalse%3BsinglePromotionId%3A-1%3BsingleToolCode%3AmockedSalePrice%3BvoucherPricePlugin%3A0%3Btimestamp%3A1780167465147&ratingscore=4.46643109540636&request_id=2cc5dbdee968abe78d2a0a88c090c687&review=566&sale=1063&search=1&source=search&spm=a2o4j.searchlist.list.2&stock=1","","Pelindung kaca Gorilla Glass 3,","2026-02-15"
"1780196625-237","https://www.lazada.co.id/products/pdp-i8608700849-s16013570474.html?c=&channelLpJumpArgs=&clickTrackInfo=query%253Ahp%252Bhdc%252Bvivo%253Bnid%253A8608700849%253Bsrc%253ALazadaMainSrp%253Brn%253A2cc5dbdee968abe78d2a0a88c090c687%253Bregion%253Aid%253Bsku%253A8608700849_ID%253Bprice%253A688000%253Bclient%253Adesktop%253Bsupplier_id%253A401099536002%253Bsession_id%253A%253Bbiz_source%253Ah5_internal%253Bslot%253A2%253Butlog_bucket_id%253A470687%253Basc_category_id%253A10100333%253Bitem_id%253A8608700849%253Bsku_id%253A16013570474%253Bshop_id%253A6307054%253BtemplateInfo%253A107879_A3_C_E%2523&freeshipping=1&fs_ab=2&fuse_fs=&lang=id&location=Kab.%20Tangerang&price=6.88E%205&priceCompare=skuId%3A16013570474%3Bsource%3Alazada-search-voucher%3Bsn%3A2cc5dbdee968abe78d2a0a88c090c687%3BoriginPrice%3A68800000%3BdisplayPrice%3A68800000%3BisGray%3Afalse%3BsinglePromotionId%3A-1%3BsingleToolCode%3AmockedSalePrice%3BvoucherPricePlugin%3A0%3Btimestamp%3A1780167465147&ratingscore=4.46643109540636&request_id=2cc5dbdee968abe78d2a0a88c090c687&review=566&sale=1063&search=1&source=search&spm=a2o4j.searchlist.list.2&stock=1","","Desain bodi aluminium, Kamera belakang 13MP dengan lampu kilat, Kamera belakang 13MP dengan lampu kilat, Pelindung kaca Gorilla Glass 3, Kapasitas baterai 3360mAh,","2025-10-08"
"1780196625-238","https://www.lazada.co.id/products/pdp-i8608700849-s16013570474.html?c=&channelLpJumpArgs=&clickTrackInfo=query%253Ahp%252Bhdc%252Bvivo%253Bnid%253A8608700849%253Bsrc%253ALazadaMainSrp%253Brn%253A2cc5dbdee968abe78d2a0a88c090c687%253Bregion%253Aid%253Bsku%253A8608700849_ID%253Bprice%253A688000%253Bclient%253Adesktop%253Bsupplier_id%253A401099536002%253Bsession_id%253A%253Bbiz_source%253Ah5_internal%253Bslot%253A2%253Butlog_bucket_id%253A470687%253Basc_category_id%253A10100333%253Bitem_id%253A8608700849%253Bsku_id%253A16013570474%253Bshop_id%253A6307054%253BtemplateInfo%253A107879_A3_C_E%2523&freeshipping=1&fs_ab=2&fuse_fs=&lang=id&location=Kab.%20Tangerang&price=6.88E%205&priceCompare=skuId%3A16013570474%3Bsource%3Alazada-search-voucher%3Bsn%3A2cc5dbdee968abe78d2a0a88c090c687%3BoriginPrice%3A68800000%3BdisplayPrice%3A68800000%3BisGray%3Afalse%3BsinglePromotionId%3A-1%3BsingleToolCode%3AmockedSalePrice%3BvoucherPricePlugin%3A0%3Btimestamp%3A1780167465147&ratingscore=4.46643109540636&request_id=2cc5dbdee968abe78d2a0a88c090c687&review=566&sale=1063&search=1&source=search&spm=a2o4j.searchlist.list.2&stock=1","","Durability:","2025-10-07"
"1780196625-239","https://www.lazada.co.id/products/pdp-i8608700849-s16013570474.html?c=&channelLpJumpArgs=&clickTrackInfo=query%253Ahp%252Bhdc%252Bvivo%253Bnid%253A8608700849%253Bsrc%253ALazadaMainSrp%253Brn%253A2cc5dbdee968abe78d2a0a88c090c687%253Bregion%253Aid%253Bsku%253A8608700849_ID%253Bprice%253A688000%253Bclient%253Adesktop%253Bsupplier_id%253A401099536002%253Bsession_id%253A%253Bbiz_source%253Ah5_internal%253Bslot%253A2%253Butlog_bucket_id%253A470687%253Basc_category_id%253A10100333%253Bitem_id%253A8608700849%253Bsku_id%253A16013570474%253Bshop_id%253A6307054%253BtemplateInfo%253A107879_A3_C_E%2523&freeshipping=1&fs_ab=2&fuse_fs=&lang=id&location=Kab.%20Tangerang&price=6.88E%205&priceCompare=skuId%3A16013570474%3Bsource%3Alazada-search-voucher%3Bsn%3A2cc5dbdee968abe78d2a0a88c090c687%3BoriginPrice%3A68800000%3BdisplayPrice%3A68800000%3BisGray%3Afalse%3BsinglePromotionId%3A-1%3BsingleToolCode%3AmockedSalePrice%3BvoucherPricePlugin%3A0%3Btimestamp%3A1780167465147&ratingscore=4.46643109540636&request_id=2cc5dbdee968abe78d2a0a88c090c687&review=566&sale=1063&search=1&source=search&spm=a2o4j.searchlist.list.2&stock=1","","Baru, segel, dan bergaransi, Kamera belakang 13MP dengan lampu kilat,","2025-12-03"
"1780196625-240","https://www.lazada.co.id/products/pdp-i8608700849-s16013570474.html?c=&channelLpJumpArgs=&clickTrackInfo=query%253Ahp%252Bhdc%252Bvivo%253Bnid%253A8608700849%253Bsrc%253ALazadaMainSrp%253Brn%253A2cc5dbdee968abe78d2a0a88c090c687%253Bregion%253Aid%253Bsku%253A8608700849_ID%253Bprice%253A688000%253Bclient%253Adesktop%253Bsupplier_id%253A401099536002%253Bsession_id%253A%253Bbiz_source%253Ah5_internal%253Bslot%253A2%253Butlog_bucket_id%253A470687%253Basc_category_id%253A10100333%253Bitem_id%253A8608700849%253Bsku_id%253A16013570474%253Bshop_id%253A6307054%253BtemplateInfo%253A107879_A3_C_E%2523&freeshipping=1&fs_ab=2&fuse_fs=&lang=id&location=Kab.%20Tangerang&price=6.88E%205&priceCompare=skuId%3A16013570474%3Bsource%3Alazada-search-voucher%3Bsn%3A2cc5dbdee968abe78d2a0a88c090c687%3BoriginPrice%3A68800000%3BdisplayPrice%3A68800000%3BisGray%3Afalse%3BsinglePromotionId%3A-1%3BsingleToolCode%3AmockedSalePrice%3BvoucherPricePlugin%3A0%3Btimestamp%3A1780167465147&ratingscore=4.46643109540636&request_id=2cc5dbdee968abe78d2a0a88c090c687&review=566&sale=1063&search=1&source=search&spm=a2o4j.searchlist.list.2&stock=1","","Kamera belakang 13MP dengan lampu kilat, Pelindung kaca Gorilla Glass 3,","2025-11-29"
"1780196625-241","https://www.lazada.co.id/products/pdp-i8608700849-s16013570474.html?c=&channelLpJumpArgs=&clickTrackInfo=query%253Ahp%252Bhdc%252Bvivo%253Bnid%253A8608700849%253Bsrc%253ALazadaMainSrp%253Brn%253A2cc5dbdee968abe78d2a0a88c090c687%253Bregion%253Aid%253Bsku%253A8608700849_ID%253Bprice%253A688000%253Bclient%253Adesktop%253Bsupplier_id%253A401099536002%253Bsession_id%253A%253Bbiz_source%253Ah5_internal%253Bslot%253A2%253Butlog_bucket_id%253A470687%253Basc_category_id%253A10100333%253Bitem_id%253A8608700849%253Bsku_id%253A16013570474%253Bshop_id%253A6307054%253BtemplateInfo%253A107879_A3_C_E%2523&freeshipping=1&fs_ab=2&fuse_fs=&lang=id&location=Kab.%20Tangerang&price=6.88E%205&priceCompare=skuId%3A16013570474%3Bsource%3Alazada-search-voucher%3Bsn%3A2cc5dbdee968abe78d2a0a88c090c687%3BoriginPrice%3A68800000%3BdisplayPrice%3A68800000%3BisGray%3Afalse%3BsinglePromotionId%3A-1%3BsingleToolCode%3AmockedSalePrice%3BvoucherPricePlugin%3A0%3Btimestamp%3A1780167465147&ratingscore=4.46643109540636&request_id=2cc5dbdee968abe78d2a0a88c090c687&review=566&sale=1063&search=1&source=search&spm=a2o4j.searchlist.list.2&stock=1","","tapi batrenya sampai habis","2026-03-02"
"1780196625-242","https://www.lazada.co.id/products/pdp-i8608700849-s16013570474.html?c=&channelLpJumpArgs=&clickTrackInfo=query%253Ahp%252Bhdc%252Bvivo%253Bnid%253A8608700849%253Bsrc%253ALazadaMainSrp%253Brn%253A2cc5dbdee968abe78d2a0a88c090c687%253Bregion%253Aid%253Bsku%253A8608700849_ID%253Bprice%253A688000%253Bclient%253Adesktop%253Bsupplier_id%253A401099536002%253Bsession_id%253A%253Bbiz_source%253Ah5_internal%253Bslot%253A2%253Butlog_bucket_id%253A470687%253Basc_category_id%253A10100333%253Bitem_id%253A8608700849%253Bsku_id%253A16013570474%253Bshop_id%253A6307054%253BtemplateInfo%253A107879_A3_C_E%2523&freeshipping=1&fs_ab=2&fuse_fs=&lang=id&location=Kab.%20Tangerang&price=6.88E%205&priceCompare=skuId%3A16013570474%3Bsource%3Alazada-search-voucher%3Bsn%3A2cc5dbdee968abe78d2a0a88c090c687%3BoriginPrice%3A68800000%3BdisplayPrice%3A68800000%3BisGray%3Afalse%3BsinglePromotionId%3A-1%3BsingleToolCode%3AmockedSalePrice%3BvoucherPricePlugin%3A0%3Btimestamp%3A1780167465147&ratingscore=4.46643109540636&request_id=2cc5dbdee968abe78d2a0a88c090c687&review=566&sale=1063&search=1&source=search&spm=a2o4j.searchlist.list.2&stock=1","","hp SDH tiba dan SDH sy terima dlm keadaan baik dan mulus sesuai pesanan pastinya ok mantulll

baru mau dicb mudah2an awet dan tahan lm","2025-09-27"
"1780196625-243","https://www.lazada.co.id/products/pdp-i8608700849-s16013570474.html?c=&channelLpJumpArgs=&clickTrackInfo=query%253Ahp%252Bhdc%252Bvivo%253Bnid%253A8608700849%253Bsrc%253ALazadaMainSrp%253Brn%253A2cc5dbdee968abe78d2a0a88c090c687%253Bregion%253Aid%253Bsku%253A8608700849_ID%253Bprice%253A688000%253Bclient%253Adesktop%253Bsupplier_id%253A401099536002%253Bsession_id%253A%253Bbiz_source%253Ah5_internal%253Bslot%253A2%253Butlog_bucket_id%253A470687%253Basc_category_id%253A10100333%253Bitem_id%253A8608700849%253Bsku_id%253A16013570474%253Bshop_id%253A6307054%253BtemplateInfo%253A107879_A3_C_E%2523&freeshipping=1&fs_ab=2&fuse_fs=&lang=id&location=Kab.%20Tangerang&price=6.88E%205&priceCompare=skuId%3A16013570474%3Bsource%3Alazada-search-voucher%3Bsn%3A2cc5dbdee968abe78d2a0a88c090c687%3BoriginPrice%3A68800000%3BdisplayPrice%3A68800000%3BisGray%3Afalse%3BsinglePromotionId%3A-1%3BsingleToolCode%3AmockedSalePrice%3BvoucherPricePlugin%3A0%3Btimestamp%3A1780167465147&ratingscore=4.46643109540636&request_id=2cc5dbdee968abe78d2a0a88c090c687&review=566&sale=1063&search=1&source=search&spm=a2o4j.searchlist.list.2&stock=1","","barang paket hp ku sudah datang dgn selamat , kurir nya ramah dan sopan , barang nya baik dan sempurna sesuai hatapan .terima kasih","2025-10-01"
"1780196625-244","https://www.lazada.co.id/products/pdp-i8608700849-s16013570474.html?c=&channelLpJumpArgs=&clickTrackInfo=query%253Ahp%252Bhdc%252Bvivo%253Bnid%253A8608700849%253Bsrc%253ALazadaMainSrp%253Brn%253A2cc5dbdee968abe78d2a0a88c090c687%253Bregion%253Aid%253Bsku%253A8608700849_ID%253Bprice%253A688000%253Bclient%253Adesktop%253Bsupplier_id%253A401099536002%253Bsession_id%253A%253Bbiz_source%253Ah5_internal%253Bslot%253A2%253Butlog_bucket_id%253A470687%253Basc_category_id%253A10100333%253Bitem_id%253A8608700849%253Bsku_id%253A16013570474%253Bshop_id%253A6307054%253BtemplateInfo%253A107879_A3_C_E%2523&freeshipping=1&fs_ab=2&fuse_fs=&lang=id&location=Kab.%20Tangerang&price=6.88E%205&priceCompare=skuId%3A16013570474%3Bsource%3Alazada-search-voucher%3Bsn%3A2cc5dbdee968abe78d2a0a88c090c687%3BoriginPrice%3A68800000%3BdisplayPrice%3A68800000%3BisGray%3Afalse%3BsinglePromotionId%3A-1%3BsingleToolCode%3AmockedSalePrice%3BvoucherPricePlugin%3A0%3Btimestamp%3A1780167465147&ratingscore=4.46643109540636&request_id=2cc5dbdee968abe78d2a0a88c090c687&review=566&sale=1063&search=1&source=search&spm=a2o4j.searchlist.list.2&stock=1","","Kompatibilitas:","2025-09-30"
"1780196625-245","https://www.lazada.co.id/products/pdp-i8608700849-s16013570474.html?c=&channelLpJumpArgs=&clickTrackInfo=query%253Ahp%252Bhdc%252Bvivo%253Bnid%253A8608700849%253Bsrc%253ALazadaMainSrp%253Brn%253A2cc5dbdee968abe78d2a0a88c090c687%253Bregion%253Aid%253Bsku%253A8608700849_ID%253Bprice%253A688000%253Bclient%253Adesktop%253Bsupplier_id%253A401099536002%253Bsession_id%253A%253Bbiz_source%253Ah5_internal%253Bslot%253A2%253Butlog_bucket_id%253A470687%253Basc_category_id%253A10100333%253Bitem_id%253A8608700849%253Bsku_id%253A16013570474%253Bshop_id%253A6307054%253BtemplateInfo%253A107879_A3_C_E%2523&freeshipping=1&fs_ab=2&fuse_fs=&lang=id&location=Kab.%20Tangerang&price=6.88E%205&priceCompare=skuId%3A16013570474%3Bsource%3Alazada-search-voucher%3Bsn%3A2cc5dbdee968abe78d2a0a88c090c687%3BoriginPrice%3A68800000%3BdisplayPrice%3A68800000%3BisGray%3Afalse%3BsinglePromotionId%3A-1%3BsingleToolCode%3AmockedSalePrice%3BvoucherPricePlugin%3A0%3Btimestamp%3A1780167465147&ratingscore=4.46643109540636&request_id=2cc5dbdee968abe78d2a0a88c090c687&review=566&sale=1063&search=1&source=search&spm=a2o4j.searchlist.list.2&stock=1","","kemudahan penggunaan:","2025-09-30"
"1780196625-246","https://www.lazada.co.id/products/pdp-i8608700849-s16013570474.html?c=&channelLpJumpArgs=&clickTrackInfo=query%253Ahp%252Bhdc%252Bvivo%253Bnid%253A8608700849%253Bsrc%253ALazadaMainSrp%253Brn%253A2cc5dbdee968abe78d2a0a88c090c687%253Bregion%253Aid%253Bsku%253A8608700849_ID%253Bprice%253A688000%253Bclient%253Adesktop%253Bsupplier_id%253A401099536002%253Bsession_id%253A%253Bbiz_source%253Ah5_internal%253Bslot%253A2%253Butlog_bucket_id%253A470687%253Basc_category_id%253A10100333%253Bitem_id%253A8608700849%253Bsku_id%253A16013570474%253Bshop_id%253A6307054%253BtemplateInfo%253A107879_A3_C_E%2523&freeshipping=1&fs_ab=2&fuse_fs=&lang=id&location=Kab.%20Tangerang&price=6.88E%205&priceCompare=skuId%3A16013570474%3Bsource%3Alazada-search-voucher%3Bsn%3A2cc5dbdee968abe78d2a0a88c090c687%3BoriginPrice%3A68800000%3BdisplayPrice%3A68800000%3BisGray%3Afalse%3BsinglePromotionId%3A-1%3BsingleToolCode%3AmockedSalePrice%3BvoucherPricePlugin%3A0%3Btimestamp%3A1780167465147&ratingscore=4.46643109540636&request_id=2cc5dbdee968abe78d2a0a88c090c687&review=566&sale=1063&search=1&source=search&spm=a2o4j.searchlist.list.2&stock=1","","Baru, segel, dan bergaransi, Pelindung kaca Gorilla Glass 3, Kapasitas baterai 3360mAh,","2025-10-14"
"1780196625-247","https://www.lazada.co.id/products/pdp-i8608700849-s16013570474.html?c=&channelLpJumpArgs=&clickTrackInfo=query%253Ahp%252Bhdc%252Bvivo%253Bnid%253A8608700849%253Bsrc%253ALazadaMainSrp%253Brn%253A2cc5dbdee968abe78d2a0a88c090c687%253Bregion%253Aid%253Bsku%253A8608700849_ID%253Bprice%253A688000%253Bclient%253Adesktop%253Bsupplier_id%253A401099536002%253Bsession_id%253A%253Bbiz_source%253Ah5_internal%253Bslot%253A2%253Butlog_bucket_id%253A470687%253Basc_category_id%253A10100333%253Bitem_id%253A8608700849%253Bsku_id%253A16013570474%253Bshop_id%253A6307054%253BtemplateInfo%253A107879_A3_C_E%2523&freeshipping=1&fs_ab=2&fuse_fs=&lang=id&location=Kab.%20Tangerang&price=6.88E%205&priceCompare=skuId%3A16013570474%3Bsource%3Alazada-search-voucher%3Bsn%3A2cc5dbdee968abe78d2a0a88c090c687%3BoriginPrice%3A68800000%3BdisplayPrice%3A68800000%3BisGray%3Afalse%3BsinglePromotionId%3A-1%3BsingleToolCode%3AmockedSalePrice%3BvoucherPricePlugin%3A0%3Btimestamp%3A1780167465147&ratingscore=4.46643109540636&request_id=2cc5dbdee968abe78d2a0a88c090c687&review=566&sale=1063&search=1&source=search&spm=a2o4j.searchlist.list.2&stock=1","","Kamera belakangPelindung kaca Gorilla Glass 3,  13MP dengan lampu kilat, Kapasitas baterai 3360mAh, Baru, segel, dan bergaransi, Pelindung kaca Gorilla Glass 3, Desain bodi aluminium,","2025-09-24"
"1780196625-248","https://www.lazada.co.id/products/pdp-i8608700849-s16013570474.html?c=&channelLpJumpArgs=&clickTrackInfo=query%253Ahp%252Bhdc%252Bvivo%253Bnid%253A8608700849%253Bsrc%253ALazadaMainSrp%253Brn%253A2cc5dbdee968abe78d2a0a88c090c687%253Bregion%253Aid%253Bsku%253A8608700849_ID%253Bprice%253A688000%253Bclient%253Adesktop%253Bsupplier_id%253A401099536002%253Bsession_id%253A%253Bbiz_source%253Ah5_internal%253Bslot%253A2%253Butlog_bucket_id%253A470687%253Basc_category_id%253A10100333%253Bitem_id%253A8608700849%253Bsku_id%253A16013570474%253Bshop_id%253A6307054%253BtemplateInfo%253A107879_A3_C_E%2523&freeshipping=1&fs_ab=2&fuse_fs=&lang=id&location=Kab.%20Tangerang&price=6.88E%205&priceCompare=skuId%3A16013570474%3Bsource%3Alazada-search-voucher%3Bsn%3A2cc5dbdee968abe78d2a0a88c090c687%3BoriginPrice%3A68800000%3BdisplayPrice%3A68800000%3BisGray%3Afalse%3BsinglePromotionId%3A-1%3BsingleToolCode%3AmockedSalePrice%3BvoucherPricePlugin%3A0%3Btimestamp%3A1780167465147&ratingscore=4.46643109540636&request_id=2cc5dbdee968abe78d2a0a88c090c687&review=566&sale=1063&search=1&source=search&spm=a2o4j.searchlist.list.2&stock=1","","Pelindung kaca Gorilla Glass 3, Kamera belakang 13MP dengan lampu kilat, Desain bodi aluminium, Baru, segel, dan bergaransi, Kapasitas baterai 3360mAh,","2025-09-19"
"1780196625-249","https://www.lazada.co.id/products/pdp-i8608700849-s16013570474.html?c=&channelLpJumpArgs=&clickTrackInfo=query%253Ahp%252Bhdc%252Bvivo%253Bnid%253A8608700849%253Bsrc%253ALazadaMainSrp%253Brn%253A2cc5dbdee968abe78d2a0a88c090c687%253Bregion%253Aid%253Bsku%253A8608700849_ID%253Bprice%253A688000%253Bclient%253Adesktop%253Bsupplier_id%253A401099536002%253Bsession_id%253A%253Bbiz_source%253Ah5_internal%253Bslot%253A2%253Butlog_bucket_id%253A470687%253Basc_category_id%253A10100333%253Bitem_id%253A8608700849%253Bsku_id%253A16013570474%253Bshop_id%253A6307054%253BtemplateInfo%253A107879_A3_C_E%2523&freeshipping=1&fs_ab=2&fuse_fs=&lang=id&location=Kab.%20Tangerang&price=6.88E%205&priceCompare=skuId%3A16013570474%3Bsource%3Alazada-search-voucher%3Bsn%3A2cc5dbdee968abe78d2a0a88c090c687%3BoriginPrice%3A68800000%3BdisplayPrice%3A68800000%3BisGray%3Afalse%3BsinglePromotionId%3A-1%3BsingleToolCode%3AmockedSalePrice%3BvoucherPricePlugin%3A0%3Btimestamp%3A1780167465147&ratingscore=4.46643109540636&request_id=2cc5dbdee968abe78d2a0a88c090c687&review=566&sale=1063&search=1&source=search&spm=a2o4j.searchlist.list.2&stock=1","","Baru, segel, dan bergaransi,","2026-02-03"
"1780196625-250","https://www.lazada.co.id/products/pdp-i8608700849-s16013570474.html?c=&channelLpJumpArgs=&clickTrackInfo=query%253Ahp%252Bhdc%252Bvivo%253Bnid%253A8608700849%253Bsrc%253ALazadaMainSrp%253Brn%253A2cc5dbdee968abe78d2a0a88c090c687%253Bregion%253Aid%253Bsku%253A8608700849_ID%253Bprice%253A688000%253Bclient%253Adesktop%253Bsupplier_id%253A401099536002%253Bsession_id%253A%253Bbiz_source%253Ah5_internal%253Bslot%253A2%253Butlog_bucket_id%253A470687%253Basc_category_id%253A10100333%253Bitem_id%253A8608700849%253Bsku_id%253A16013570474%253Bshop_id%253A6307054%253BtemplateInfo%253A107879_A3_C_E%2523&freeshipping=1&fs_ab=2&fuse_fs=&lang=id&location=Kab.%20Tangerang&price=6.88E%205&priceCompare=skuId%3A16013570474%3Bsource%3Alazada-search-voucher%3Bsn%3A2cc5dbdee968abe78d2a0a88c090c687%3BoriginPrice%3A68800000%3BdisplayPrice%3A68800000%3BisGray%3Afalse%3BsinglePromotionId%3A-1%3BsingleToolCode%3AmockedSalePrice%3BvoucherPricePlugin%3A0%3Btimestamp%3A1780167465147&ratingscore=4.46643109540636&request_id=2cc5dbdee968abe78d2a0a88c090c687&review=566&sale=1063&search=1&source=search&spm=a2o4j.searchlist.list.2&stock=1","","Baru, segel, dan bergaransi, Kamera belakang 13MP dengan lampu kilat, mntap","2025-11-18"
"1780196625-251","https://www.lazada.co.id/products/pdp-i8608700849-s16013570474.html?c=&channelLpJumpArgs=&clickTrackInfo=query%253Ahp%252Bhdc%252Bvivo%253Bnid%253A8608700849%253Bsrc%253ALazadaMainSrp%253Brn%253A2cc5dbdee968abe78d2a0a88c090c687%253Bregion%253Aid%253Bsku%253A8608700849_ID%253Bprice%253A688000%253Bclient%253Adesktop%253Bsupplier_id%253A401099536002%253Bsession_id%253A%253Bbiz_source%253Ah5_internal%253Bslot%253A2%253Butlog_bucket_id%253A470687%253Basc_category_id%253A10100333%253Bitem_id%253A8608700849%253Bsku_id%253A16013570474%253Bshop_id%253A6307054%253BtemplateInfo%253A107879_A3_C_E%2523&freeshipping=1&fs_ab=2&fuse_fs=&lang=id&location=Kab.%20Tangerang&price=6.88E%205&priceCompare=skuId%3A16013570474%3Bsource%3Alazada-search-voucher%3Bsn%3A2cc5dbdee968abe78d2a0a88c090c687%3BoriginPrice%3A68800000%3BdisplayPrice%3A68800000%3BisGray%3Afalse%3BsinglePromotionId%3A-1%3BsingleToolCode%3AmockedSalePrice%3BvoucherPricePlugin%3A0%3Btimestamp%3A1780167465147&ratingscore=4.46643109540636&request_id=2cc5dbdee968abe78d2a0a88c090c687&review=566&sale=1063&search=1&source=search&spm=a2o4j.searchlist.list.2&stock=1","","kemudahan penggunaan:","2026-01-10"
"1780196625-252","https://www.lazada.co.id/products/pdp-i8608700849-s16013570474.html?c=&channelLpJumpArgs=&clickTrackInfo=query%253Ahp%252Bhdc%252Bvivo%253Bnid%253A8608700849%253Bsrc%253ALazadaMainSrp%253Brn%253A2cc5dbdee968abe78d2a0a88c090c687%253Bregion%253Aid%253Bsku%253A8608700849_ID%253Bprice%253A688000%253Bclient%253Adesktop%253Bsupplier_id%253A401099536002%253Bsession_id%253A%253Bbiz_source%253Ah5_internal%253Bslot%253A2%253Butlog_bucket_id%253A470687%253Basc_category_id%253A10100333%253Bitem_id%253A8608700849%253Bsku_id%253A16013570474%253Bshop_id%253A6307054%253BtemplateInfo%253A107879_A3_C_E%2523&freeshipping=1&fs_ab=2&fuse_fs=&lang=id&location=Kab.%20Tangerang&price=6.88E%205&priceCompare=skuId%3A16013570474%3Bsource%3Alazada-search-voucher%3Bsn%3A2cc5dbdee968abe78d2a0a88c090c687%3BoriginPrice%3A68800000%3BdisplayPrice%3A68800000%3BisGray%3Afalse%3BsinglePromotionId%3A-1%3BsingleToolCode%3AmockedSalePrice%3BvoucherPricePlugin%3A0%3Btimestamp%3A1780167465147&ratingscore=4.46643109540636&request_id=2cc5dbdee968abe78d2a0a88c090c687&review=566&sale=1063&search=1&source=search&spm=a2o4j.searchlist.list.2&stock=1","","hp nya bagus Baru, segel, dan bergaransi,","2026-01-13"
"1780196625-253","https://www.lazada.co.id/products/pdp-i8608700849-s16013570474.html?c=&channelLpJumpArgs=&clickTrackInfo=query%253Ahp%252Bhdc%252Bvivo%253Bnid%253A8608700849%253Bsrc%253ALazadaMainSrp%253Brn%253A2cc5dbdee968abe78d2a0a88c090c687%253Bregion%253Aid%253Bsku%253A8608700849_ID%253Bprice%253A688000%253Bclient%253Adesktop%253Bsupplier_id%253A401099536002%253Bsession_id%253A%253Bbiz_source%253Ah5_internal%253Bslot%253A2%253Butlog_bucket_id%253A470687%253Basc_category_id%253A10100333%253Bitem_id%253A8608700849%253Bsku_id%253A16013570474%253Bshop_id%253A6307054%253BtemplateInfo%253A107879_A3_C_E%2523&freeshipping=1&fs_ab=2&fuse_fs=&lang=id&location=Kab.%20Tangerang&price=6.88E%205&priceCompare=skuId%3A16013570474%3Bsource%3Alazada-search-voucher%3Bsn%3A2cc5dbdee968abe78d2a0a88c090c687%3BoriginPrice%3A68800000%3BdisplayPrice%3A68800000%3BisGray%3Afalse%3BsinglePromotionId%3A-1%3BsingleToolCode%3AmockedSalePrice%3BvoucherPricePlugin%3A0%3Btimestamp%3A1780167465147&ratingscore=4.46643109540636&request_id=2cc5dbdee968abe78d2a0a88c090c687&review=566&sale=1063&search=1&source=search&spm=a2o4j.searchlist.list.2&stock=1","","Kapasitas baterai 3360mAh, Pelindung kaca Gorilla Glass 3, Desain bodi aluminium, Kamera belakang 13MP dengan lampu kilat, Kamera belakang 13MP dengan lampu kilat, trimakasih","2025-09-17"
"1780196625-254","https://www.lazada.co.id/products/pdp-i8608700849-s16013570474.html?c=&channelLpJumpArgs=&clickTrackInfo=query%253Ahp%252Bhdc%252Bvivo%253Bnid%253A8608700849%253Bsrc%253ALazadaMainSrp%253Brn%253A2cc5dbdee968abe78d2a0a88c090c687%253Bregion%253Aid%253Bsku%253A8608700849_ID%253Bprice%253A688000%253Bclient%253Adesktop%253Bsupplier_id%253A401099536002%253Bsession_id%253A%253Bbiz_source%253Ah5_internal%253Bslot%253A2%253Butlog_bucket_id%253A470687%253Basc_category_id%253A10100333%253Bitem_id%253A8608700849%253Bsku_id%253A16013570474%253Bshop_id%253A6307054%253BtemplateInfo%253A107879_A3_C_E%2523&freeshipping=1&fs_ab=2&fuse_fs=&lang=id&location=Kab.%20Tangerang&price=6.88E%205&priceCompare=skuId%3A16013570474%3Bsource%3Alazada-search-voucher%3Bsn%3A2cc5dbdee968abe78d2a0a88c090c687%3BoriginPrice%3A68800000%3BdisplayPrice%3A68800000%3BisGray%3Afalse%3BsinglePromotionId%3A-1%3BsingleToolCode%3AmockedSalePrice%3BvoucherPricePlugin%3A0%3Btimestamp%3A1780167465147&ratingscore=4.46643109540636&request_id=2cc5dbdee968abe78d2a0a88c090c687&review=566&sale=1063&search=1&source=search&spm=a2o4j.searchlist.list.2&stock=1","","Kapasitas baterai 3360mAh, Kamera belakang 13MP dengan lampu kilat, Baru, segel, dan bergaransi, Pelindung kaca Gorilla Glass 3, Desain bodi aluminium ,","2025-09-13"
"1780196625-255","https://www.lazada.co.id/products/pdp-i8608700849-s16013570474.html?c=&channelLpJumpArgs=&clickTrackInfo=query%253Ahp%252Bhdc%252Bvivo%253Bnid%253A8608700849%253Bsrc%253ALazadaMainSrp%253Brn%253A2cc5dbdee968abe78d2a0a88c090c687%253Bregion%253Aid%253Bsku%253A8608700849_ID%253Bprice%253A688000%253Bclient%253Adesktop%253Bsupplier_id%253A401099536002%253Bsession_id%253A%253Bbiz_source%253Ah5_internal%253Bslot%253A2%253Butlog_bucket_id%253A470687%253Basc_category_id%253A10100333%253Bitem_id%253A8608700849%253Bsku_id%253A16013570474%253Bshop_id%253A6307054%253BtemplateInfo%253A107879_A3_C_E%2523&freeshipping=1&fs_ab=2&fuse_fs=&lang=id&location=Kab.%20Tangerang&price=6.88E%205&priceCompare=skuId%3A16013570474%3Bsource%3Alazada-search-voucher%3Bsn%3A2cc5dbdee968abe78d2a0a88c090c687%3BoriginPrice%3A68800000%3BdisplayPrice%3A68800000%3BisGray%3Afalse%3BsinglePromotionId%3A-1%3BsingleToolCode%3AmockedSalePrice%3BvoucherPricePlugin%3A0%3Btimestamp%3A1780167465147&ratingscore=4.46643109540636&request_id=2cc5dbdee968abe78d2a0a88c090c687&review=566&sale=1063&search=1&source=search&spm=a2o4j.searchlist.list.2&stock=1","","bagus","2026-03-06"
"1780196625-256","https://www.lazada.co.id/products/pdp-i8608700849-s16013570474.html?c=&channelLpJumpArgs=&clickTrackInfo=query%253Ahp%252Bhdc%252Bvivo%253Bnid%253A8608700849%253Bsrc%253ALazadaMainSrp%253Brn%253A2cc5dbdee968abe78d2a0a88c090c687%253Bregion%253Aid%253Bsku%253A8608700849_ID%253Bprice%253A688000%253Bclient%253Adesktop%253Bsupplier_id%253A401099536002%253Bsession_id%253A%253Bbiz_source%253Ah5_internal%253Bslot%253A2%253Butlog_bucket_id%253A470687%253Basc_category_id%253A10100333%253Bitem_id%253A8608700849%253Bsku_id%253A16013570474%253Bshop_id%253A6307054%253BtemplateInfo%253A107879_A3_C_E%2523&freeshipping=1&fs_ab=2&fuse_fs=&lang=id&location=Kab.%20Tangerang&price=6.88E%205&priceCompare=skuId%3A16013570474%3Bsource%3Alazada-search-voucher%3Bsn%3A2cc5dbdee968abe78d2a0a88c090c687%3BoriginPrice%3A68800000%3BdisplayPrice%3A68800000%3BisGray%3Afalse%3BsinglePromotionId%3A-1%3BsingleToolCode%3AmockedSalePrice%3BvoucherPricePlugin%3A0%3Btimestamp%3A1780167465147&ratingscore=4.46643109540636&request_id=2cc5dbdee968abe78d2a0a88c090c687&review=566&sale=1063&search=1&source=search&spm=a2o4j.searchlist.list.2&stock=1","","Baru, segel, dan bergaransi, Pelindung kaca Gorilla Glass 3, alhamdulillah barangnya👍👍👍sukses buat toko online","2025-09-10"
"1780196625-257","https://www.lazada.co.id/products/pdp-i8608700849-s16013570474.html?c=&channelLpJumpArgs=&clickTrackInfo=query%253Ahp%252Bhdc%252Bvivo%253Bnid%253A8608700849%253Bsrc%253ALazadaMainSrp%253Brn%253A2cc5dbdee968abe78d2a0a88c090c687%253Bregion%253Aid%253Bsku%253A8608700849_ID%253Bprice%253A688000%253Bclient%253Adesktop%253Bsupplier_id%253A401099536002%253Bsession_id%253A%253Bbiz_source%253Ah5_internal%253Bslot%253A2%253Butlog_bucket_id%253A470687%253Basc_category_id%253A10100333%253Bitem_id%253A8608700849%253Bsku_id%253A16013570474%253Bshop_id%253A6307054%253BtemplateInfo%253A107879_A3_C_E%2523&freeshipping=1&fs_ab=2&fuse_fs=&lang=id&location=Kab.%20Tangerang&price=6.88E%205&priceCompare=skuId%3A16013570474%3Bsource%3Alazada-search-voucher%3Bsn%3A2cc5dbdee968abe78d2a0a88c090c687%3BoriginPrice%3A68800000%3BdisplayPrice%3A68800000%3BisGray%3Afalse%3BsinglePromotionId%3A-1%3BsingleToolCode%3AmockedSalePrice%3BvoucherPricePlugin%3A0%3Btimestamp%3A1780167465147&ratingscore=4.46643109540636&request_id=2cc5dbdee968abe78d2a0a88c090c687&review=566&sale=1063&search=1&source=search&spm=a2o4j.searchlist.list.2&stock=1","","barang sesuai , thanks seller","2026-01-22"
"1780196625-258","https://www.lazada.co.id/products/pdp-i8608700849-s16013570474.html?c=&channelLpJumpArgs=&clickTrackInfo=query%253Ahp%252Bhdc%252Bvivo%253Bnid%253A8608700849%253Bsrc%253ALazadaMainSrp%253Brn%253A2cc5dbdee968abe78d2a0a88c090c687%253Bregion%253Aid%253Bsku%253A8608700849_ID%253Bprice%253A688000%253Bclient%253Adesktop%253Bsupplier_id%253A401099536002%253Bsession_id%253A%253Bbiz_source%253Ah5_internal%253Bslot%253A2%253Butlog_bucket_id%253A470687%253Basc_category_id%253A10100333%253Bitem_id%253A8608700849%253Bsku_id%253A16013570474%253Bshop_id%253A6307054%253BtemplateInfo%253A107879_A3_C_E%2523&freeshipping=1&fs_ab=2&fuse_fs=&lang=id&location=Kab.%20Tangerang&price=6.88E%205&priceCompare=skuId%3A16013570474%3Bsource%3Alazada-search-voucher%3Bsn%3A2cc5dbdee968abe78d2a0a88c090c687%3BoriginPrice%3A68800000%3BdisplayPrice%3A68800000%3BisGray%3Afalse%3BsinglePromotionId%3A-1%3BsingleToolCode%3AmockedSalePrice%3BvoucherPricePlugin%3A0%3Btimestamp%3A1780167465147&ratingscore=4.46643109540636&request_id=2cc5dbdee968abe78d2a0a88c090c687&review=566&sale=1063&search=1&source=search&spm=a2o4j.searchlist.list.2&stock=1","","Baru, segel, dan beKapasitas baterai 3360mAh, rgaransi, Kapasitas baterai 3360mAh,","2025-10-13"
"1780196625-259","https://www.lazada.co.id/products/pdp-i8608700849-s16013570474.html?c=&channelLpJumpArgs=&clickTrackInfo=query%253Ahp%252Bhdc%252Bvivo%253Bnid%253A8608700849%253Bsrc%253ALazadaMainSrp%253Brn%253A2cc5dbdee968abe78d2a0a88c090c687%253Bregion%253Aid%253Bsku%253A8608700849_ID%253Bprice%253A688000%253Bclient%253Adesktop%253Bsupplier_id%253A401099536002%253Bsession_id%253A%253Bbiz_source%253Ah5_internal%253Bslot%253A2%253Butlog_bucket_id%253A470687%253Basc_category_id%253A10100333%253Bitem_id%253A8608700849%253Bsku_id%253A16013570474%253Bshop_id%253A6307054%253BtemplateInfo%253A107879_A3_C_E%2523&freeshipping=1&fs_ab=2&fuse_fs=&lang=id&location=Kab.%20Tangerang&price=6.88E%205&priceCompare=skuId%3A16013570474%3Bsource%3Alazada-search-voucher%3Bsn%3A2cc5dbdee968abe78d2a0a88c090c687%3BoriginPrice%3A68800000%3BdisplayPrice%3A68800000%3BisGray%3Afalse%3BsinglePromotionId%3A-1%3BsingleToolCode%3AmockedSalePrice%3BvoucherPricePlugin%3A0%3Btimestamp%3A1780167465147&ratingscore=4.46643109540636&request_id=2cc5dbdee968abe78d2a0a88c090c687&review=566&sale=1063&search=1&source=search&spm=a2o4j.searchlist.list.2&stock=1","","Kapasitas baterai 3360mAh, Pelindung kaca Gorilla Glass 3,","2025-11-16"
"1780196625-260","https://www.lazada.co.id/products/pdp-i8608700849-s16013570474.html?c=&channelLpJumpArgs=&clickTrackInfo=query%253Ahp%252Bhdc%252Bvivo%253Bnid%253A8608700849%253Bsrc%253ALazadaMainSrp%253Brn%253A2cc5dbdee968abe78d2a0a88c090c687%253Bregion%253Aid%253Bsku%253A8608700849_ID%253Bprice%253A688000%253Bclient%253Adesktop%253Bsupplier_id%253A401099536002%253Bsession_id%253A%253Bbiz_source%253Ah5_internal%253Bslot%253A2%253Butlog_bucket_id%253A470687%253Basc_category_id%253A10100333%253Bitem_id%253A8608700849%253Bsku_id%253A16013570474%253Bshop_id%253A6307054%253BtemplateInfo%253A107879_A3_C_E%2523&freeshipping=1&fs_ab=2&fuse_fs=&lang=id&location=Kab.%20Tangerang&price=6.88E%205&priceCompare=skuId%3A16013570474%3Bsource%3Alazada-search-voucher%3Bsn%3A2cc5dbdee968abe78d2a0a88c090c687%3BoriginPrice%3A68800000%3BdisplayPrice%3A68800000%3BisGray%3Afalse%3BsinglePromotionId%3A-1%3BsingleToolCode%3AmockedSalePrice%3BvoucherPricePlugin%3A0%3Btimestamp%3A1780167465147&ratingscore=4.46643109540636&request_id=2cc5dbdee968abe78d2a0a88c090c687&review=566&sale=1063&search=1&source=search&spm=a2o4j.searchlist.list.2&stock=1","","terimakasih, pesanan sudah sampai, produk sesuai pesanan...","2025-11-16"
"1780196625-261","https://www.lazada.co.id/products/pdp-i8608700849-s16013570474.html?c=&channelLpJumpArgs=&clickTrackInfo=query%253Ahp%252Bhdc%252Bvivo%253Bnid%253A8608700849%253Bsrc%253ALazadaMainSrp%253Brn%253A2cc5dbdee968abe78d2a0a88c090c687%253Bregion%253Aid%253Bsku%253A8608700849_ID%253Bprice%253A688000%253Bclient%253Adesktop%253Bsupplier_id%253A401099536002%253Bsession_id%253A%253Bbiz_source%253Ah5_internal%253Bslot%253A2%253Butlog_bucket_id%253A470687%253Basc_category_id%253A10100333%253Bitem_id%253A8608700849%253Bsku_id%253A16013570474%253Bshop_id%253A6307054%253BtemplateInfo%253A107879_A3_C_E%2523&freeshipping=1&fs_ab=2&fuse_fs=&lang=id&location=Kab.%20Tangerang&price=6.88E%205&priceCompare=skuId%3A16013570474%3Bsource%3Alazada-search-voucher%3Bsn%3A2cc5dbdee968abe78d2a0a88c090c687%3BoriginPrice%3A68800000%3BdisplayPrice%3A68800000%3BisGray%3Afalse%3BsinglePromotionId%3A-1%3BsingleToolCode%3AmockedSalePrice%3BvoucherPricePlugin%3A0%3Btimestamp%3A1780167465147&ratingscore=4.46643109540636&request_id=2cc5dbdee968abe78d2a0a88c090c687&review=566&sale=1063&search=1&source=search&spm=a2o4j.searchlist.list.2&stock=1","","Kamera belakang 13MP dengan lampu kilat, Baru, segel, dan bergaransi,","2025-10-29"
"1780196625-262","https://www.lazada.co.id/products/pdp-i8608700849-s16013570474.html?c=&channelLpJumpArgs=&clickTrackInfo=query%253Ahp%252Bhdc%252Bvivo%253Bnid%253A8608700849%253Bsrc%253ALazadaMainSrp%253Brn%253A2cc5dbdee968abe78d2a0a88c090c687%253Bregion%253Aid%253Bsku%253A8608700849_ID%253Bprice%253A688000%253Bclient%253Adesktop%253Bsupplier_id%253A401099536002%253Bsession_id%253A%253Bbiz_source%253Ah5_internal%253Bslot%253A2%253Butlog_bucket_id%253A470687%253Basc_category_id%253A10100333%253Bitem_id%253A8608700849%253Bsku_id%253A16013570474%253Bshop_id%253A6307054%253BtemplateInfo%253A107879_A3_C_E%2523&freeshipping=1&fs_ab=2&fuse_fs=&lang=id&location=Kab.%20Tangerang&price=6.88E%205&priceCompare=skuId%3A16013570474%3Bsource%3Alazada-search-voucher%3Bsn%3A2cc5dbdee968abe78d2a0a88c090c687%3BoriginPrice%3A68800000%3BdisplayPrice%3A68800000%3BisGray%3Afalse%3BsinglePromotionId%3A-1%3BsingleToolCode%3AmockedSalePrice%3BvoucherPricePlugin%3A0%3Btimestamp%3A1780167465147&ratingscore=4.46643109540636&request_id=2cc5dbdee968abe78d2a0a88c090c687&review=566&sale=1063&search=1&source=search&spm=a2o4j.searchlist.list.2&stock=1","","Pelindung kaca Gorilla Glass 3,","2026-01-16"
"1780196625-263","https://www.lazada.co.id/products/pdp-i8608700849-s16013570474.html?c=&channelLpJumpArgs=&clickTrackInfo=query%253Ahp%252Bhdc%252Bvivo%253Bnid%253A8608700849%253Bsrc%253ALazadaMainSrp%253Brn%253A2cc5dbdee968abe78d2a0a88c090c687%253Bregion%253Aid%253Bsku%253A8608700849_ID%253Bprice%253A688000%253Bclient%253Adesktop%253Bsupplier_id%253A401099536002%253Bsession_id%253A%253Bbiz_source%253Ah5_internal%253Bslot%253A2%253Butlog_bucket_id%253A470687%253Basc_category_id%253A10100333%253Bitem_id%253A8608700849%253Bsku_id%253A16013570474%253Bshop_id%253A6307054%253BtemplateInfo%253A107879_A3_C_E%2523&freeshipping=1&fs_ab=2&fuse_fs=&lang=id&location=Kab.%20Tangerang&price=6.88E%205&priceCompare=skuId%3A16013570474%3Bsource%3Alazada-search-voucher%3Bsn%3A2cc5dbdee968abe78d2a0a88c090c687%3BoriginPrice%3A68800000%3BdisplayPrice%3A68800000%3BisGray%3Afalse%3BsinglePromotionId%3A-1%3BsingleToolCode%3AmockedSalePrice%3BvoucherPricePlugin%3A0%3Btimestamp%3A1780167465147&ratingscore=4.46643109540636&request_id=2cc5dbdee968abe78d2a0a88c090c687&review=566&sale=1063&search=1&source=search&spm=a2o4j.searchlist.list.2&stock=1","","Baru, segel, dan bergaransi, Desain bodi aluminium, Kapasitas baterai 3360mAh,","2025-10-10"
"1780196625-264","https://www.lazada.co.id/products/pdp-i8608700849-s16013570474.html?c=&channelLpJumpArgs=&clickTrackInfo=query%253Ahp%252Bhdc%252Bvivo%253Bnid%253A8608700849%253Bsrc%253ALazadaMainSrp%253Brn%253A2cc5dbdee968abe78d2a0a88c090c687%253Bregion%253Aid%253Bsku%253A8608700849_ID%253Bprice%253A688000%253Bclient%253Adesktop%253Bsupplier_id%253A401099536002%253Bsession_id%253A%253Bbiz_source%253Ah5_internal%253Bslot%253A2%253Butlog_bucket_id%253A470687%253Basc_category_id%253A10100333%253Bitem_id%253A8608700849%253Bsku_id%253A16013570474%253Bshop_id%253A6307054%253BtemplateInfo%253A107879_A3_C_E%2523&freeshipping=1&fs_ab=2&fuse_fs=&lang=id&location=Kab.%20Tangerang&price=6.88E%205&priceCompare=skuId%3A16013570474%3Bsource%3Alazada-search-voucher%3Bsn%3A2cc5dbdee968abe78d2a0a88c090c687%3BoriginPrice%3A68800000%3BdisplayPrice%3A68800000%3BisGray%3Afalse%3BsinglePromotionId%3A-1%3BsingleToolCode%3AmockedSalePrice%3BvoucherPricePlugin%3A0%3Btimestamp%3A1780167465147&ratingscore=4.46643109540636&request_id=2cc5dbdee968abe78d2a0a88c090c687&review=566&sale=1063&search=1&source=search&spm=a2o4j.searchlist.list.2&stock=1","","HP bgus KK baru ngk rugi beli hp ini","2026-01-14"
"1780196625-265","https://www.lazada.co.id/products/pdp-i8608700849-s16013570474.html?c=&channelLpJumpArgs=&clickTrackInfo=query%253Ahp%252Bhdc%252Bvivo%253Bnid%253A8608700849%253Bsrc%253ALazadaMainSrp%253Brn%253A2cc5dbdee968abe78d2a0a88c090c687%253Bregion%253Aid%253Bsku%253A8608700849_ID%253Bprice%253A688000%253Bclient%253Adesktop%253Bsupplier_id%253A401099536002%253Bsession_id%253A%253Bbiz_source%253Ah5_internal%253Bslot%253A2%253Butlog_bucket_id%253A470687%253Basc_category_id%253A10100333%253Bitem_id%253A8608700849%253Bsku_id%253A16013570474%253Bshop_id%253A6307054%253BtemplateInfo%253A107879_A3_C_E%2523&freeshipping=1&fs_ab=2&fuse_fs=&lang=id&location=Kab.%20Tangerang&price=6.88E%205&priceCompare=skuId%3A16013570474%3Bsource%3Alazada-search-voucher%3Bsn%3A2cc5dbdee968abe78d2a0a88c090c687%3BoriginPrice%3A68800000%3BdisplayPrice%3A68800000%3BisGray%3Afalse%3BsinglePromotionId%3A-1%3BsingleToolCode%3AmockedSalePrice%3BvoucherPricePlugin%3A0%3Btimestamp%3A1780167465147&ratingscore=4.46643109540636&request_id=2cc5dbdee968abe78d2a0a88c090c687&review=566&sale=1063&search=1&source=search&spm=a2o4j.searchlist.list.2&stock=1","","kemudahan penggunaan:","2025-12-26"
"1780196625-266","https://www.lazada.co.id/products/pdp-i8608700849-s16013570474.html?c=&channelLpJumpArgs=&clickTrackInfo=query%253Ahp%252Bhdc%252Bvivo%253Bnid%253A8608700849%253Bsrc%253ALazadaMainSrp%253Brn%253A2cc5dbdee968abe78d2a0a88c090c687%253Bregion%253Aid%253Bsku%253A8608700849_ID%253Bprice%253A688000%253Bclient%253Adesktop%253Bsupplier_id%253A401099536002%253Bsession_id%253A%253Bbiz_source%253Ah5_internal%253Bslot%253A2%253Butlog_bucket_id%253A470687%253Basc_category_id%253A10100333%253Bitem_id%253A8608700849%253Bsku_id%253A16013570474%253Bshop_id%253A6307054%253BtemplateInfo%253A107879_A3_C_E%2523&freeshipping=1&fs_ab=2&fuse_fs=&lang=id&location=Kab.%20Tangerang&price=6.88E%205&priceCompare=skuId%3A16013570474%3Bsource%3Alazada-search-voucher%3Bsn%3A2cc5dbdee968abe78d2a0a88c090c687%3BoriginPrice%3A68800000%3BdisplayPrice%3A68800000%3BisGray%3Afalse%3BsinglePromotionId%3A-1%3BsingleToolCode%3AmockedSalePrice%3BvoucherPricePlugin%3A0%3Btimestamp%3A1780167465147&ratingscore=4.46643109540636&request_id=2cc5dbdee968abe78d2a0a88c090c687&review=566&sale=1063&search=1&source=search&spm=a2o4j.searchlist.list.2&stock=1","","barang udah saya trmsk dengan aman, semoga awet, trmksh, 👍👍","2025-11-11"
"1780196625-267","https://www.lazada.co.id/products/pdp-i8608700849-s16013570474.html?c=&channelLpJumpArgs=&clickTrackInfo=query%253Ahp%252Bhdc%252Bvivo%253Bnid%253A8608700849%253Bsrc%253ALazadaMainSrp%253Brn%253A2cc5dbdee968abe78d2a0a88c090c687%253Bregion%253Aid%253Bsku%253A8608700849_ID%253Bprice%253A688000%253Bclient%253Adesktop%253Bsupplier_id%253A401099536002%253Bsession_id%253A%253Bbiz_source%253Ah5_internal%253Bslot%253A2%253Butlog_bucket_id%253A470687%253Basc_category_id%253A10100333%253Bitem_id%253A8608700849%253Bsku_id%253A16013570474%253Bshop_id%253A6307054%253BtemplateInfo%253A107879_A3_C_E%2523&freeshipping=1&fs_ab=2&fuse_fs=&lang=id&location=Kab.%20Tangerang&price=6.88E%205&priceCompare=skuId%3A16013570474%3Bsource%3Alazada-search-voucher%3Bsn%3A2cc5dbdee968abe78d2a0a88c090c687%3BoriginPrice%3A68800000%3BdisplayPrice%3A68800000%3BisGray%3Afalse%3BsinglePromotionId%3A-1%3BsingleToolCode%3AmockedSalePrice%3BvoucherPricePlugin%3A0%3Btimestamp%3A1780167465147&ratingscore=4.46643109540636&request_id=2cc5dbdee968abe78d2a0a88c090c687&review=566&sale=1063&search=1&source=search&spm=a2o4j.searchlist.list.2&stock=1","","bagus cuma pengiriman lama sekali 😌","2026-01-08"
"1780196625-268","https://www.lazada.co.id/products/pdp-i8608700849-s16013570474.html?c=&channelLpJumpArgs=&clickTrackInfo=query%253Ahp%252Bhdc%252Bvivo%253Bnid%253A8608700849%253Bsrc%253ALazadaMainSrp%253Brn%253A2cc5dbdee968abe78d2a0a88c090c687%253Bregion%253Aid%253Bsku%253A8608700849_ID%253Bprice%253A688000%253Bclient%253Adesktop%253Bsupplier_id%253A401099536002%253Bsession_id%253A%253Bbiz_source%253Ah5_internal%253Bslot%253A2%253Butlog_bucket_id%253A470687%253Basc_category_id%253A10100333%253Bitem_id%253A8608700849%253Bsku_id%253A16013570474%253Bshop_id%253A6307054%253BtemplateInfo%253A107879_A3_C_E%2523&freeshipping=1&fs_ab=2&fuse_fs=&lang=id&location=Kab.%20Tangerang&price=6.88E%205&priceCompare=skuId%3A16013570474%3Bsource%3Alazada-search-voucher%3Bsn%3A2cc5dbdee968abe78d2a0a88c090c687%3BoriginPrice%3A68800000%3BdisplayPrice%3A68800000%3BisGray%3Afalse%3BsinglePromotionId%3A-1%3BsingleToolCode%3AmockedSalePrice%3BvoucherPricePlugin%3A0%3Btimestamp%3A1780167465147&ratingscore=4.46643109540636&request_id=2cc5dbdee968abe78d2a0a88c090c687&review=566&sale=1063&search=1&source=search&spm=a2o4j.searchlist.list.2&stock=1","","Baru, segel, dan bergaransi, Kapasitas baterai 3360mAh, Pelindung kaca Gorilla Glass 3,","2025-10-03"
"1780196625-269","https://www.lazada.co.id/products/pdp-i8608700849-s16013570474.html?c=&channelLpJumpArgs=&clickTrackInfo=query%253Ahp%252Bhdc%252Bvivo%253Bnid%253A8608700849%253Bsrc%253ALazadaMainSrp%253Brn%253A2cc5dbdee968abe78d2a0a88c090c687%253Bregion%253Aid%253Bsku%253A8608700849_ID%253Bprice%253A688000%253Bclient%253Adesktop%253Bsupplier_id%253A401099536002%253Bsession_id%253A%253Bbiz_source%253Ah5_internal%253Bslot%253A2%253Butlog_bucket_id%253A470687%253Basc_category_id%253A10100333%253Bitem_id%253A8608700849%253Bsku_id%253A16013570474%253Bshop_id%253A6307054%253BtemplateInfo%253A107879_A3_C_E%2523&freeshipping=1&fs_ab=2&fuse_fs=&lang=id&location=Kab.%20Tangerang&price=6.88E%205&priceCompare=skuId%3A16013570474%3Bsource%3Alazada-search-voucher%3Bsn%3A2cc5dbdee968abe78d2a0a88c090c687%3BoriginPrice%3A68800000%3BdisplayPrice%3A68800000%3BisGray%3Afalse%3BsinglePromotionId%3A-1%3BsingleToolCode%3AmockedSalePrice%3BvoucherPricePlugin%3A0%3Btimestamp%3A1780167465147&ratingscore=4.46643109540636&request_id=2cc5dbdee968abe78d2a0a88c090c687&review=566&sale=1063&search=1&source=search&spm=a2o4j.searchlist.list.2&stock=1","","nyesel beli di toko ini...... knapa ga dari dulu belinya ya,,,, ok mksh moga awet ne hapenya???!","2025-09-10"
"1780196625-270","https://www.lazada.co.id/products/pdp-i8608700849-s16013570474.html?c=&channelLpJumpArgs=&clickTrackInfo=query%253Ahp%252Bhdc%252Bvivo%253Bnid%253A8608700849%253Bsrc%253ALazadaMainSrp%253Brn%253A2cc5dbdee968abe78d2a0a88c090c687%253Bregion%253Aid%253Bsku%253A8608700849_ID%253Bprice%253A688000%253Bclient%253Adesktop%253Bsupplier_id%253A401099536002%253Bsession_id%253A%253Bbiz_source%253Ah5_internal%253Bslot%253A2%253Butlog_bucket_id%253A470687%253Basc_category_id%253A10100333%253Bitem_id%253A8608700849%253Bsku_id%253A16013570474%253Bshop_id%253A6307054%253BtemplateInfo%253A107879_A3_C_E%2523&freeshipping=1&fs_ab=2&fuse_fs=&lang=id&location=Kab.%20Tangerang&price=6.88E%205&priceCompare=skuId%3A16013570474%3Bsource%3Alazada-search-voucher%3Bsn%3A2cc5dbdee968abe78d2a0a88c090c687%3BoriginPrice%3A68800000%3BdisplayPrice%3A68800000%3BisGray%3Afalse%3BsinglePromotionId%3A-1%3BsingleToolCode%3AmockedSalePrice%3BvoucherPricePlugin%3A0%3Btimestamp%3A1780167465147&ratingscore=4.46643109540636&request_id=2cc5dbdee968abe78d2a0a88c090c687&review=566&sale=1063&search=1&source=search&spm=a2o4j.searchlist.list.2&stock=1","","barang datang sesuai,,makasih semoga berkah usaha nya","2025-11-22"
"1780196625-271","https://www.lazada.co.id/products/pdp-i8608700849-s16013570474.html?c=&channelLpJumpArgs=&clickTrackInfo=query%253Ahp%252Bhdc%252Bvivo%253Bnid%253A8608700849%253Bsrc%253ALazadaMainSrp%253Brn%253A2cc5dbdee968abe78d2a0a88c090c687%253Bregion%253Aid%253Bsku%253A8608700849_ID%253Bprice%253A688000%253Bclient%253Adesktop%253Bsupplier_id%253A401099536002%253Bsession_id%253A%253Bbiz_source%253Ah5_internal%253Bslot%253A2%253Butlog_bucket_id%253A470687%253Basc_category_id%253A10100333%253Bitem_id%253A8608700849%253Bsku_id%253A16013570474%253Bshop_id%253A6307054%253BtemplateInfo%253A107879_A3_C_E%2523&freeshipping=1&fs_ab=2&fuse_fs=&lang=id&location=Kab.%20Tangerang&price=6.88E%205&priceCompare=skuId%3A16013570474%3Bsource%3Alazada-search-voucher%3Bsn%3A2cc5dbdee968abe78d2a0a88c090c687%3BoriginPrice%3A68800000%3BdisplayPrice%3A68800000%3BisGray%3Afalse%3BsinglePromotionId%3A-1%3BsingleToolCode%3AmockedSalePrice%3BvoucherPricePlugin%3A0%3Btimestamp%3A1780167465147&ratingscore=4.46643109540636&request_id=2cc5dbdee968abe78d2a0a88c090c687&review=566&sale=1063&search=1&source=search&spm=a2o4j.searchlist.list.2&stock=1","","mantap","2026-02-13"
"1780196625-272","https://www.lazada.co.id/products/pdp-i8608700849-s16013570474.html?c=&channelLpJumpArgs=&clickTrackInfo=query%253Ahp%252Bhdc%252Bvivo%253Bnid%253A8608700849%253Bsrc%253ALazadaMainSrp%253Brn%253A2cc5dbdee968abe78d2a0a88c090c687%253Bregion%253Aid%253Bsku%253A8608700849_ID%253Bprice%253A688000%253Bclient%253Adesktop%253Bsupplier_id%253A401099536002%253Bsession_id%253A%253Bbiz_source%253Ah5_internal%253Bslot%253A2%253Butlog_bucket_id%253A470687%253Basc_category_id%253A10100333%253Bitem_id%253A8608700849%253Bsku_id%253A16013570474%253Bshop_id%253A6307054%253BtemplateInfo%253A107879_A3_C_E%2523&freeshipping=1&fs_ab=2&fuse_fs=&lang=id&location=Kab.%20Tangerang&price=6.88E%205&priceCompare=skuId%3A16013570474%3Bsource%3Alazada-search-voucher%3Bsn%3A2cc5dbdee968abe78d2a0a88c090c687%3BoriginPrice%3A68800000%3BdisplayPrice%3A68800000%3BisGray%3Afalse%3BsinglePromotionId%3A-1%3BsingleToolCode%3AmockedSalePrice%3BvoucherPricePlugin%3A0%3Btimestamp%3A1780167465147&ratingscore=4.46643109540636&request_id=2cc5dbdee968abe78d2a0a88c090c687&review=566&sale=1063&search=1&source=search&spm=a2o4j.searchlist.list.2&stock=1","","Baru, segel, dan bergaransi, mantap harga terjangkau,, hp normal digunakan","2025-10-13"
"1780196625-273","https://www.lazada.co.id/products/pdp-i8608700849-s16013570474.html?c=&channelLpJumpArgs=&clickTrackInfo=query%253Ahp%252Bhdc%252Bvivo%253Bnid%253A8608700849%253Bsrc%253ALazadaMainSrp%253Brn%253A2cc5dbdee968abe78d2a0a88c090c687%253Bregion%253Aid%253Bsku%253A8608700849_ID%253Bprice%253A688000%253Bclient%253Adesktop%253Bsupplier_id%253A401099536002%253Bsession_id%253A%253Bbiz_source%253Ah5_internal%253Bslot%253A2%253Butlog_bucket_id%253A470687%253Basc_category_id%253A10100333%253Bitem_id%253A8608700849%253Bsku_id%253A16013570474%253Bshop_id%253A6307054%253BtemplateInfo%253A107879_A3_C_E%2523&freeshipping=1&fs_ab=2&fuse_fs=&lang=id&location=Kab.%20Tangerang&price=6.88E%205&priceCompare=skuId%3A16013570474%3Bsource%3Alazada-search-voucher%3Bsn%3A2cc5dbdee968abe78d2a0a88c090c687%3BoriginPrice%3A68800000%3BdisplayPrice%3A68800000%3BisGray%3Afalse%3BsinglePromotionId%3A-1%3BsingleToolCode%3AmockedSalePrice%3BvoucherPricePlugin%3A0%3Btimestamp%3A1780167465147&ratingscore=4.46643109540636&request_id=2cc5dbdee968abe78d2a0a88c090c687&review=566&sale=1063&search=1&source=search&spm=a2o4j.searchlist.list.2&stock=1","","Baru, 

android 6","2025-12-10"
"1780196625-274","https://www.lazada.co.id/products/pdp-i8608700849-s16013570474.html?c=&channelLpJumpArgs=&clickTrackInfo=query%253Ahp%252Bhdc%252Bvivo%253Bnid%253A8608700849%253Bsrc%253ALazadaMainSrp%253Brn%253A2cc5dbdee968abe78d2a0a88c090c687%253Bregion%253Aid%253Bsku%253A8608700849_ID%253Bprice%253A688000%253Bclient%253Adesktop%253Bsupplier_id%253A401099536002%253Bsession_id%253A%253Bbiz_source%253Ah5_internal%253Bslot%253A2%253Butlog_bucket_id%253A470687%253Basc_category_id%253A10100333%253Bitem_id%253A8608700849%253Bsku_id%253A16013570474%253Bshop_id%253A6307054%253BtemplateInfo%253A107879_A3_C_E%2523&freeshipping=1&fs_ab=2&fuse_fs=&lang=id&location=Kab.%20Tangerang&price=6.88E%205&priceCompare=skuId%3A16013570474%3Bsource%3Alazada-search-voucher%3Bsn%3A2cc5dbdee968abe78d2a0a88c090c687%3BoriginPrice%3A68800000%3BdisplayPrice%3A68800000%3BisGray%3Afalse%3BsinglePromotionId%3A-1%3BsingleToolCode%3AmockedSalePrice%3BvoucherPricePlugin%3A0%3Btimestamp%3A1780167465147&ratingscore=4.46643109540636&request_id=2cc5dbdee968abe78d2a0a88c090c687&review=566&sale=1063&search=1&source=search&spm=a2o4j.searchlist.list.2&stock=1","","mksh seller Amanah sesuai deskripsi mntap","2025-12-06"
"1780196625-275","https://www.lazada.co.id/products/pdp-i8608700849-s16013570474.html?c=&channelLpJumpArgs=&clickTrackInfo=query%253Ahp%252Bhdc%252Bvivo%253Bnid%253A8608700849%253Bsrc%253ALazadaMainSrp%253Brn%253A2cc5dbdee968abe78d2a0a88c090c687%253Bregion%253Aid%253Bsku%253A8608700849_ID%253Bprice%253A688000%253Bclient%253Adesktop%253Bsupplier_id%253A401099536002%253Bsession_id%253A%253Bbiz_source%253Ah5_internal%253Bslot%253A2%253Butlog_bucket_id%253A470687%253Basc_category_id%253A10100333%253Bitem_id%253A8608700849%253Bsku_id%253A16013570474%253Bshop_id%253A6307054%253BtemplateInfo%253A107879_A3_C_E%2523&freeshipping=1&fs_ab=2&fuse_fs=&lang=id&location=Kab.%20Tangerang&price=6.88E%205&priceCompare=skuId%3A16013570474%3Bsource%3Alazada-search-voucher%3Bsn%3A2cc5dbdee968abe78d2a0a88c090c687%3BoriginPrice%3A68800000%3BdisplayPrice%3A68800000%3BisGray%3Afalse%3BsinglePromotionId%3A-1%3BsingleToolCode%3AmockedSalePrice%3BvoucherPricePlugin%3A0%3Btimestamp%3A1780167465147&ratingscore=4.46643109540636&request_id=2cc5dbdee968abe78d2a0a88c090c687&review=566&sale=1063&search=1&source=search&spm=a2o4j.searchlist.list.2&stock=1","","Baru, segel, dan bergaransi, HP y cepat panas itu saja kendalanya","2025-10-25"
"1780196625-276","https://www.lazada.co.id/products/pdp-i8608700849-s16013570474.html?c=&channelLpJumpArgs=&clickTrackInfo=query%253Ahp%252Bhdc%252Bvivo%253Bnid%253A8608700849%253Bsrc%253ALazadaMainSrp%253Brn%253A2cc5dbdee968abe78d2a0a88c090c687%253Bregion%253Aid%253Bsku%253A8608700849_ID%253Bprice%253A688000%253Bclient%253Adesktop%253Bsupplier_id%253A401099536002%253Bsession_id%253A%253Bbiz_source%253Ah5_internal%253Bslot%253A2%253Butlog_bucket_id%253A470687%253Basc_category_id%253A10100333%253Bitem_id%253A8608700849%253Bsku_id%253A16013570474%253Bshop_id%253A6307054%253BtemplateInfo%253A107879_A3_C_E%2523&freeshipping=1&fs_ab=2&fuse_fs=&lang=id&location=Kab.%20Tangerang&price=6.88E%205&priceCompare=skuId%3A16013570474%3Bsource%3Alazada-search-voucher%3Bsn%3A2cc5dbdee968abe78d2a0a88c090c687%3BoriginPrice%3A68800000%3BdisplayPrice%3A68800000%3BisGray%3Afalse%3BsinglePromotionId%3A-1%3BsingleToolCode%3AmockedSalePrice%3BvoucherPricePlugin%3A0%3Btimestamp%3A1780167465147&ratingscore=4.46643109540636&request_id=2cc5dbdee968abe78d2a0a88c090c687&review=566&sale=1063&search=1&source=search&spm=a2o4j.searchlist.list.2&stock=1","","kualitasya bagus sesuai harapan🥰🥰🥰🥰😔
pegirmanya juga cepet","2025-10-28"
"1780196625-277","https://www.lazada.co.id/products/pdp-i8608700849-s16013570474.html?c=&channelLpJumpArgs=&clickTrackInfo=query%253Ahp%252Bhdc%252Bvivo%253Bnid%253A8608700849%253Bsrc%253ALazadaMainSrp%253Brn%253A2cc5dbdee968abe78d2a0a88c090c687%253Bregion%253Aid%253Bsku%253A8608700849_ID%253Bprice%253A688000%253Bclient%253Adesktop%253Bsupplier_id%253A401099536002%253Bsession_id%253A%253Bbiz_source%253Ah5_internal%253Bslot%253A2%253Butlog_bucket_id%253A470687%253Basc_category_id%253A10100333%253Bitem_id%253A8608700849%253Bsku_id%253A16013570474%253Bshop_id%253A6307054%253BtemplateInfo%253A107879_A3_C_E%2523&freeshipping=1&fs_ab=2&fuse_fs=&lang=id&location=Kab.%20Tangerang&price=6.88E%205&priceCompare=skuId%3A16013570474%3Bsource%3Alazada-search-voucher%3Bsn%3A2cc5dbdee968abe78d2a0a88c090c687%3BoriginPrice%3A68800000%3BdisplayPrice%3A68800000%3BisGray%3Afalse%3BsinglePromotionId%3A-1%3BsingleToolCode%3AmockedSalePrice%3BvoucherPricePlugin%3A0%3Btimestamp%3A1780167465147&ratingscore=4.46643109540636&request_id=2cc5dbdee968abe78d2a0a88c090c687&review=566&sale=1063&search=1&source=search&spm=a2o4j.searchlist.list.2&stock=1","","produk datang smartfren rusak kotak xiaomi, guys hati hati dalam pembelian, gak tahu pihak mana yang bertanggung jawab ini, toko yang tidak jujur atau ekspedisi yang tidak jujur atau lazada kelalaian mengawasi","2026-02-26"
"1780196625-278","https://www.lazada.co.id/products/pdp-i8608700849-s16013570474.html?c=&channelLpJumpArgs=&clickTrackInfo=query%253Ahp%252Bhdc%252Bvivo%253Bnid%253A8608700849%253Bsrc%253ALazadaMainSrp%253Brn%253A2cc5dbdee968abe78d2a0a88c090c687%253Bregion%253Aid%253Bsku%253A8608700849_ID%253Bprice%253A688000%253Bclient%253Adesktop%253Bsupplier_id%253A401099536002%253Bsession_id%253A%253Bbiz_source%253Ah5_internal%253Bslot%253A2%253Butlog_bucket_id%253A470687%253Basc_category_id%253A10100333%253Bitem_id%253A8608700849%253Bsku_id%253A16013570474%253Bshop_id%253A6307054%253BtemplateInfo%253A107879_A3_C_E%2523&freeshipping=1&fs_ab=2&fuse_fs=&lang=id&location=Kab.%20Tangerang&price=6.88E%205&priceCompare=skuId%3A16013570474%3Bsource%3Alazada-search-voucher%3Bsn%3A2cc5dbdee968abe78d2a0a88c090c687%3BoriginPrice%3A68800000%3BdisplayPrice%3A68800000%3BisGray%3Afalse%3BsinglePromotionId%3A-1%3BsingleToolCode%3AmockedSalePrice%3BvoucherPricePlugin%3A0%3Btimestamp%3A1780167465147&ratingscore=4.46643109540636&request_id=2cc5dbdee968abe78d2a0a88c090c687&review=566&sale=1063&search=1&source=search&spm=a2o4j.searchlist.list.2&stock=1","","lumayannutk harga yg ekonimis...mudah²an awet cuma casannya nggak fungsi","2025-10-02"
"1780196625-279","https://www.lazada.co.id/products/pdp-i8608700849-s16013570474.html?c=&channelLpJumpArgs=&clickTrackInfo=query%253Ahp%252Bhdc%252Bvivo%253Bnid%253A8608700849%253Bsrc%253ALazadaMainSrp%253Brn%253A2cc5dbdee968abe78d2a0a88c090c687%253Bregion%253Aid%253Bsku%253A8608700849_ID%253Bprice%253A688000%253Bclient%253Adesktop%253Bsupplier_id%253A401099536002%253Bsession_id%253A%253Bbiz_source%253Ah5_internal%253Bslot%253A2%253Butlog_bucket_id%253A470687%253Basc_category_id%253A10100333%253Bitem_id%253A8608700849%253Bsku_id%253A16013570474%253Bshop_id%253A6307054%253BtemplateInfo%253A107879_A3_C_E%2523&freeshipping=1&fs_ab=2&fuse_fs=&lang=id&location=Kab.%20Tangerang&price=6.88E%205&priceCompare=skuId%3A16013570474%3Bsource%3Alazada-search-voucher%3Bsn%3A2cc5dbdee968abe78d2a0a88c090c687%3BoriginPrice%3A68800000%3BdisplayPrice%3A68800000%3BisGray%3Afalse%3BsinglePromotionId%3A-1%3BsingleToolCode%3AmockedSalePrice%3BvoucherPricePlugin%3A0%3Btimestamp%3A1780167465147&ratingscore=4.46643109540636&request_id=2cc5dbdee968abe78d2a0a88c090c687&review=566&sale=1063&search=1&source=search&spm=a2o4j.searchlist.list.2&stock=1","","MANTABB....SANGAT BAGUS, SANGAT MURAH,

TRIMAKASIH SELER...","2025-10-18"
"1780196625-280","https://www.lazada.co.id/products/pdp-i8608700849-s16013570474.html?c=&channelLpJumpArgs=&clickTrackInfo=query%253Ahp%252Bhdc%252Bvivo%253Bnid%253A8608700849%253Bsrc%253ALazadaMainSrp%253Brn%253A2cc5dbdee968abe78d2a0a88c090c687%253Bregion%253Aid%253Bsku%253A8608700849_ID%253Bprice%253A688000%253Bclient%253Adesktop%253Bsupplier_id%253A401099536002%253Bsession_id%253A%253Bbiz_source%253Ah5_internal%253Bslot%253A2%253Butlog_bucket_id%253A470687%253Basc_category_id%253A10100333%253Bitem_id%253A8608700849%253Bsku_id%253A16013570474%253Bshop_id%253A6307054%253BtemplateInfo%253A107879_A3_C_E%2523&freeshipping=1&fs_ab=2&fuse_fs=&lang=id&location=Kab.%20Tangerang&price=6.88E%205&priceCompare=skuId%3A16013570474%3Bsource%3Alazada-search-voucher%3Bsn%3A2cc5dbdee968abe78d2a0a88c090c687%3BoriginPrice%3A68800000%3BdisplayPrice%3A68800000%3BisGray%3Afalse%3BsinglePromotionId%3A-1%3BsingleToolCode%3AmockedSalePrice%3BvoucherPricePlugin%3A0%3Btimestamp%3A1780167465147&ratingscore=4.46643109540636&request_id=2cc5dbdee968abe78d2a0a88c090c687&review=566&sale=1063&search=1&source=search&spm=a2o4j.searchlist.list.2&stock=1","","pokonya is the beast","2026-01-07"
"1780196625-281","https://www.lazada.co.id/products/pdp-i8608700849-s16013570474.html?c=&channelLpJumpArgs=&clickTrackInfo=query%253Ahp%252Bhdc%252Bvivo%253Bnid%253A8608700849%253Bsrc%253ALazadaMainSrp%253Brn%253A2cc5dbdee968abe78d2a0a88c090c687%253Bregion%253Aid%253Bsku%253A8608700849_ID%253Bprice%253A688000%253Bclient%253Adesktop%253Bsupplier_id%253A401099536002%253Bsession_id%253A%253Bbiz_source%253Ah5_internal%253Bslot%253A2%253Butlog_bucket_id%253A470687%253Basc_category_id%253A10100333%253Bitem_id%253A8608700849%253Bsku_id%253A16013570474%253Bshop_id%253A6307054%253BtemplateInfo%253A107879_A3_C_E%2523&freeshipping=1&fs_ab=2&fuse_fs=&lang=id&location=Kab.%20Tangerang&price=6.88E%205&priceCompare=skuId%3A16013570474%3Bsource%3Alazada-search-voucher%3Bsn%3A2cc5dbdee968abe78d2a0a88c090c687%3BoriginPrice%3A68800000%3BdisplayPrice%3A68800000%3BisGray%3Afalse%3BsinglePromotionId%3A-1%3BsingleToolCode%3AmockedSalePrice%3BvoucherPricePlugin%3A0%3Btimestamp%3A1780167465147&ratingscore=4.46643109540636&request_id=2cc5dbdee968abe78d2a0a88c090c687&review=566&sale=1063&search=1&source=search&spm=a2o4j.searchlist.list.2&stock=1","","kalo jualan yg bener lah,pesan y71 ram 6/128 yang datang y66 4/64,mau nipu aja","2026-04-11"
"1780196625-282","https://www.lazada.co.id/products/pdp-i8608700849-s16013570474.html?c=&channelLpJumpArgs=&clickTrackInfo=query%253Ahp%252Bhdc%252Bvivo%253Bnid%253A8608700849%253Bsrc%253ALazadaMainSrp%253Brn%253A2cc5dbdee968abe78d2a0a88c090c687%253Bregion%253Aid%253Bsku%253A8608700849_ID%253Bprice%253A688000%253Bclient%253Adesktop%253Bsupplier_id%253A401099536002%253Bsession_id%253A%253Bbiz_source%253Ah5_internal%253Bslot%253A2%253Butlog_bucket_id%253A470687%253Basc_category_id%253A10100333%253Bitem_id%253A8608700849%253Bsku_id%253A16013570474%253Bshop_id%253A6307054%253BtemplateInfo%253A107879_A3_C_E%2523&freeshipping=1&fs_ab=2&fuse_fs=&lang=id&location=Kab.%20Tangerang&price=6.88E%205&priceCompare=skuId%3A16013570474%3Bsource%3Alazada-search-voucher%3Bsn%3A2cc5dbdee968abe78d2a0a88c090c687%3BoriginPrice%3A68800000%3BdisplayPrice%3A68800000%3BisGray%3Afalse%3BsinglePromotionId%3A-1%3BsingleToolCode%3AmockedSalePrice%3BvoucherPricePlugin%3A0%3Btimestamp%3A1780167465147&ratingscore=4.46643109540636&request_id=2cc5dbdee968abe78d2a0a88c090c687&review=566&sale=1063&search=1&source=search&spm=a2o4j.searchlist.list.2&stock=1","","makasih dah d trima mantap sesuai harga","2025-11-24"
"1780196625-283","https://www.lazada.co.id/products/pdp-i8608700849-s16013570474.html?c=&channelLpJumpArgs=&clickTrackInfo=query%253Ahp%252Bhdc%252Bvivo%253Bnid%253A8608700849%253Bsrc%253ALazadaMainSrp%253Brn%253A2cc5dbdee968abe78d2a0a88c090c687%253Bregion%253Aid%253Bsku%253A8608700849_ID%253Bprice%253A688000%253Bclient%253Adesktop%253Bsupplier_id%253A401099536002%253Bsession_id%253A%253Bbiz_source%253Ah5_internal%253Bslot%253A2%253Butlog_bucket_id%253A470687%253Basc_category_id%253A10100333%253Bitem_id%253A8608700849%253Bsku_id%253A16013570474%253Bshop_id%253A6307054%253BtemplateInfo%253A107879_A3_C_E%2523&freeshipping=1&fs_ab=2&fuse_fs=&lang=id&location=Kab.%20Tangerang&price=6.88E%205&priceCompare=skuId%3A16013570474%3Bsource%3Alazada-search-voucher%3Bsn%3A2cc5dbdee968abe78d2a0a88c090c687%3BoriginPrice%3A68800000%3BdisplayPrice%3A68800000%3BisGray%3Afalse%3BsinglePromotionId%3A-1%3BsingleToolCode%3AmockedSalePrice%3BvoucherPricePlugin%3A0%3Btimestamp%3A1780167465147&ratingscore=4.46643109540636&request_id=2cc5dbdee968abe78d2a0a88c090c687&review=566&sale=1063&search=1&source=search&spm=a2o4j.searchlist.list.2&stock=1","","pesan nya Vivo y17,di kirim y55,tapi gpp lah,semoga berkah,saya terima beli ya","2025-09-24"
"1780196625-284","https://www.lazada.co.id/products/pdp-i8608700849-s16013570474.html?c=&channelLpJumpArgs=&clickTrackInfo=query%253Ahp%252Bhdc%252Bvivo%253Bnid%253A8608700849%253Bsrc%253ALazadaMainSrp%253Brn%253A2cc5dbdee968abe78d2a0a88c090c687%253Bregion%253Aid%253Bsku%253A8608700849_ID%253Bprice%253A688000%253Bclient%253Adesktop%253Bsupplier_id%253A401099536002%253Bsession_id%253A%253Bbiz_source%253Ah5_internal%253Bslot%253A2%253Butlog_bucket_id%253A470687%253Basc_category_id%253A10100333%253Bitem_id%253A8608700849%253Bsku_id%253A16013570474%253Bshop_id%253A6307054%253BtemplateInfo%253A107879_A3_C_E%2523&freeshipping=1&fs_ab=2&fuse_fs=&lang=id&location=Kab.%20Tangerang&price=6.88E%205&priceCompare=skuId%3A16013570474%3Bsource%3Alazada-search-voucher%3Bsn%3A2cc5dbdee968abe78d2a0a88c090c687%3BoriginPrice%3A68800000%3BdisplayPrice%3A68800000%3BisGray%3Afalse%3BsinglePromotionId%3A-1%3BsingleToolCode%3AmockedSalePrice%3BvoucherPricePlugin%3A0%3Btimestamp%3A1780167465147&ratingscore=4.46643109540636&request_id=2cc5dbdee968abe78d2a0a88c090c687&review=566&sale=1063&search=1&source=search&spm=a2o4j.searchlist.list.2&stock=1","","Baru, segel, Kapasitas baterai 3360mAh, dan bergaransi,","2025-10-31"
"1780196625-285","https://www.lazada.co.id/products/pdp-i8608700849-s16013570474.html?c=&channelLpJumpArgs=&clickTrackInfo=query%253Ahp%252Bhdc%252Bvivo%253Bnid%253A8608700849%253Bsrc%253ALazadaMainSrp%253Brn%253A2cc5dbdee968abe78d2a0a88c090c687%253Bregion%253Aid%253Bsku%253A8608700849_ID%253Bprice%253A688000%253Bclient%253Adesktop%253Bsupplier_id%253A401099536002%253Bsession_id%253A%253Bbiz_source%253Ah5_internal%253Bslot%253A2%253Butlog_bucket_id%253A470687%253Basc_category_id%253A10100333%253Bitem_id%253A8608700849%253Bsku_id%253A16013570474%253Bshop_id%253A6307054%253BtemplateInfo%253A107879_A3_C_E%2523&freeshipping=1&fs_ab=2&fuse_fs=&lang=id&location=Kab.%20Tangerang&price=6.88E%205&priceCompare=skuId%3A16013570474%3Bsource%3Alazada-search-voucher%3Bsn%3A2cc5dbdee968abe78d2a0a88c090c687%3BoriginPrice%3A68800000%3BdisplayPrice%3A68800000%3BisGray%3Afalse%3BsinglePromotionId%3A-1%3BsingleToolCode%3AmockedSalePrice%3BvoucherPricePlugin%3A0%3Btimestamp%3A1780167465147&ratingscore=4.46643109540636&request_id=2cc5dbdee968abe78d2a0a88c090c687&review=566&sale=1063&search=1&source=search&spm=a2o4j.searchlist.list.2&stock=1","","pesanan sudah sampai kondisi segel semoga sesuai ramnya","2025-10-30"
"1780196625-286","https://www.lazada.co.id/products/pdp-i8608700849-s16013570474.html?c=&channelLpJumpArgs=&clickTrackInfo=query%253Ahp%252Bhdc%252Bvivo%253Bnid%253A8608700849%253Bsrc%253ALazadaMainSrp%253Brn%253A2cc5dbdee968abe78d2a0a88c090c687%253Bregion%253Aid%253Bsku%253A8608700849_ID%253Bprice%253A688000%253Bclient%253Adesktop%253Bsupplier_id%253A401099536002%253Bsession_id%253A%253Bbiz_source%253Ah5_internal%253Bslot%253A2%253Butlog_bucket_id%253A470687%253Basc_category_id%253A10100333%253Bitem_id%253A8608700849%253Bsku_id%253A16013570474%253Bshop_id%253A6307054%253BtemplateInfo%253A107879_A3_C_E%2523&freeshipping=1&fs_ab=2&fuse_fs=&lang=id&location=Kab.%20Tangerang&price=6.88E%205&priceCompare=skuId%3A16013570474%3Bsource%3Alazada-search-voucher%3Bsn%3A2cc5dbdee968abe78d2a0a88c090c687%3BoriginPrice%3A68800000%3BdisplayPrice%3A68800000%3BisGray%3Afalse%3BsinglePromotionId%3A-1%3BsingleToolCode%3AmockedSalePrice%3BvoucherPricePlugin%3A0%3Btimestamp%3A1780167465147&ratingscore=4.46643109540636&request_id=2cc5dbdee968abe78d2a0a88c090c687&review=566&sale=1063&search=1&source=search&spm=a2o4j.searchlist.list.2&stock=1","","Baru, segel, dan bergaransi, Pelindung kaca Gorilla Glass 3,","2025-10-09"
"1780196625-287","https://www.lazada.co.id/products/pdp-i8608700849-s16013570474.html?c=&channelLpJumpArgs=&clickTrackInfo=query%253Ahp%252Bhdc%252Bvivo%253Bnid%253A8608700849%253Bsrc%253ALazadaMainSrp%253Brn%253A2cc5dbdee968abe78d2a0a88c090c687%253Bregion%253Aid%253Bsku%253A8608700849_ID%253Bprice%253A688000%253Bclient%253Adesktop%253Bsupplier_id%253A401099536002%253Bsession_id%253A%253Bbiz_source%253Ah5_internal%253Bslot%253A2%253Butlog_bucket_id%253A470687%253Basc_category_id%253A10100333%253Bitem_id%253A8608700849%253Bsku_id%253A16013570474%253Bshop_id%253A6307054%253BtemplateInfo%253A107879_A3_C_E%2523&freeshipping=1&fs_ab=2&fuse_fs=&lang=id&location=Kab.%20Tangerang&price=6.88E%205&priceCompare=skuId%3A16013570474%3Bsource%3Alazada-search-voucher%3Bsn%3A2cc5dbdee968abe78d2a0a88c090c687%3BoriginPrice%3A68800000%3BdisplayPrice%3A68800000%3BisGray%3Afalse%3BsinglePromotionId%3A-1%3BsingleToolCode%3AmockedSalePrice%3BvoucherPricePlugin%3A0%3Btimestamp%3A1780167465147&ratingscore=4.46643109540636&request_id=2cc5dbdee968abe78d2a0a88c090c687&review=566&sale=1063&search=1&source=search&spm=a2o4j.searchlist.list.2&stock=1","","sempurna banget dengan harga ramah banget, tanpa menguras kantong,kualitas ok.","2025-09-18"
"1780196625-288","https://www.lazada.co.id/products/pdp-i8608700849-s16013570474.html?c=&channelLpJumpArgs=&clickTrackInfo=query%253Ahp%252Bhdc%252Bvivo%253Bnid%253A8608700849%253Bsrc%253ALazadaMainSrp%253Brn%253A2cc5dbdee968abe78d2a0a88c090c687%253Bregion%253Aid%253Bsku%253A8608700849_ID%253Bprice%253A688000%253Bclient%253Adesktop%253Bsupplier_id%253A401099536002%253Bsession_id%253A%253Bbiz_source%253Ah5_internal%253Bslot%253A2%253Butlog_bucket_id%253A470687%253Basc_category_id%253A10100333%253Bitem_id%253A8608700849%253Bsku_id%253A16013570474%253Bshop_id%253A6307054%253BtemplateInfo%253A107879_A3_C_E%2523&freeshipping=1&fs_ab=2&fuse_fs=&lang=id&location=Kab.%20Tangerang&price=6.88E%205&priceCompare=skuId%3A16013570474%3Bsource%3Alazada-search-voucher%3Bsn%3A2cc5dbdee968abe78d2a0a88c090c687%3BoriginPrice%3A68800000%3BdisplayPrice%3A68800000%3BisGray%3Afalse%3BsinglePromotionId%3A-1%3BsingleToolCode%3AmockedSalePrice%3BvoucherPricePlugin%3A0%3Btimestamp%3A1780167465147&ratingscore=4.46643109540636&request_id=2cc5dbdee968abe78d2a0a88c090c687&review=566&sale=1063&search=1&source=search&spm=a2o4j.searchlist.list.2&stock=1","","Baru, segel, dan bergaransi, Pelindung kaca Gorilla Glass 3,","2025-10-06"
"1780196625-289","https://www.lazada.co.id/products/pdp-i8608700849-s16013570474.html?c=&channelLpJumpArgs=&clickTrackInfo=query%253Ahp%252Bhdc%252Bvivo%253Bnid%253A8608700849%253Bsrc%253ALazadaMainSrp%253Brn%253A2cc5dbdee968abe78d2a0a88c090c687%253Bregion%253Aid%253Bsku%253A8608700849_ID%253Bprice%253A688000%253Bclient%253Adesktop%253Bsupplier_id%253A401099536002%253Bsession_id%253A%253Bbiz_source%253Ah5_internal%253Bslot%253A2%253Butlog_bucket_id%253A470687%253Basc_category_id%253A10100333%253Bitem_id%253A8608700849%253Bsku_id%253A16013570474%253Bshop_id%253A6307054%253BtemplateInfo%253A107879_A3_C_E%2523&freeshipping=1&fs_ab=2&fuse_fs=&lang=id&location=Kab.%20Tangerang&price=6.88E%205&priceCompare=skuId%3A16013570474%3Bsource%3Alazada-search-voucher%3Bsn%3A2cc5dbdee968abe78d2a0a88c090c687%3BoriginPrice%3A68800000%3BdisplayPrice%3A68800000%3BisGray%3Afalse%3BsinglePromotionId%3A-1%3BsingleToolCode%3AmockedSalePrice%3BvoucherPricePlugin%3A0%3Btimestamp%3A1780167465147&ratingscore=4.46643109540636&request_id=2cc5dbdee968abe78d2a0a88c090c687&review=566&sale=1063&search=1&source=search&spm=a2o4j.searchlist.list.2&stock=1","","Baru, segel, dan bergaransi,","2025-11-30"
"1780196625-290","https://www.lazada.co.id/products/pdp-i8608700849-s16013570474.html?c=&channelLpJumpArgs=&clickTrackInfo=query%253Ahp%252Bhdc%252Bvivo%253Bnid%253A8608700849%253Bsrc%253ALazadaMainSrp%253Brn%253A2cc5dbdee968abe78d2a0a88c090c687%253Bregion%253Aid%253Bsku%253A8608700849_ID%253Bprice%253A688000%253Bclient%253Adesktop%253Bsupplier_id%253A401099536002%253Bsession_id%253A%253Bbiz_source%253Ah5_internal%253Bslot%253A2%253Butlog_bucket_id%253A470687%253Basc_category_id%253A10100333%253Bitem_id%253A8608700849%253Bsku_id%253A16013570474%253Bshop_id%253A6307054%253BtemplateInfo%253A107879_A3_C_E%2523&freeshipping=1&fs_ab=2&fuse_fs=&lang=id&location=Kab.%20Tangerang&price=6.88E%205&priceCompare=skuId%3A16013570474%3Bsource%3Alazada-search-voucher%3Bsn%3A2cc5dbdee968abe78d2a0a88c090c687%3BoriginPrice%3A68800000%3BdisplayPrice%3A68800000%3BisGray%3Afalse%3BsinglePromotionId%3A-1%3BsingleToolCode%3AmockedSalePrice%3BvoucherPricePlugin%3A0%3Btimestamp%3A1780167465147&ratingscore=4.46643109540636&request_id=2cc5dbdee968abe78d2a0a88c090c687&review=566&sale=1063&search=1&source=search&spm=a2o4j.searchlist.list.2&stock=1","","sesuai,cm GK ada hansfree kak","2025-11-28"
"1780196625-291","https://www.lazada.co.id/products/pdp-i8608700849-s16013570474.html?c=&channelLpJumpArgs=&clickTrackInfo=query%253Ahp%252Bhdc%252Bvivo%253Bnid%253A8608700849%253Bsrc%253ALazadaMainSrp%253Brn%253A2cc5dbdee968abe78d2a0a88c090c687%253Bregion%253Aid%253Bsku%253A8608700849_ID%253Bprice%253A688000%253Bclient%253Adesktop%253Bsupplier_id%253A401099536002%253Bsession_id%253A%253Bbiz_source%253Ah5_internal%253Bslot%253A2%253Butlog_bucket_id%253A470687%253Basc_category_id%253A10100333%253Bitem_id%253A8608700849%253Bsku_id%253A16013570474%253Bshop_id%253A6307054%253BtemplateInfo%253A107879_A3_C_E%2523&freeshipping=1&fs_ab=2&fuse_fs=&lang=id&location=Kab.%20Tangerang&price=6.88E%205&priceCompare=skuId%3A16013570474%3Bsource%3Alazada-search-voucher%3Bsn%3A2cc5dbdee968abe78d2a0a88c090c687%3BoriginPrice%3A68800000%3BdisplayPrice%3A68800000%3BisGray%3Afalse%3BsinglePromotionId%3A-1%3BsingleToolCode%3AmockedSalePrice%3BvoucherPricePlugin%3A0%3Btimestamp%3A1780167465147&ratingscore=4.46643109540636&request_id=2cc5dbdee968abe78d2a0a88c090c687&review=566&sale=1063&search=1&source=search&spm=a2o4j.searchlist.list.2&stock=1","","sesuai dengan gambar semoga awet selalu","2025-11-02"
"1780196625-292","https://www.lazada.co.id/products/pdp-i8608700849-s16013570474.html?c=&channelLpJumpArgs=&clickTrackInfo=query%253Ahp%252Bhdc%252Bvivo%253Bnid%253A8608700849%253Bsrc%253ALazadaMainSrp%253Brn%253A2cc5dbdee968abe78d2a0a88c090c687%253Bregion%253Aid%253Bsku%253A8608700849_ID%253Bprice%253A688000%253Bclient%253Adesktop%253Bsupplier_id%253A401099536002%253Bsession_id%253A%253Bbiz_source%253Ah5_internal%253Bslot%253A2%253Butlog_bucket_id%253A470687%253Basc_category_id%253A10100333%253Bitem_id%253A8608700849%253Bsku_id%253A16013570474%253Bshop_id%253A6307054%253BtemplateInfo%253A107879_A3_C_E%2523&freeshipping=1&fs_ab=2&fuse_fs=&lang=id&location=Kab.%20Tangerang&price=6.88E%205&priceCompare=skuId%3A16013570474%3Bsource%3Alazada-search-voucher%3Bsn%3A2cc5dbdee968abe78d2a0a88c090c687%3BoriginPrice%3A68800000%3BdisplayPrice%3A68800000%3BisGray%3Afalse%3BsinglePromotionId%3A-1%3BsingleToolCode%3AmockedSalePrice%3BvoucherPricePlugin%3A0%3Btimestamp%3A1780167465147&ratingscore=4.46643109540636&request_id=2cc5dbdee968abe78d2a0a88c090c687&review=566&sale=1063&search=1&source=search&spm=a2o4j.searchlist.list.2&stock=1","","mesti baru kasih ulasan baru sempet mantaplah hp ya josss","2025-10-15"
"1780196625-293","https://www.lazada.co.id/products/pdp-i8608700849-s16013570474.html?c=&channelLpJumpArgs=&clickTrackInfo=query%253Ahp%252Bhdc%252Bvivo%253Bnid%253A8608700849%253Bsrc%253ALazadaMainSrp%253Brn%253A2cc5dbdee968abe78d2a0a88c090c687%253Bregion%253Aid%253Bsku%253A8608700849_ID%253Bprice%253A688000%253Bclient%253Adesktop%253Bsupplier_id%253A401099536002%253Bsession_id%253A%253Bbiz_source%253Ah5_internal%253Bslot%253A2%253Butlog_bucket_id%253A470687%253Basc_category_id%253A10100333%253Bitem_id%253A8608700849%253Bsku_id%253A16013570474%253Bshop_id%253A6307054%253BtemplateInfo%253A107879_A3_C_E%2523&freeshipping=1&fs_ab=2&fuse_fs=&lang=id&location=Kab.%20Tangerang&price=6.88E%205&priceCompare=skuId%3A16013570474%3Bsource%3Alazada-search-voucher%3Bsn%3A2cc5dbdee968abe78d2a0a88c090c687%3BoriginPrice%3A68800000%3BdisplayPrice%3A68800000%3BisGray%3Afalse%3BsinglePromotionId%3A-1%3BsingleToolCode%3AmockedSalePrice%3BvoucherPricePlugin%3A0%3Btimestamp%3A1780167465147&ratingscore=4.46643109540636&request_id=2cc5dbdee968abe78d2a0a88c090c687&review=566&sale=1063&search=1&source=search&spm=a2o4j.searchlist.list.2&stock=1","","sedikit kecewa karna barang tidak sesuai,,","2025-10-25"
"1780196625-294","https://www.lazada.co.id/products/pdp-i8608700849-s16013570474.html?c=&channelLpJumpArgs=&clickTrackInfo=query%253Ahp%252Bhdc%252Bvivo%253Bnid%253A8608700849%253Bsrc%253ALazadaMainSrp%253Brn%253A2cc5dbdee968abe78d2a0a88c090c687%253Bregion%253Aid%253Bsku%253A8608700849_ID%253Bprice%253A688000%253Bclient%253Adesktop%253Bsupplier_id%253A401099536002%253Bsession_id%253A%253Bbiz_source%253Ah5_internal%253Bslot%253A2%253Butlog_bucket_id%253A470687%253Basc_category_id%253A10100333%253Bitem_id%253A8608700849%253Bsku_id%253A16013570474%253Bshop_id%253A6307054%253BtemplateInfo%253A107879_A3_C_E%2523&freeshipping=1&fs_ab=2&fuse_fs=&lang=id&location=Kab.%20Tangerang&price=6.88E%205&priceCompare=skuId%3A16013570474%3Bsource%3Alazada-search-voucher%3Bsn%3A2cc5dbdee968abe78d2a0a88c090c687%3BoriginPrice%3A68800000%3BdisplayPrice%3A68800000%3BisGray%3Afalse%3BsinglePromotionId%3A-1%3BsingleToolCode%3AmockedSalePrice%3BvoucherPricePlugin%3A0%3Btimestamp%3A1780167465147&ratingscore=4.46643109540636&request_id=2cc5dbdee968abe78d2a0a88c090c687&review=566&sale=1063&search=1&source=search&spm=a2o4j.searchlist.list.2&stock=1","","blom dicoba hp nya tapi Alhamdulillah toko nya amanah","2025-10-04"
"1780196625-295","https://www.lazada.co.id/products/pdp-i8608700849-s16013570474.html?c=&channelLpJumpArgs=&clickTrackInfo=query%253Ahp%252Bhdc%252Bvivo%253Bnid%253A8608700849%253Bsrc%253ALazadaMainSrp%253Brn%253A2cc5dbdee968abe78d2a0a88c090c687%253Bregion%253Aid%253Bsku%253A8608700849_ID%253Bprice%253A688000%253Bclient%253Adesktop%253Bsupplier_id%253A401099536002%253Bsession_id%253A%253Bbiz_source%253Ah5_internal%253Bslot%253A2%253Butlog_bucket_id%253A470687%253Basc_category_id%253A10100333%253Bitem_id%253A8608700849%253Bsku_id%253A16013570474%253Bshop_id%253A6307054%253BtemplateInfo%253A107879_A3_C_E%2523&freeshipping=1&fs_ab=2&fuse_fs=&lang=id&location=Kab.%20Tangerang&price=6.88E%205&priceCompare=skuId%3A16013570474%3Bsource%3Alazada-search-voucher%3Bsn%3A2cc5dbdee968abe78d2a0a88c090c687%3BoriginPrice%3A68800000%3BdisplayPrice%3A68800000%3BisGray%3Afalse%3BsinglePromotionId%3A-1%3BsingleToolCode%3AmockedSalePrice%3BvoucherPricePlugin%3A0%3Btimestamp%3A1780167465147&ratingscore=4.46643109540636&request_id=2cc5dbdee968abe78d2a0a88c090c687&review=566&sale=1063&search=1&source=search&spm=a2o4j.searchlist.list.2&stock=1","","Durability:","2025-09-18"
"1780196625-296","https://www.lazada.co.id/products/pdp-i8608700849-s16013570474.html?c=&channelLpJumpArgs=&clickTrackInfo=query%253Ahp%252Bhdc%252Bvivo%253Bnid%253A8608700849%253Bsrc%253ALazadaMainSrp%253Brn%253A2cc5dbdee968abe78d2a0a88c090c687%253Bregion%253Aid%253Bsku%253A8608700849_ID%253Bprice%253A688000%253Bclient%253Adesktop%253Bsupplier_id%253A401099536002%253Bsession_id%253A%253Bbiz_source%253Ah5_internal%253Bslot%253A2%253Butlog_bucket_id%253A470687%253Basc_category_id%253A10100333%253Bitem_id%253A8608700849%253Bsku_id%253A16013570474%253Bshop_id%253A6307054%253BtemplateInfo%253A107879_A3_C_E%2523&freeshipping=1&fs_ab=2&fuse_fs=&lang=id&location=Kab.%20Tangerang&price=6.88E%205&priceCompare=skuId%3A16013570474%3Bsource%3Alazada-search-voucher%3Bsn%3A2cc5dbdee968abe78d2a0a88c090c687%3BoriginPrice%3A68800000%3BdisplayPrice%3A68800000%3BisGray%3Afalse%3BsinglePromotionId%3A-1%3BsingleToolCode%3AmockedSalePrice%3BvoucherPricePlugin%3A0%3Btimestamp%3A1780167465147&ratingscore=4.46643109540636&request_id=2cc5dbdee968abe78d2a0a88c090c687&review=566&sale=1063&search=1&source=search&spm=a2o4j.searchlist.list.2&stock=1","","pengiriman cepat respon bagus","2025-11-13"
"1780196625-297","https://www.lazada.co.id/products/pdp-i8608700849-s16013570474.html?c=&channelLpJumpArgs=&clickTrackInfo=query%253Ahp%252Bhdc%252Bvivo%253Bnid%253A8608700849%253Bsrc%253ALazadaMainSrp%253Brn%253A2cc5dbdee968abe78d2a0a88c090c687%253Bregion%253Aid%253Bsku%253A8608700849_ID%253Bprice%253A688000%253Bclient%253Adesktop%253Bsupplier_id%253A401099536002%253Bsession_id%253A%253Bbiz_source%253Ah5_internal%253Bslot%253A2%253Butlog_bucket_id%253A470687%253Basc_category_id%253A10100333%253Bitem_id%253A8608700849%253Bsku_id%253A16013570474%253Bshop_id%253A6307054%253BtemplateInfo%253A107879_A3_C_E%2523&freeshipping=1&fs_ab=2&fuse_fs=&lang=id&location=Kab.%20Tangerang&price=6.88E%205&priceCompare=skuId%3A16013570474%3Bsource%3Alazada-search-voucher%3Bsn%3A2cc5dbdee968abe78d2a0a88c090c687%3BoriginPrice%3A68800000%3BdisplayPrice%3A68800000%3BisGray%3Afalse%3BsinglePromotionId%3A-1%3BsingleToolCode%3AmockedSalePrice%3BvoucherPricePlugin%3A0%3Btimestamp%3A1780167465147&ratingscore=4.46643109540636&request_id=2cc5dbdee968abe78d2a0a88c090c687&review=566&sale=1063&search=1&source=search&spm=a2o4j.searchlist.list.2&stock=1","","Baru, segel, dan bergaransi,
mo beli lagi","2025-10-20"
"1780196625-298","https://www.lazada.co.id/products/pdp-i8608700849-s16013570474.html?c=&channelLpJumpArgs=&clickTrackInfo=query%253Ahp%252Bhdc%252Bvivo%253Bnid%253A8608700849%253Bsrc%253ALazadaMainSrp%253Brn%253A2cc5dbdee968abe78d2a0a88c090c687%253Bregion%253Aid%253Bsku%253A8608700849_ID%253Bprice%253A688000%253Bclient%253Adesktop%253Bsupplier_id%253A401099536002%253Bsession_id%253A%253Bbiz_source%253Ah5_internal%253Bslot%253A2%253Butlog_bucket_id%253A470687%253Basc_category_id%253A10100333%253Bitem_id%253A8608700849%253Bsku_id%253A16013570474%253Bshop_id%253A6307054%253BtemplateInfo%253A107879_A3_C_E%2523&freeshipping=1&fs_ab=2&fuse_fs=&lang=id&location=Kab.%20Tangerang&price=6.88E%205&priceCompare=skuId%3A16013570474%3Bsource%3Alazada-search-voucher%3Bsn%3A2cc5dbdee968abe78d2a0a88c090c687%3BoriginPrice%3A68800000%3BdisplayPrice%3A68800000%3BisGray%3Afalse%3BsinglePromotionId%3A-1%3BsingleToolCode%3AmockedSalePrice%3BvoucherPricePlugin%3A0%3Btimestamp%3A1780167465147&ratingscore=4.46643109540636&request_id=2cc5dbdee968abe78d2a0a88c090c687&review=566&sale=1063&search=1&source=search&spm=a2o4j.searchlist.list.2&stock=1","","cukup memuaskan mksh seller...pertahankan amanahnya","2025-10-01"
"1780196625-299","https://www.lazada.co.id/products/pdp-i8608700849-s16013570474.html?c=&channelLpJumpArgs=&clickTrackInfo=query%253Ahp%252Bhdc%252Bvivo%253Bnid%253A8608700849%253Bsrc%253ALazadaMainSrp%253Brn%253A2cc5dbdee968abe78d2a0a88c090c687%253Bregion%253Aid%253Bsku%253A8608700849_ID%253Bprice%253A688000%253Bclient%253Adesktop%253Bsupplier_id%253A401099536002%253Bsession_id%253A%253Bbiz_source%253Ah5_internal%253Bslot%253A2%253Butlog_bucket_id%253A470687%253Basc_category_id%253A10100333%253Bitem_id%253A8608700849%253Bsku_id%253A16013570474%253Bshop_id%253A6307054%253BtemplateInfo%253A107879_A3_C_E%2523&freeshipping=1&fs_ab=2&fuse_fs=&lang=id&location=Kab.%20Tangerang&price=6.88E%205&priceCompare=skuId%3A16013570474%3Bsource%3Alazada-search-voucher%3Bsn%3A2cc5dbdee968abe78d2a0a88c090c687%3BoriginPrice%3A68800000%3BdisplayPrice%3A68800000%3BisGray%3Afalse%3BsinglePromotionId%3A-1%3BsingleToolCode%3AmockedSalePrice%3BvoucherPricePlugin%3A0%3Btimestamp%3A1780167465147&ratingscore=4.46643109540636&request_id=2cc5dbdee968abe78d2a0a88c090c687&review=566&sale=1063&search=1&source=search&spm=a2o4j.searchlist.list.2&stock=1","","Durability:","2025-09-10"
"1780196625-300","https://www.lazada.co.id/products/pdp-i8608700849-s16013570474.html?c=&channelLpJumpArgs=&clickTrackInfo=query%253Ahp%252Bhdc%252Bvivo%253Bnid%253A8608700849%253Bsrc%253ALazadaMainSrp%253Brn%253A2cc5dbdee968abe78d2a0a88c090c687%253Bregion%253Aid%253Bsku%253A8608700849_ID%253Bprice%253A688000%253Bclient%253Adesktop%253Bsupplier_id%253A401099536002%253Bsession_id%253A%253Bbiz_source%253Ah5_internal%253Bslot%253A2%253Butlog_bucket_id%253A470687%253Basc_category_id%253A10100333%253Bitem_id%253A8608700849%253Bsku_id%253A16013570474%253Bshop_id%253A6307054%253BtemplateInfo%253A107879_A3_C_E%2523&freeshipping=1&fs_ab=2&fuse_fs=&lang=id&location=Kab.%20Tangerang&price=6.88E%205&priceCompare=skuId%3A16013570474%3Bsource%3Alazada-search-voucher%3Bsn%3A2cc5dbdee968abe78d2a0a88c090c687%3BoriginPrice%3A68800000%3BdisplayPrice%3A68800000%3BisGray%3Afalse%3BsinglePromotionId%3A-1%3BsingleToolCode%3AmockedSalePrice%3BvoucherPricePlugin%3A0%3Btimestamp%3A1780167465147&ratingscore=4.46643109540636&request_id=2cc5dbdee968abe78d2a0a88c090c687&review=566&sale=1063&search=1&source=search&spm=a2o4j.searchlist.list.2&stock=1","","barang bagus mudah2an awet tks lazada dan kurirjya","2025-10-02"
"1780196625-301","https://www.lazada.co.id/products/pdp-i8608700849-s16013570474.html?c=&channelLpJumpArgs=&clickTrackInfo=query%253Ahp%252Bhdc%252Bvivo%253Bnid%253A8608700849%253Bsrc%253ALazadaMainSrp%253Brn%253A2cc5dbdee968abe78d2a0a88c090c687%253Bregion%253Aid%253Bsku%253A8608700849_ID%253Bprice%253A688000%253Bclient%253Adesktop%253Bsupplier_id%253A401099536002%253Bsession_id%253A%253Bbiz_source%253Ah5_internal%253Bslot%253A2%253Butlog_bucket_id%253A470687%253Basc_category_id%253A10100333%253Bitem_id%253A8608700849%253Bsku_id%253A16013570474%253Bshop_id%253A6307054%253BtemplateInfo%253A107879_A3_C_E%2523&freeshipping=1&fs_ab=2&fuse_fs=&lang=id&location=Kab.%20Tangerang&price=6.88E%205&priceCompare=skuId%3A16013570474%3Bsource%3Alazada-search-voucher%3Bsn%3A2cc5dbdee968abe78d2a0a88c090c687%3BoriginPrice%3A68800000%3BdisplayPrice%3A68800000%3BisGray%3Afalse%3BsinglePromotionId%3A-1%3BsingleToolCode%3AmockedSalePrice%3BvoucherPricePlugin%3A0%3Btimestamp%3A1780167465147&ratingscore=4.46643109540636&request_id=2cc5dbdee968abe78d2a0a88c090c687&review=566&sale=1063&search=1&source=search&spm=a2o4j.searchlist.list.2&stock=1","","hp nya sesuai","2025-12-12"
"1780196625-302","https://www.lazada.co.id/products/pdp-i8608700849-s16013570474.html?c=&channelLpJumpArgs=&clickTrackInfo=query%253Ahp%252Bhdc%252Bvivo%253Bnid%253A8608700849%253Bsrc%253ALazadaMainSrp%253Brn%253A2cc5dbdee968abe78d2a0a88c090c687%253Bregion%253Aid%253Bsku%253A8608700849_ID%253Bprice%253A688000%253Bclient%253Adesktop%253Bsupplier_id%253A401099536002%253Bsession_id%253A%253Bbiz_source%253Ah5_internal%253Bslot%253A2%253Butlog_bucket_id%253A470687%253Basc_category_id%253A10100333%253Bitem_id%253A8608700849%253Bsku_id%253A16013570474%253Bshop_id%253A6307054%253BtemplateInfo%253A107879_A3_C_E%2523&freeshipping=1&fs_ab=2&fuse_fs=&lang=id&location=Kab.%20Tangerang&price=6.88E%205&priceCompare=skuId%3A16013570474%3Bsource%3Alazada-search-voucher%3Bsn%3A2cc5dbdee968abe78d2a0a88c090c687%3BoriginPrice%3A68800000%3BdisplayPrice%3A68800000%3BisGray%3Afalse%3BsinglePromotionId%3A-1%3BsingleToolCode%3AmockedSalePrice%3BvoucherPricePlugin%3A0%3Btimestamp%3A1780167465147&ratingscore=4.46643109540636&request_id=2cc5dbdee968abe78d2a0a88c090c687&review=566&sale=1063&search=1&source=search&spm=a2o4j.searchlist.list.2&stock=1","","Desain bodi aluminium, Kapasitas baterai 3360mAh,","2025-09-22"
"1780196625-303","https://www.lazada.co.id/products/pdp-i8608700849-s16013570474.html?c=&channelLpJumpArgs=&clickTrackInfo=query%253Ahp%252Bhdc%252Bvivo%253Bnid%253A8608700849%253Bsrc%253ALazadaMainSrp%253Brn%253A2cc5dbdee968abe78d2a0a88c090c687%253Bregion%253Aid%253Bsku%253A8608700849_ID%253Bprice%253A688000%253Bclient%253Adesktop%253Bsupplier_id%253A401099536002%253Bsession_id%253A%253Bbiz_source%253Ah5_internal%253Bslot%253A2%253Butlog_bucket_id%253A470687%253Basc_category_id%253A10100333%253Bitem_id%253A8608700849%253Bsku_id%253A16013570474%253Bshop_id%253A6307054%253BtemplateInfo%253A107879_A3_C_E%2523&freeshipping=1&fs_ab=2&fuse_fs=&lang=id&location=Kab.%20Tangerang&price=6.88E%205&priceCompare=skuId%3A16013570474%3Bsource%3Alazada-search-voucher%3Bsn%3A2cc5dbdee968abe78d2a0a88c090c687%3BoriginPrice%3A68800000%3BdisplayPrice%3A68800000%3BisGray%3Afalse%3BsinglePromotionId%3A-1%3BsingleToolCode%3AmockedSalePrice%3BvoucherPricePlugin%3A0%3Btimestamp%3A1780167465147&ratingscore=4.46643109540636&request_id=2cc5dbdee968abe78d2a0a88c090c687&review=566&sale=1063&search=1&source=search&spm=a2o4j.searchlist.list.2&stock=1","","Alhamdulillah datangnya lebih cepat dan amanah tokonya","2025-09-24"
"1780196625-304","https://www.lazada.co.id/products/pdp-i8608700849-s16013570474.html?c=&channelLpJumpArgs=&clickTrackInfo=query%253Ahp%252Bhdc%252Bvivo%253Bnid%253A8608700849%253Bsrc%253ALazadaMainSrp%253Brn%253A2cc5dbdee968abe78d2a0a88c090c687%253Bregion%253Aid%253Bsku%253A8608700849_ID%253Bprice%253A688000%253Bclient%253Adesktop%253Bsupplier_id%253A401099536002%253Bsession_id%253A%253Bbiz_source%253Ah5_internal%253Bslot%253A2%253Butlog_bucket_id%253A470687%253Basc_category_id%253A10100333%253Bitem_id%253A8608700849%253Bsku_id%253A16013570474%253Bshop_id%253A6307054%253BtemplateInfo%253A107879_A3_C_E%2523&freeshipping=1&fs_ab=2&fuse_fs=&lang=id&location=Kab.%20Tangerang&price=6.88E%205&priceCompare=skuId%3A16013570474%3Bsource%3Alazada-search-voucher%3Bsn%3A2cc5dbdee968abe78d2a0a88c090c687%3BoriginPrice%3A68800000%3BdisplayPrice%3A68800000%3BisGray%3Afalse%3BsinglePromotionId%3A-1%3BsingleToolCode%3AmockedSalePrice%3BvoucherPricePlugin%3A0%3Btimestamp%3A1780167465147&ratingscore=4.46643109540636&request_id=2cc5dbdee968abe78d2a0a88c090c687&review=566&sale=1063&search=1&source=search&spm=a2o4j.searchlist.list.2&stock=1","","semoga awet","2025-12-08"
"1780196625-305","https://www.lazada.co.id/products/pdp-i8608700849-s16013570474.html?c=&channelLpJumpArgs=&clickTrackInfo=query%253Ahp%252Bhdc%252Bvivo%253Bnid%253A8608700849%253Bsrc%253ALazadaMainSrp%253Brn%253A2cc5dbdee968abe78d2a0a88c090c687%253Bregion%253Aid%253Bsku%253A8608700849_ID%253Bprice%253A688000%253Bclient%253Adesktop%253Bsupplier_id%253A401099536002%253Bsession_id%253A%253Bbiz_source%253Ah5_internal%253Bslot%253A2%253Butlog_bucket_id%253A470687%253Basc_category_id%253A10100333%253Bitem_id%253A8608700849%253Bsku_id%253A16013570474%253Bshop_id%253A6307054%253BtemplateInfo%253A107879_A3_C_E%2523&freeshipping=1&fs_ab=2&fuse_fs=&lang=id&location=Kab.%20Tangerang&price=6.88E%205&priceCompare=skuId%3A16013570474%3Bsource%3Alazada-search-voucher%3Bsn%3A2cc5dbdee968abe78d2a0a88c090c687%3BoriginPrice%3A68800000%3BdisplayPrice%3A68800000%3BisGray%3Afalse%3BsinglePromotionId%3A-1%3BsingleToolCode%3AmockedSalePrice%3BvoucherPricePlugin%3A0%3Btimestamp%3A1780167465147&ratingscore=4.46643109540636&request_id=2cc5dbdee968abe78d2a0a88c090c687&review=566&sale=1063&search=1&source=search&spm=a2o4j.searchlist.list.2&stock=1","","brang ok","2025-12-12"
"1780196625-306","https://www.lazada.co.id/products/pdp-i8608700849-s16013570474.html?c=&channelLpJumpArgs=&clickTrackInfo=query%253Ahp%252Bhdc%252Bvivo%253Bnid%253A8608700849%253Bsrc%253ALazadaMainSrp%253Brn%253A2cc5dbdee968abe78d2a0a88c090c687%253Bregion%253Aid%253Bsku%253A8608700849_ID%253Bprice%253A688000%253Bclient%253Adesktop%253Bsupplier_id%253A401099536002%253Bsession_id%253A%253Bbiz_source%253Ah5_internal%253Bslot%253A2%253Butlog_bucket_id%253A470687%253Basc_category_id%253A10100333%253Bitem_id%253A8608700849%253Bsku_id%253A16013570474%253Bshop_id%253A6307054%253BtemplateInfo%253A107879_A3_C_E%2523&freeshipping=1&fs_ab=2&fuse_fs=&lang=id&location=Kab.%20Tangerang&price=6.88E%205&priceCompare=skuId%3A16013570474%3Bsource%3Alazada-search-voucher%3Bsn%3A2cc5dbdee968abe78d2a0a88c090c687%3BoriginPrice%3A68800000%3BdisplayPrice%3A68800000%3BisGray%3Afalse%3BsinglePromotionId%3A-1%3BsingleToolCode%3AmockedSalePrice%3BvoucherPricePlugin%3A0%3Btimestamp%3A1780167465147&ratingscore=4.46643109540636&request_id=2cc5dbdee968abe78d2a0a88c090c687&review=566&sale=1063&search=1&source=search&spm=a2o4j.searchlist.list.2&stock=1","","goodjob","2025-12-10"
"1780196625-307","https://www.lazada.co.id/products/pdp-i8608700849-s16013570474.html?c=&channelLpJumpArgs=&clickTrackInfo=query%253Ahp%252Bhdc%252Bvivo%253Bnid%253A8608700849%253Bsrc%253ALazadaMainSrp%253Brn%253A2cc5dbdee968abe78d2a0a88c090c687%253Bregion%253Aid%253Bsku%253A8608700849_ID%253Bprice%253A688000%253Bclient%253Adesktop%253Bsupplier_id%253A401099536002%253Bsession_id%253A%253Bbiz_source%253Ah5_internal%253Bslot%253A2%253Butlog_bucket_id%253A470687%253Basc_category_id%253A10100333%253Bitem_id%253A8608700849%253Bsku_id%253A16013570474%253Bshop_id%253A6307054%253BtemplateInfo%253A107879_A3_C_E%2523&freeshipping=1&fs_ab=2&fuse_fs=&lang=id&location=Kab.%20Tangerang&price=6.88E%205&priceCompare=skuId%3A16013570474%3Bsource%3Alazada-search-voucher%3Bsn%3A2cc5dbdee968abe78d2a0a88c090c687%3BoriginPrice%3A68800000%3BdisplayPrice%3A68800000%3BisGray%3Afalse%3BsinglePromotionId%3A-1%3BsingleToolCode%3AmockedSalePrice%3BvoucherPricePlugin%3A0%3Btimestamp%3A1780167465147&ratingscore=4.46643109540636&request_id=2cc5dbdee968abe78d2a0a88c090c687&review=566&sale=1063&search=1&source=search&spm=a2o4j.searchlist.list.2&stock=1","","sangat baik","2025-12-12"
"1780196625-308","https://www.lazada.co.id/products/pdp-i8608700849-s16013570474.html?c=&channelLpJumpArgs=&clickTrackInfo=query%253Ahp%252Bhdc%252Bvivo%253Bnid%253A8608700849%253Bsrc%253ALazadaMainSrp%253Brn%253A2cc5dbdee968abe78d2a0a88c090c687%253Bregion%253Aid%253Bsku%253A8608700849_ID%253Bprice%253A688000%253Bclient%253Adesktop%253Bsupplier_id%253A401099536002%253Bsession_id%253A%253Bbiz_source%253Ah5_internal%253Bslot%253A2%253Butlog_bucket_id%253A470687%253Basc_category_id%253A10100333%253Bitem_id%253A8608700849%253Bsku_id%253A16013570474%253Bshop_id%253A6307054%253BtemplateInfo%253A107879_A3_C_E%2523&freeshipping=1&fs_ab=2&fuse_fs=&lang=id&location=Kab.%20Tangerang&price=6.88E%205&priceCompare=skuId%3A16013570474%3Bsource%3Alazada-search-voucher%3Bsn%3A2cc5dbdee968abe78d2a0a88c090c687%3BoriginPrice%3A68800000%3BdisplayPrice%3A68800000%3BisGray%3Afalse%3BsinglePromotionId%3A-1%3BsingleToolCode%3AmockedSalePrice%3BvoucherPricePlugin%3A0%3Btimestamp%3A1780167465147&ratingscore=4.46643109540636&request_id=2cc5dbdee968abe78d2a0a88c090c687&review=566&sale=1063&search=1&source=search&spm=a2o4j.searchlist.list.2&stock=1","","saya pesan warna hitam yg d kirim gold","2025-10-09"
"1780196625-309","https://www.lazada.co.id/products/pdp-i8608700849-s16013570474.html?c=&channelLpJumpArgs=&clickTrackInfo=query%253Ahp%252Bhdc%252Bvivo%253Bnid%253A8608700849%253Bsrc%253ALazadaMainSrp%253Brn%253A2cc5dbdee968abe78d2a0a88c090c687%253Bregion%253Aid%253Bsku%253A8608700849_ID%253Bprice%253A688000%253Bclient%253Adesktop%253Bsupplier_id%253A401099536002%253Bsession_id%253A%253Bbiz_source%253Ah5_internal%253Bslot%253A2%253Butlog_bucket_id%253A470687%253Basc_category_id%253A10100333%253Bitem_id%253A8608700849%253Bsku_id%253A16013570474%253Bshop_id%253A6307054%253BtemplateInfo%253A107879_A3_C_E%2523&freeshipping=1&fs_ab=2&fuse_fs=&lang=id&location=Kab.%20Tangerang&price=6.88E%205&priceCompare=skuId%3A16013570474%3Bsource%3Alazada-search-voucher%3Bsn%3A2cc5dbdee968abe78d2a0a88c090c687%3BoriginPrice%3A68800000%3BdisplayPrice%3A68800000%3BisGray%3Afalse%3BsinglePromotionId%3A-1%3BsingleToolCode%3AmockedSalePrice%3BvoucherPricePlugin%3A0%3Btimestamp%3A1780167465147&ratingscore=4.46643109540636&request_id=2cc5dbdee968abe78d2a0a88c090c687&review=566&sale=1063&search=1&source=search&spm=a2o4j.searchlist.list.2&stock=1","","Hp tidak support you tube,, sering error, susah di charger, kadang bisa kadang tidak bisa..","2026-01-15"
"1780196625-310","https://www.lazada.co.id/products/pdp-i8608700849-s16013570474.html?c=&channelLpJumpArgs=&clickTrackInfo=query%253Ahp%252Bhdc%252Bvivo%253Bnid%253A8608700849%253Bsrc%253ALazadaMainSrp%253Brn%253A2cc5dbdee968abe78d2a0a88c090c687%253Bregion%253Aid%253Bsku%253A8608700849_ID%253Bprice%253A688000%253Bclient%253Adesktop%253Bsupplier_id%253A401099536002%253Bsession_id%253A%253Bbiz_source%253Ah5_internal%253Bslot%253A2%253Butlog_bucket_id%253A470687%253Basc_category_id%253A10100333%253Bitem_id%253A8608700849%253Bsku_id%253A16013570474%253Bshop_id%253A6307054%253BtemplateInfo%253A107879_A3_C_E%2523&freeshipping=1&fs_ab=2&fuse_fs=&lang=id&location=Kab.%20Tangerang&price=6.88E%205&priceCompare=skuId%3A16013570474%3Bsource%3Alazada-search-voucher%3Bsn%3A2cc5dbdee968abe78d2a0a88c090c687%3BoriginPrice%3A68800000%3BdisplayPrice%3A68800000%3BisGray%3Afalse%3BsinglePromotionId%3A-1%3BsingleToolCode%3AmockedSalePrice%3BvoucherPricePlugin%3A0%3Btimestamp%3A1780167465147&ratingscore=4.46643109540636&request_id=2cc5dbdee968abe78d2a0a88c090c687&review=566&sale=1063&search=1&source=search&spm=a2o4j.searchlist.list.2&stock=1","","maaf baru  balas.barng udh  sampai  dengan aman. HP bagus. setelah  diaktifkan dan saya uji dengan menambahkan  1apk saja. mlbb langsung panas dan HP langsung  gk  sabil. Chargernya sangat  jelek setelah  melakukan pengisian  baterai  sampai 10jam. hpnya cocok  untuk  you tube dan whatsapp  saja","2025-12-20"
"1780196625-311","https://www.lazada.co.id/products/pdp-i8608700849-s16013570474.html?c=&channelLpJumpArgs=&clickTrackInfo=query%253Ahp%252Bhdc%252Bvivo%253Bnid%253A8608700849%253Bsrc%253ALazadaMainSrp%253Brn%253A2cc5dbdee968abe78d2a0a88c090c687%253Bregion%253Aid%253Bsku%253A8608700849_ID%253Bprice%253A688000%253Bclient%253Adesktop%253Bsupplier_id%253A401099536002%253Bsession_id%253A%253Bbiz_source%253Ah5_internal%253Bslot%253A2%253Butlog_bucket_id%253A470687%253Basc_category_id%253A10100333%253Bitem_id%253A8608700849%253Bsku_id%253A16013570474%253Bshop_id%253A6307054%253BtemplateInfo%253A107879_A3_C_E%2523&freeshipping=1&fs_ab=2&fuse_fs=&lang=id&location=Kab.%20Tangerang&price=6.88E%205&priceCompare=skuId%3A16013570474%3Bsource%3Alazada-search-voucher%3Bsn%3A2cc5dbdee968abe78d2a0a88c090c687%3BoriginPrice%3A68800000%3BdisplayPrice%3A68800000%3BisGray%3Afalse%3BsinglePromotionId%3A-1%3BsingleToolCode%3AmockedSalePrice%3BvoucherPricePlugin%3A0%3Btimestamp%3A1780167465147&ratingscore=4.46643109540636&request_id=2cc5dbdee968abe78d2a0a88c090c687&review=566&sale=1063&search=1&source=search&spm=a2o4j.searchlist.list.2&stock=1","","tdk 
sesuai dengan gambar ram 6 ternyata cumak ram 4
lasada sudah lain dengan dulu. Toko nya banyak yang tdk bonapit","2025-12-05"
"1780196625-312","https://www.lazada.co.id/products/pdp-i8608700849-s16013570474.html?c=&channelLpJumpArgs=&clickTrackInfo=query%253Ahp%252Bhdc%252Bvivo%253Bnid%253A8608700849%253Bsrc%253ALazadaMainSrp%253Brn%253A2cc5dbdee968abe78d2a0a88c090c687%253Bregion%253Aid%253Bsku%253A8608700849_ID%253Bprice%253A688000%253Bclient%253Adesktop%253Bsupplier_id%253A401099536002%253Bsession_id%253A%253Bbiz_source%253Ah5_internal%253Bslot%253A2%253Butlog_bucket_id%253A470687%253Basc_category_id%253A10100333%253Bitem_id%253A8608700849%253Bsku_id%253A16013570474%253Bshop_id%253A6307054%253BtemplateInfo%253A107879_A3_C_E%2523&freeshipping=1&fs_ab=2&fuse_fs=&lang=id&location=Kab.%20Tangerang&price=6.88E%205&priceCompare=skuId%3A16013570474%3Bsource%3Alazada-search-voucher%3Bsn%3A2cc5dbdee968abe78d2a0a88c090c687%3BoriginPrice%3A68800000%3BdisplayPrice%3A68800000%3BisGray%3Afalse%3BsinglePromotionId%3A-1%3BsingleToolCode%3AmockedSalePrice%3BvoucherPricePlugin%3A0%3Btimestamp%3A1780167465147&ratingscore=4.46643109540636&request_id=2cc5dbdee968abe78d2a0a88c090c687&review=566&sale=1063&search=1&source=search&spm=a2o4j.searchlist.list.2&stock=1","","bagus","2025-12-03"
"1780196625-313","https://www.lazada.co.id/products/pdp-i8608700849-s16013570474.html?c=&channelLpJumpArgs=&clickTrackInfo=query%253Ahp%252Bhdc%252Bvivo%253Bnid%253A8608700849%253Bsrc%253ALazadaMainSrp%253Brn%253A2cc5dbdee968abe78d2a0a88c090c687%253Bregion%253Aid%253Bsku%253A8608700849_ID%253Bprice%253A688000%253Bclient%253Adesktop%253Bsupplier_id%253A401099536002%253Bsession_id%253A%253Bbiz_source%253Ah5_internal%253Bslot%253A2%253Butlog_bucket_id%253A470687%253Basc_category_id%253A10100333%253Bitem_id%253A8608700849%253Bsku_id%253A16013570474%253Bshop_id%253A6307054%253BtemplateInfo%253A107879_A3_C_E%2523&freeshipping=1&fs_ab=2&fuse_fs=&lang=id&location=Kab.%20Tangerang&price=6.88E%205&priceCompare=skuId%3A16013570474%3Bsource%3Alazada-search-voucher%3Bsn%3A2cc5dbdee968abe78d2a0a88c090c687%3BoriginPrice%3A68800000%3BdisplayPrice%3A68800000%3BisGray%3Afalse%3BsinglePromotionId%3A-1%3BsingleToolCode%3AmockedSalePrice%3BvoucherPricePlugin%3A0%3Btimestamp%3A1780167465147&ratingscore=4.46643109540636&request_id=2cc5dbdee968abe78d2a0a88c090c687&review=566&sale=1063&search=1&source=search&spm=a2o4j.searchlist.list.2&stock=1","","ok hp beneran yg datang 
smoga awet","2025-10-18"
"1780196625-314","https://www.lazada.co.id/products/pdp-i8608700849-s16013570474.html?c=&channelLpJumpArgs=&clickTrackInfo=query%253Ahp%252Bhdc%252Bvivo%253Bnid%253A8608700849%253Bsrc%253ALazadaMainSrp%253Brn%253A2cc5dbdee968abe78d2a0a88c090c687%253Bregion%253Aid%253Bsku%253A8608700849_ID%253Bprice%253A688000%253Bclient%253Adesktop%253Bsupplier_id%253A401099536002%253Bsession_id%253A%253Bbiz_source%253Ah5_internal%253Bslot%253A2%253Butlog_bucket_id%253A470687%253Basc_category_id%253A10100333%253Bitem_id%253A8608700849%253Bsku_id%253A16013570474%253Bshop_id%253A6307054%253BtemplateInfo%253A107879_A3_C_E%2523&freeshipping=1&fs_ab=2&fuse_fs=&lang=id&location=Kab.%20Tangerang&price=6.88E%205&priceCompare=skuId%3A16013570474%3Bsource%3Alazada-search-voucher%3Bsn%3A2cc5dbdee968abe78d2a0a88c090c687%3BoriginPrice%3A68800000%3BdisplayPrice%3A68800000%3BisGray%3Afalse%3BsinglePromotionId%3A-1%3BsingleToolCode%3AmockedSalePrice%3BvoucherPricePlugin%3A0%3Btimestamp%3A1780167465147&ratingscore=4.46643109540636&request_id=2cc5dbdee968abe78d2a0a88c090c687&review=566&sale=1063&search=1&source=search&spm=a2o4j.searchlist.list.2&stock=1","","hpnya tidak bisa buka YouTube","2025-10-23"
"1780196625-315","https://www.lazada.co.id/products/pdp-i8608700849-s16013570474.html?c=&channelLpJumpArgs=&clickTrackInfo=query%253Ahp%252Bhdc%252Bvivo%253Bnid%253A8608700849%253Bsrc%253ALazadaMainSrp%253Brn%253A2cc5dbdee968abe78d2a0a88c090c687%253Bregion%253Aid%253Bsku%253A8608700849_ID%253Bprice%253A688000%253Bclient%253Adesktop%253Bsupplier_id%253A401099536002%253Bsession_id%253A%253Bbiz_source%253Ah5_internal%253Bslot%253A2%253Butlog_bucket_id%253A470687%253Basc_category_id%253A10100333%253Bitem_id%253A8608700849%253Bsku_id%253A16013570474%253Bshop_id%253A6307054%253BtemplateInfo%253A107879_A3_C_E%2523&freeshipping=1&fs_ab=2&fuse_fs=&lang=id&location=Kab.%20Tangerang&price=6.88E%205&priceCompare=skuId%3A16013570474%3Bsource%3Alazada-search-voucher%3Bsn%3A2cc5dbdee968abe78d2a0a88c090c687%3BoriginPrice%3A68800000%3BdisplayPrice%3A68800000%3BisGray%3Afalse%3BsinglePromotionId%3A-1%3BsingleToolCode%3AmockedSalePrice%3BvoucherPricePlugin%3A0%3Btimestamp%3A1780167465147&ratingscore=4.46643109540636&request_id=2cc5dbdee968abe78d2a0a88c090c687&review=566&sale=1063&search=1&source=search&spm=a2o4j.searchlist.list.2&stock=1","","Baru, segel, dan bergaransi,","2025-10-18"
"1780196625-316","https://www.lazada.co.id/products/pdp-i8608700849-s16013570474.html?c=&channelLpJumpArgs=&clickTrackInfo=query%253Ahp%252Bhdc%252Bvivo%253Bnid%253A8608700849%253Bsrc%253ALazadaMainSrp%253Brn%253A2cc5dbdee968abe78d2a0a88c090c687%253Bregion%253Aid%253Bsku%253A8608700849_ID%253Bprice%253A688000%253Bclient%253Adesktop%253Bsupplier_id%253A401099536002%253Bsession_id%253A%253Bbiz_source%253Ah5_internal%253Bslot%253A2%253Butlog_bucket_id%253A470687%253Basc_category_id%253A10100333%253Bitem_id%253A8608700849%253Bsku_id%253A16013570474%253Bshop_id%253A6307054%253BtemplateInfo%253A107879_A3_C_E%2523&freeshipping=1&fs_ab=2&fuse_fs=&lang=id&location=Kab.%20Tangerang&price=6.88E%205&priceCompare=skuId%3A16013570474%3Bsource%3Alazada-search-voucher%3Bsn%3A2cc5dbdee968abe78d2a0a88c090c687%3BoriginPrice%3A68800000%3BdisplayPrice%3A68800000%3BisGray%3Afalse%3BsinglePromotionId%3A-1%3BsingleToolCode%3AmockedSalePrice%3BvoucherPricePlugin%3A0%3Btimestamp%3A1780167465147&ratingscore=4.46643109540636&request_id=2cc5dbdee968abe78d2a0a88c090c687&review=566&sale=1063&search=1&source=search&spm=a2o4j.searchlist.list.2&stock=1","","tidak sesuai pesanan tp okelah,y55 nya","2025-10-16"
"1780196625-317","https://www.lazada.co.id/products/pdp-i8608700849-s16013570474.html?c=&channelLpJumpArgs=&clickTrackInfo=query%253Ahp%252Bhdc%252Bvivo%253Bnid%253A8608700849%253Bsrc%253ALazadaMainSrp%253Brn%253A2cc5dbdee968abe78d2a0a88c090c687%253Bregion%253Aid%253Bsku%253A8608700849_ID%253Bprice%253A688000%253Bclient%253Adesktop%253Bsupplier_id%253A401099536002%253Bsession_id%253A%253Bbiz_source%253Ah5_internal%253Bslot%253A2%253Butlog_bucket_id%253A470687%253Basc_category_id%253A10100333%253Bitem_id%253A8608700849%253Bsku_id%253A16013570474%253Bshop_id%253A6307054%253BtemplateInfo%253A107879_A3_C_E%2523&freeshipping=1&fs_ab=2&fuse_fs=&lang=id&location=Kab.%20Tangerang&price=6.88E%205&priceCompare=skuId%3A16013570474%3Bsource%3Alazada-search-voucher%3Bsn%3A2cc5dbdee968abe78d2a0a88c090c687%3BoriginPrice%3A68800000%3BdisplayPrice%3A68800000%3BisGray%3Afalse%3BsinglePromotionId%3A-1%3BsingleToolCode%3AmockedSalePrice%3BvoucherPricePlugin%3A0%3Btimestamp%3A1780167465147&ratingscore=4.46643109540636&request_id=2cc5dbdee968abe78d2a0a88c090c687&review=566&sale=1063&search=1&source=search&spm=a2o4j.searchlist.list.2&stock=1","","produk bgus cm jaringannya kok agak lemot ya?","2025-09-21"
"1780196625-318","https://www.lazada.co.id/products/pdp-i8608700849-s16013570474.html?c=&channelLpJumpArgs=&clickTrackInfo=query%253Ahp%252Bhdc%252Bvivo%253Bnid%253A8608700849%253Bsrc%253ALazadaMainSrp%253Brn%253A2cc5dbdee968abe78d2a0a88c090c687%253Bregion%253Aid%253Bsku%253A8608700849_ID%253Bprice%253A688000%253Bclient%253Adesktop%253Bsupplier_id%253A401099536002%253Bsession_id%253A%253Bbiz_source%253Ah5_internal%253Bslot%253A2%253Butlog_bucket_id%253A470687%253Basc_category_id%253A10100333%253Bitem_id%253A8608700849%253Bsku_id%253A16013570474%253Bshop_id%253A6307054%253BtemplateInfo%253A107879_A3_C_E%2523&freeshipping=1&fs_ab=2&fuse_fs=&lang=id&location=Kab.%20Tangerang&price=6.88E%205&priceCompare=skuId%3A16013570474%3Bsource%3Alazada-search-voucher%3Bsn%3A2cc5dbdee968abe78d2a0a88c090c687%3BoriginPrice%3A68800000%3BdisplayPrice%3A68800000%3BisGray%3Afalse%3BsinglePromotionId%3A-1%3BsingleToolCode%3AmockedSalePrice%3BvoucherPricePlugin%3A0%3Btimestamp%3A1780167465147&ratingscore=4.46643109540636&request_id=2cc5dbdee968abe78d2a0a88c090c687&review=566&sale=1063&search=1&source=search&spm=a2o4j.searchlist.list.2&stock=1","","barang bagus sesuai yg di foto","2025-10-11"
"1780196625-319","https://www.lazada.co.id/products/pdp-i8608700849-s16013570474.html?c=&channelLpJumpArgs=&clickTrackInfo=query%253Ahp%252Bhdc%252Bvivo%253Bnid%253A8608700849%253Bsrc%253ALazadaMainSrp%253Brn%253A2cc5dbdee968abe78d2a0a88c090c687%253Bregion%253Aid%253Bsku%253A8608700849_ID%253Bprice%253A688000%253Bclient%253Adesktop%253Bsupplier_id%253A401099536002%253Bsession_id%253A%253Bbiz_source%253Ah5_internal%253Bslot%253A2%253Butlog_bucket_id%253A470687%253Basc_category_id%253A10100333%253Bitem_id%253A8608700849%253Bsku_id%253A16013570474%253Bshop_id%253A6307054%253BtemplateInfo%253A107879_A3_C_E%2523&freeshipping=1&fs_ab=2&fuse_fs=&lang=id&location=Kab.%20Tangerang&price=6.88E%205&priceCompare=skuId%3A16013570474%3Bsource%3Alazada-search-voucher%3Bsn%3A2cc5dbdee968abe78d2a0a88c090c687%3BoriginPrice%3A68800000%3BdisplayPrice%3A68800000%3BisGray%3Afalse%3BsinglePromotionId%3A-1%3BsingleToolCode%3AmockedSalePrice%3BvoucherPricePlugin%3A0%3Btimestamp%3A1780167465147&ratingscore=4.46643109540636&request_id=2cc5dbdee968abe78d2a0a88c090c687&review=566&sale=1063&search=1&source=search&spm=a2o4j.searchlist.list.2&stock=1","","hp nya bagus nggak ad kendala","2025-10-12"
"1780196625-320","https://www.lazada.co.id/products/pdp-i8608700849-s16013570474.html?c=&channelLpJumpArgs=&clickTrackInfo=query%253Ahp%252Bhdc%252Bvivo%253Bnid%253A8608700849%253Bsrc%253ALazadaMainSrp%253Brn%253A2cc5dbdee968abe78d2a0a88c090c687%253Bregion%253Aid%253Bsku%253A8608700849_ID%253Bprice%253A688000%253Bclient%253Adesktop%253Bsupplier_id%253A401099536002%253Bsession_id%253A%253Bbiz_source%253Ah5_internal%253Bslot%253A2%253Butlog_bucket_id%253A470687%253Basc_category_id%253A10100333%253Bitem_id%253A8608700849%253Bsku_id%253A16013570474%253Bshop_id%253A6307054%253BtemplateInfo%253A107879_A3_C_E%2523&freeshipping=1&fs_ab=2&fuse_fs=&lang=id&location=Kab.%20Tangerang&price=6.88E%205&priceCompare=skuId%3A16013570474%3Bsource%3Alazada-search-voucher%3Bsn%3A2cc5dbdee968abe78d2a0a88c090c687%3BoriginPrice%3A68800000%3BdisplayPrice%3A68800000%3BisGray%3Afalse%3BsinglePromotionId%3A-1%3BsingleToolCode%3AmockedSalePrice%3BvoucherPricePlugin%3A0%3Btimestamp%3A1780167465147&ratingscore=4.46643109540636&request_id=2cc5dbdee968abe78d2a0a88c090c687&review=566&sale=1063&search=1&source=search&spm=a2o4j.searchlist.list.2&stock=1","","bagus normal semua ...sesuai dikripsi
terimakasih seler n lazada","2025-08-09"
"1780196625-321","https://www.lazada.co.id/products/pdp-i8608700849-s16013570474.html?c=&channelLpJumpArgs=&clickTrackInfo=query%253Ahp%252Bhdc%252Bvivo%253Bnid%253A8608700849%253Bsrc%253ALazadaMainSrp%253Brn%253A2cc5dbdee968abe78d2a0a88c090c687%253Bregion%253Aid%253Bsku%253A8608700849_ID%253Bprice%253A688000%253Bclient%253Adesktop%253Bsupplier_id%253A401099536002%253Bsession_id%253A%253Bbiz_source%253Ah5_internal%253Bslot%253A2%253Butlog_bucket_id%253A470687%253Basc_category_id%253A10100333%253Bitem_id%253A8608700849%253Bsku_id%253A16013570474%253Bshop_id%253A6307054%253BtemplateInfo%253A107879_A3_C_E%2523&freeshipping=1&fs_ab=2&fuse_fs=&lang=id&location=Kab.%20Tangerang&price=6.88E%205&priceCompare=skuId%3A16013570474%3Bsource%3Alazada-search-voucher%3Bsn%3A2cc5dbdee968abe78d2a0a88c090c687%3BoriginPrice%3A68800000%3BdisplayPrice%3A68800000%3BisGray%3Afalse%3BsinglePromotionId%3A-1%3BsingleToolCode%3AmockedSalePrice%3BvoucherPricePlugin%3A0%3Btimestamp%3A1780167465147&ratingscore=4.46643109540636&request_id=2cc5dbdee968abe78d2a0a88c090c687&review=566&sale=1063&search=1&source=search&spm=a2o4j.searchlist.list.2&stock=1","","bagus
sesuai
penjual amanah","2025-10-16"
"1780196625-322","https://www.lazada.co.id/products/pdp-i8608700849-s16013570474.html?c=&channelLpJumpArgs=&clickTrackInfo=query%253Ahp%252Bhdc%252Bvivo%253Bnid%253A8608700849%253Bsrc%253ALazadaMainSrp%253Brn%253A2cc5dbdee968abe78d2a0a88c090c687%253Bregion%253Aid%253Bsku%253A8608700849_ID%253Bprice%253A688000%253Bclient%253Adesktop%253Bsupplier_id%253A401099536002%253Bsession_id%253A%253Bbiz_source%253Ah5_internal%253Bslot%253A2%253Butlog_bucket_id%253A470687%253Basc_category_id%253A10100333%253Bitem_id%253A8608700849%253Bsku_id%253A16013570474%253Bshop_id%253A6307054%253BtemplateInfo%253A107879_A3_C_E%2523&freeshipping=1&fs_ab=2&fuse_fs=&lang=id&location=Kab.%20Tangerang&price=6.88E%205&priceCompare=skuId%3A16013570474%3Bsource%3Alazada-search-voucher%3Bsn%3A2cc5dbdee968abe78d2a0a88c090c687%3BoriginPrice%3A68800000%3BdisplayPrice%3A68800000%3BisGray%3Afalse%3BsinglePromotionId%3A-1%3BsingleToolCode%3AmockedSalePrice%3BvoucherPricePlugin%3A0%3Btimestamp%3A1780167465147&ratingscore=4.46643109540636&request_id=2cc5dbdee968abe78d2a0a88c090c687&review=566&sale=1063&search=1&source=search&spm=a2o4j.searchlist.list.2&stock=1","","bagus","2025-11-19"
"1780196625-323","https://www.lazada.co.id/products/pdp-i8608700849-s16013570474.html?c=&channelLpJumpArgs=&clickTrackInfo=query%253Ahp%252Bhdc%252Bvivo%253Bnid%253A8608700849%253Bsrc%253ALazadaMainSrp%253Brn%253A2cc5dbdee968abe78d2a0a88c090c687%253Bregion%253Aid%253Bsku%253A8608700849_ID%253Bprice%253A688000%253Bclient%253Adesktop%253Bsupplier_id%253A401099536002%253Bsession_id%253A%253Bbiz_source%253Ah5_internal%253Bslot%253A2%253Butlog_bucket_id%253A470687%253Basc_category_id%253A10100333%253Bitem_id%253A8608700849%253Bsku_id%253A16013570474%253Bshop_id%253A6307054%253BtemplateInfo%253A107879_A3_C_E%2523&freeshipping=1&fs_ab=2&fuse_fs=&lang=id&location=Kab.%20Tangerang&price=6.88E%205&priceCompare=skuId%3A16013570474%3Bsource%3Alazada-search-voucher%3Bsn%3A2cc5dbdee968abe78d2a0a88c090c687%3BoriginPrice%3A68800000%3BdisplayPrice%3A68800000%3BisGray%3Afalse%3BsinglePromotionId%3A-1%3BsingleToolCode%3AmockedSalePrice%3BvoucherPricePlugin%3A0%3Btimestamp%3A1780167465147&ratingscore=4.46643109540636&request_id=2cc5dbdee968abe78d2a0a88c090c687&review=566&sale=1063&search=1&source=search&spm=a2o4j.searchlist.list.2&stock=1","","sangat bagus","2025-11-16"
"1780196625-324","https://www.lazada.co.id/products/pdp-i8608700849-s16013570474.html?c=&channelLpJumpArgs=&clickTrackInfo=query%253Ahp%252Bhdc%252Bvivo%253Bnid%253A8608700849%253Bsrc%253ALazadaMainSrp%253Brn%253A2cc5dbdee968abe78d2a0a88c090c687%253Bregion%253Aid%253Bsku%253A8608700849_ID%253Bprice%253A688000%253Bclient%253Adesktop%253Bsupplier_id%253A401099536002%253Bsession_id%253A%253Bbiz_source%253Ah5_internal%253Bslot%253A2%253Butlog_bucket_id%253A470687%253Basc_category_id%253A10100333%253Bitem_id%253A8608700849%253Bsku_id%253A16013570474%253Bshop_id%253A6307054%253BtemplateInfo%253A107879_A3_C_E%2523&freeshipping=1&fs_ab=2&fuse_fs=&lang=id&location=Kab.%20Tangerang&price=6.88E%205&priceCompare=skuId%3A16013570474%3Bsource%3Alazada-search-voucher%3Bsn%3A2cc5dbdee968abe78d2a0a88c090c687%3BoriginPrice%3A68800000%3BdisplayPrice%3A68800000%3BisGray%3Afalse%3BsinglePromotionId%3A-1%3BsingleToolCode%3AmockedSalePrice%3BvoucherPricePlugin%3A0%3Btimestamp%3A1780167465147&ratingscore=4.46643109540636&request_id=2cc5dbdee968abe78d2a0a88c090c687&review=566&sale=1063&search=1&source=search&spm=a2o4j.searchlist.list.2&stock=1","","Tampilan dan kualitas hp bagus.","2025-10-04"
"1780196625-325","https://www.lazada.co.id/products/pdp-i8608700849-s16013570474.html?c=&channelLpJumpArgs=&clickTrackInfo=query%253Ahp%252Bhdc%252Bvivo%253Bnid%253A8608700849%253Bsrc%253ALazadaMainSrp%253Brn%253A2cc5dbdee968abe78d2a0a88c090c687%253Bregion%253Aid%253Bsku%253A8608700849_ID%253Bprice%253A688000%253Bclient%253Adesktop%253Bsupplier_id%253A401099536002%253Bsession_id%253A%253Bbiz_source%253Ah5_internal%253Bslot%253A2%253Butlog_bucket_id%253A470687%253Basc_category_id%253A10100333%253Bitem_id%253A8608700849%253Bsku_id%253A16013570474%253Bshop_id%253A6307054%253BtemplateInfo%253A107879_A3_C_E%2523&freeshipping=1&fs_ab=2&fuse_fs=&lang=id&location=Kab.%20Tangerang&price=6.88E%205&priceCompare=skuId%3A16013570474%3Bsource%3Alazada-search-voucher%3Bsn%3A2cc5dbdee968abe78d2a0a88c090c687%3BoriginPrice%3A68800000%3BdisplayPrice%3A68800000%3BisGray%3Afalse%3BsinglePromotionId%3A-1%3BsingleToolCode%3AmockedSalePrice%3BvoucherPricePlugin%3A0%3Btimestamp%3A1780167465147&ratingscore=4.46643109540636&request_id=2cc5dbdee968abe78d2a0a88c090c687&review=566&sale=1063&search=1&source=search&spm=a2o4j.searchlist.list.2&stock=1","","ok","2025-11-18"
"1780196625-326","https://www.lazada.co.id/products/pdp-i8608700849-s16013570474.html?c=&channelLpJumpArgs=&clickTrackInfo=query%253Ahp%252Bhdc%252Bvivo%253Bnid%253A8608700849%253Bsrc%253ALazadaMainSrp%253Brn%253A2cc5dbdee968abe78d2a0a88c090c687%253Bregion%253Aid%253Bsku%253A8608700849_ID%253Bprice%253A688000%253Bclient%253Adesktop%253Bsupplier_id%253A401099536002%253Bsession_id%253A%253Bbiz_source%253Ah5_internal%253Bslot%253A2%253Butlog_bucket_id%253A470687%253Basc_category_id%253A10100333%253Bitem_id%253A8608700849%253Bsku_id%253A16013570474%253Bshop_id%253A6307054%253BtemplateInfo%253A107879_A3_C_E%2523&freeshipping=1&fs_ab=2&fuse_fs=&lang=id&location=Kab.%20Tangerang&price=6.88E%205&priceCompare=skuId%3A16013570474%3Bsource%3Alazada-search-voucher%3Bsn%3A2cc5dbdee968abe78d2a0a88c090c687%3BoriginPrice%3A68800000%3BdisplayPrice%3A68800000%3BisGray%3Afalse%3BsinglePromotionId%3A-1%3BsingleToolCode%3AmockedSalePrice%3BvoucherPricePlugin%3A0%3Btimestamp%3A1780167465147&ratingscore=4.46643109540636&request_id=2cc5dbdee968abe78d2a0a88c090c687&review=566&sale=1063&search=1&source=search&spm=a2o4j.searchlist.list.2&stock=1","","Baru, segel, dan bergaransi,","2025-10-01"
"1780196625-327","https://www.lazada.co.id/products/pdp-i8608700849-s16013570474.html?c=&channelLpJumpArgs=&clickTrackInfo=query%253Ahp%252Bhdc%252Bvivo%253Bnid%253A8608700849%253Bsrc%253ALazadaMainSrp%253Brn%253A2cc5dbdee968abe78d2a0a88c090c687%253Bregion%253Aid%253Bsku%253A8608700849_ID%253Bprice%253A688000%253Bclient%253Adesktop%253Bsupplier_id%253A401099536002%253Bsession_id%253A%253Bbiz_source%253Ah5_internal%253Bslot%253A2%253Butlog_bucket_id%253A470687%253Basc_category_id%253A10100333%253Bitem_id%253A8608700849%253Bsku_id%253A16013570474%253Bshop_id%253A6307054%253BtemplateInfo%253A107879_A3_C_E%2523&freeshipping=1&fs_ab=2&fuse_fs=&lang=id&location=Kab.%20Tangerang&price=6.88E%205&priceCompare=skuId%3A16013570474%3Bsource%3Alazada-search-voucher%3Bsn%3A2cc5dbdee968abe78d2a0a88c090c687%3BoriginPrice%3A68800000%3BdisplayPrice%3A68800000%3BisGray%3Afalse%3BsinglePromotionId%3A-1%3BsingleToolCode%3AmockedSalePrice%3BvoucherPricePlugin%3A0%3Btimestamp%3A1780167465147&ratingscore=4.46643109540636&request_id=2cc5dbdee968abe78d2a0a88c090c687&review=566&sale=1063&search=1&source=search&spm=a2o4j.searchlist.list.2&stock=1","","bagus.","2025-11-14"
"1780196625-328","https://www.lazada.co.id/products/pdp-i8608700849-s16013570474.html?c=&channelLpJumpArgs=&clickTrackInfo=query%253Ahp%252Bhdc%252Bvivo%253Bnid%253A8608700849%253Bsrc%253ALazadaMainSrp%253Brn%253A2cc5dbdee968abe78d2a0a88c090c687%253Bregion%253Aid%253Bsku%253A8608700849_ID%253Bprice%253A688000%253Bclient%253Adesktop%253Bsupplier_id%253A401099536002%253Bsession_id%253A%253Bbiz_source%253Ah5_internal%253Bslot%253A2%253Butlog_bucket_id%253A470687%253Basc_category_id%253A10100333%253Bitem_id%253A8608700849%253Bsku_id%253A16013570474%253Bshop_id%253A6307054%253BtemplateInfo%253A107879_A3_C_E%2523&freeshipping=1&fs_ab=2&fuse_fs=&lang=id&location=Kab.%20Tangerang&price=6.88E%205&priceCompare=skuId%3A16013570474%3Bsource%3Alazada-search-voucher%3Bsn%3A2cc5dbdee968abe78d2a0a88c090c687%3BoriginPrice%3A68800000%3BdisplayPrice%3A68800000%3BisGray%3Afalse%3BsinglePromotionId%3A-1%3BsingleToolCode%3AmockedSalePrice%3BvoucherPricePlugin%3A0%3Btimestamp%3A1780167465147&ratingscore=4.46643109540636&request_id=2cc5dbdee968abe78d2a0a88c090c687&review=566&sale=1063&search=1&source=search&spm=a2o4j.searchlist.list.2&stock=1","","sangat kecewa ram palsu","2025-10-17"
"1780196625-329","https://www.lazada.co.id/products/pdp-i8608700849-s16013570474.html?c=&channelLpJumpArgs=&clickTrackInfo=query%253Ahp%252Bhdc%252Bvivo%253Bnid%253A8608700849%253Bsrc%253ALazadaMainSrp%253Brn%253A2cc5dbdee968abe78d2a0a88c090c687%253Bregion%253Aid%253Bsku%253A8608700849_ID%253Bprice%253A688000%253Bclient%253Adesktop%253Bsupplier_id%253A401099536002%253Bsession_id%253A%253Bbiz_source%253Ah5_internal%253Bslot%253A2%253Butlog_bucket_id%253A470687%253Basc_category_id%253A10100333%253Bitem_id%253A8608700849%253Bsku_id%253A16013570474%253Bshop_id%253A6307054%253BtemplateInfo%253A107879_A3_C_E%2523&freeshipping=1&fs_ab=2&fuse_fs=&lang=id&location=Kab.%20Tangerang&price=6.88E%205&priceCompare=skuId%3A16013570474%3Bsource%3Alazada-search-voucher%3Bsn%3A2cc5dbdee968abe78d2a0a88c090c687%3BoriginPrice%3A68800000%3BdisplayPrice%3A68800000%3BisGray%3Afalse%3BsinglePromotionId%3A-1%3BsingleToolCode%3AmockedSalePrice%3BvoucherPricePlugin%3A0%3Btimestamp%3A1780167465147&ratingscore=4.46643109540636&request_id=2cc5dbdee968abe78d2a0a88c090c687&review=566&sale=1063&search=1&source=search&spm=a2o4j.searchlist.list.2&stock=1","","hp bagus tp blm tahu kualitasnya","2025-09-22"
"1780196625-330","https://www.lazada.co.id/products/pdp-i8608700849-s16013570474.html?c=&channelLpJumpArgs=&clickTrackInfo=query%253Ahp%252Bhdc%252Bvivo%253Bnid%253A8608700849%253Bsrc%253ALazadaMainSrp%253Brn%253A2cc5dbdee968abe78d2a0a88c090c687%253Bregion%253Aid%253Bsku%253A8608700849_ID%253Bprice%253A688000%253Bclient%253Adesktop%253Bsupplier_id%253A401099536002%253Bsession_id%253A%253Bbiz_source%253Ah5_internal%253Bslot%253A2%253Butlog_bucket_id%253A470687%253Basc_category_id%253A10100333%253Bitem_id%253A8608700849%253Bsku_id%253A16013570474%253Bshop_id%253A6307054%253BtemplateInfo%253A107879_A3_C_E%2523&freeshipping=1&fs_ab=2&fuse_fs=&lang=id&location=Kab.%20Tangerang&price=6.88E%205&priceCompare=skuId%3A16013570474%3Bsource%3Alazada-search-voucher%3Bsn%3A2cc5dbdee968abe78d2a0a88c090c687%3BoriginPrice%3A68800000%3BdisplayPrice%3A68800000%3BisGray%3Afalse%3BsinglePromotionId%3A-1%3BsingleToolCode%3AmockedSalePrice%3BvoucherPricePlugin%3A0%3Btimestamp%3A1780167465147&ratingscore=4.46643109540636&request_id=2cc5dbdee968abe78d2a0a88c090c687&review=566&sale=1063&search=1&source=search&spm=a2o4j.searchlist.list.2&stock=1","","bagus.,","2025-11-01"
"1780196625-331","https://www.lazada.co.id/products/pdp-i8608700849-s16013570474.html?c=&channelLpJumpArgs=&clickTrackInfo=query%253Ahp%252Bhdc%252Bvivo%253Bnid%253A8608700849%253Bsrc%253ALazadaMainSrp%253Brn%253A2cc5dbdee968abe78d2a0a88c090c687%253Bregion%253Aid%253Bsku%253A8608700849_ID%253Bprice%253A688000%253Bclient%253Adesktop%253Bsupplier_id%253A401099536002%253Bsession_id%253A%253Bbiz_source%253Ah5_internal%253Bslot%253A2%253Butlog_bucket_id%253A470687%253Basc_category_id%253A10100333%253Bitem_id%253A8608700849%253Bsku_id%253A16013570474%253Bshop_id%253A6307054%253BtemplateInfo%253A107879_A3_C_E%2523&freeshipping=1&fs_ab=2&fuse_fs=&lang=id&location=Kab.%20Tangerang&price=6.88E%205&priceCompare=skuId%3A16013570474%3Bsource%3Alazada-search-voucher%3Bsn%3A2cc5dbdee968abe78d2a0a88c090c687%3BoriginPrice%3A68800000%3BdisplayPrice%3A68800000%3BisGray%3Afalse%3BsinglePromotionId%3A-1%3BsingleToolCode%3AmockedSalePrice%3BvoucherPricePlugin%3A0%3Btimestamp%3A1780167465147&ratingscore=4.46643109540636&request_id=2cc5dbdee968abe78d2a0a88c090c687&review=566&sale=1063&search=1&source=search&spm=a2o4j.searchlist.list.2&stock=1","","mantaaaafffff","2025-11-01"
"1780196625-332","https://www.lazada.co.id/products/pdp-i8608700849-s16013570474.html?c=&channelLpJumpArgs=&clickTrackInfo=query%253Ahp%252Bhdc%252Bvivo%253Bnid%253A8608700849%253Bsrc%253ALazadaMainSrp%253Brn%253A2cc5dbdee968abe78d2a0a88c090c687%253Bregion%253Aid%253Bsku%253A8608700849_ID%253Bprice%253A688000%253Bclient%253Adesktop%253Bsupplier_id%253A401099536002%253Bsession_id%253A%253Bbiz_source%253Ah5_internal%253Bslot%253A2%253Butlog_bucket_id%253A470687%253Basc_category_id%253A10100333%253Bitem_id%253A8608700849%253Bsku_id%253A16013570474%253Bshop_id%253A6307054%253BtemplateInfo%253A107879_A3_C_E%2523&freeshipping=1&fs_ab=2&fuse_fs=&lang=id&location=Kab.%20Tangerang&price=6.88E%205&priceCompare=skuId%3A16013570474%3Bsource%3Alazada-search-voucher%3Bsn%3A2cc5dbdee968abe78d2a0a88c090c687%3BoriginPrice%3A68800000%3BdisplayPrice%3A68800000%3BisGray%3Afalse%3BsinglePromotionId%3A-1%3BsingleToolCode%3AmockedSalePrice%3BvoucherPricePlugin%3A0%3Btimestamp%3A1780167465147&ratingscore=4.46643109540636&request_id=2cc5dbdee968abe78d2a0a88c090c687&review=566&sale=1063&search=1&source=search&spm=a2o4j.searchlist.list.2&stock=1","","asli hp nya makasih","2025-10-09"
"1780196625-333","https://www.lazada.co.id/products/pdp-i8608700849-s16013570474.html?c=&channelLpJumpArgs=&clickTrackInfo=query%253Ahp%252Bhdc%252Bvivo%253Bnid%253A8608700849%253Bsrc%253ALazadaMainSrp%253Brn%253A2cc5dbdee968abe78d2a0a88c090c687%253Bregion%253Aid%253Bsku%253A8608700849_ID%253Bprice%253A688000%253Bclient%253Adesktop%253Bsupplier_id%253A401099536002%253Bsession_id%253A%253Bbiz_source%253Ah5_internal%253Bslot%253A2%253Butlog_bucket_id%253A470687%253Basc_category_id%253A10100333%253Bitem_id%253A8608700849%253Bsku_id%253A16013570474%253Bshop_id%253A6307054%253BtemplateInfo%253A107879_A3_C_E%2523&freeshipping=1&fs_ab=2&fuse_fs=&lang=id&location=Kab.%20Tangerang&price=6.88E%205&priceCompare=skuId%3A16013570474%3Bsource%3Alazada-search-voucher%3Bsn%3A2cc5dbdee968abe78d2a0a88c090c687%3BoriginPrice%3A68800000%3BdisplayPrice%3A68800000%3BisGray%3Afalse%3BsinglePromotionId%3A-1%3BsingleToolCode%3AmockedSalePrice%3BvoucherPricePlugin%3A0%3Btimestamp%3A1780167465147&ratingscore=4.46643109540636&request_id=2cc5dbdee968abe78d2a0a88c090c687&review=566&sale=1063&search=1&source=search&spm=a2o4j.searchlist.list.2&stock=1","","mantep hp berpungsi baik 👌","2025-10-06"
"1780196625-334","https://www.lazada.co.id/products/pdp-i8608700849-s16013570474.html?c=&channelLpJumpArgs=&clickTrackInfo=query%253Ahp%252Bhdc%252Bvivo%253Bnid%253A8608700849%253Bsrc%253ALazadaMainSrp%253Brn%253A2cc5dbdee968abe78d2a0a88c090c687%253Bregion%253Aid%253Bsku%253A8608700849_ID%253Bprice%253A688000%253Bclient%253Adesktop%253Bsupplier_id%253A401099536002%253Bsession_id%253A%253Bbiz_source%253Ah5_internal%253Bslot%253A2%253Butlog_bucket_id%253A470687%253Basc_category_id%253A10100333%253Bitem_id%253A8608700849%253Bsku_id%253A16013570474%253Bshop_id%253A6307054%253BtemplateInfo%253A107879_A3_C_E%2523&freeshipping=1&fs_ab=2&fuse_fs=&lang=id&location=Kab.%20Tangerang&price=6.88E%205&priceCompare=skuId%3A16013570474%3Bsource%3Alazada-search-voucher%3Bsn%3A2cc5dbdee968abe78d2a0a88c090c687%3BoriginPrice%3A68800000%3BdisplayPrice%3A68800000%3BisGray%3Afalse%3BsinglePromotionId%3A-1%3BsingleToolCode%3AmockedSalePrice%3BvoucherPricePlugin%3A0%3Btimestamp%3A1780167465147&ratingscore=4.46643109540636&request_id=2cc5dbdee968abe78d2a0a88c090c687&review=566&sale=1063&search=1&source=search&spm=a2o4j.searchlist.list.2&stock=1","","kualitas Hp tidak bagus  anti gores baret baret hp juga seperti  refurbish","2026-01-18"
"1780196625-335","https://www.lazada.co.id/products/pdp-i8608700849-s16013570474.html?c=&channelLpJumpArgs=&clickTrackInfo=query%253Ahp%252Bhdc%252Bvivo%253Bnid%253A8608700849%253Bsrc%253ALazadaMainSrp%253Brn%253A2cc5dbdee968abe78d2a0a88c090c687%253Bregion%253Aid%253Bsku%253A8608700849_ID%253Bprice%253A688000%253Bclient%253Adesktop%253Bsupplier_id%253A401099536002%253Bsession_id%253A%253Bbiz_source%253Ah5_internal%253Bslot%253A2%253Butlog_bucket_id%253A470687%253Basc_category_id%253A10100333%253Bitem_id%253A8608700849%253Bsku_id%253A16013570474%253Bshop_id%253A6307054%253BtemplateInfo%253A107879_A3_C_E%2523&freeshipping=1&fs_ab=2&fuse_fs=&lang=id&location=Kab.%20Tangerang&price=6.88E%205&priceCompare=skuId%3A16013570474%3Bsource%3Alazada-search-voucher%3Bsn%3A2cc5dbdee968abe78d2a0a88c090c687%3BoriginPrice%3A68800000%3BdisplayPrice%3A68800000%3BisGray%3Afalse%3BsinglePromotionId%3A-1%3BsingleToolCode%3AmockedSalePrice%3BvoucherPricePlugin%3A0%3Btimestamp%3A1780167465147&ratingscore=4.46643109540636&request_id=2cc5dbdee968abe78d2a0a88c090c687&review=566&sale=1063&search=1&source=search&spm=a2o4j.searchlist.list.2&stock=1","","Alhamdulillah.. sesuai keinginan.. barang bagus beneran baru mantap","2025-07-08"
"1780196625-336","https://www.lazada.co.id/products/pdp-i8608700849-s16013570474.html?c=&channelLpJumpArgs=&clickTrackInfo=query%253Ahp%252Bhdc%252Bvivo%253Bnid%253A8608700849%253Bsrc%253ALazadaMainSrp%253Brn%253A2cc5dbdee968abe78d2a0a88c090c687%253Bregion%253Aid%253Bsku%253A8608700849_ID%253Bprice%253A688000%253Bclient%253Adesktop%253Bsupplier_id%253A401099536002%253Bsession_id%253A%253Bbiz_source%253Ah5_internal%253Bslot%253A2%253Butlog_bucket_id%253A470687%253Basc_category_id%253A10100333%253Bitem_id%253A8608700849%253Bsku_id%253A16013570474%253Bshop_id%253A6307054%253BtemplateInfo%253A107879_A3_C_E%2523&freeshipping=1&fs_ab=2&fuse_fs=&lang=id&location=Kab.%20Tangerang&price=6.88E%205&priceCompare=skuId%3A16013570474%3Bsource%3Alazada-search-voucher%3Bsn%3A2cc5dbdee968abe78d2a0a88c090c687%3BoriginPrice%3A68800000%3BdisplayPrice%3A68800000%3BisGray%3Afalse%3BsinglePromotionId%3A-1%3BsingleToolCode%3AmockedSalePrice%3BvoucherPricePlugin%3A0%3Btimestamp%3A1780167465147&ratingscore=4.46643109540636&request_id=2cc5dbdee968abe78d2a0a88c090c687&review=566&sale=1063&search=1&source=search&spm=a2o4j.searchlist.list.2&stock=1","","Baru, segel, dan bergaransi,","2025-09-11"
"1780196625-337","https://www.lazada.co.id/products/pdp-i8608700849-s16013570474.html?c=&channelLpJumpArgs=&clickTrackInfo=query%253Ahp%252Bhdc%252Bvivo%253Bnid%253A8608700849%253Bsrc%253ALazadaMainSrp%253Brn%253A2cc5dbdee968abe78d2a0a88c090c687%253Bregion%253Aid%253Bsku%253A8608700849_ID%253Bprice%253A688000%253Bclient%253Adesktop%253Bsupplier_id%253A401099536002%253Bsession_id%253A%253Bbiz_source%253Ah5_internal%253Bslot%253A2%253Butlog_bucket_id%253A470687%253Basc_category_id%253A10100333%253Bitem_id%253A8608700849%253Bsku_id%253A16013570474%253Bshop_id%253A6307054%253BtemplateInfo%253A107879_A3_C_E%2523&freeshipping=1&fs_ab=2&fuse_fs=&lang=id&location=Kab.%20Tangerang&price=6.88E%205&priceCompare=skuId%3A16013570474%3Bsource%3Alazada-search-voucher%3Bsn%3A2cc5dbdee968abe78d2a0a88c090c687%3BoriginPrice%3A68800000%3BdisplayPrice%3A68800000%3BisGray%3Afalse%3BsinglePromotionId%3A-1%3BsingleToolCode%3AmockedSalePrice%3BvoucherPricePlugin%3A0%3Btimestamp%3A1780167465147&ratingscore=4.46643109540636&request_id=2cc5dbdee968abe78d2a0a88c090c687&review=566&sale=1063&search=1&source=search&spm=a2o4j.searchlist.list.2&stock=1","","ok","2025-10-16"
"1780196625-338","https://www.lazada.co.id/products/pdp-i8608700849-s16013570474.html?c=&channelLpJumpArgs=&clickTrackInfo=query%253Ahp%252Bhdc%252Bvivo%253Bnid%253A8608700849%253Bsrc%253ALazadaMainSrp%253Brn%253A2cc5dbdee968abe78d2a0a88c090c687%253Bregion%253Aid%253Bsku%253A8608700849_ID%253Bprice%253A688000%253Bclient%253Adesktop%253Bsupplier_id%253A401099536002%253Bsession_id%253A%253Bbiz_source%253Ah5_internal%253Bslot%253A2%253Butlog_bucket_id%253A470687%253Basc_category_id%253A10100333%253Bitem_id%253A8608700849%253Bsku_id%253A16013570474%253Bshop_id%253A6307054%253BtemplateInfo%253A107879_A3_C_E%2523&freeshipping=1&fs_ab=2&fuse_fs=&lang=id&location=Kab.%20Tangerang&price=6.88E%205&priceCompare=skuId%3A16013570474%3Bsource%3Alazada-search-voucher%3Bsn%3A2cc5dbdee968abe78d2a0a88c090c687%3BoriginPrice%3A68800000%3BdisplayPrice%3A68800000%3BisGray%3Afalse%3BsinglePromotionId%3A-1%3BsingleToolCode%3AmockedSalePrice%3BvoucherPricePlugin%3A0%3Btimestamp%3A1780167465147&ratingscore=4.46643109540636&request_id=2cc5dbdee968abe78d2a0a88c090c687&review=566&sale=1063&search=1&source=search&spm=a2o4j.searchlist.list.2&stock=1","","lumayan bagus","2025-10-16"
"1780196625-339","https://www.lazada.co.id/products/pdp-i8608700849-s16013570474.html?c=&channelLpJumpArgs=&clickTrackInfo=query%253Ahp%252Bhdc%252Bvivo%253Bnid%253A8608700849%253Bsrc%253ALazadaMainSrp%253Brn%253A2cc5dbdee968abe78d2a0a88c090c687%253Bregion%253Aid%253Bsku%253A8608700849_ID%253Bprice%253A688000%253Bclient%253Adesktop%253Bsupplier_id%253A401099536002%253Bsession_id%253A%253Bbiz_source%253Ah5_internal%253Bslot%253A2%253Butlog_bucket_id%253A470687%253Basc_category_id%253A10100333%253Bitem_id%253A8608700849%253Bsku_id%253A16013570474%253Bshop_id%253A6307054%253BtemplateInfo%253A107879_A3_C_E%2523&freeshipping=1&fs_ab=2&fuse_fs=&lang=id&location=Kab.%20Tangerang&price=6.88E%205&priceCompare=skuId%3A16013570474%3Bsource%3Alazada-search-voucher%3Bsn%3A2cc5dbdee968abe78d2a0a88c090c687%3BoriginPrice%3A68800000%3BdisplayPrice%3A68800000%3BisGray%3Afalse%3BsinglePromotionId%3A-1%3BsingleToolCode%3AmockedSalePrice%3BvoucherPricePlugin%3A0%3Btimestamp%3A1780167465147&ratingscore=4.46643109540636&request_id=2cc5dbdee968abe78d2a0a88c090c687&review=566&sale=1063&search=1&source=search&spm=a2o4j.searchlist.list.2&stock=1","","sesuai","2025-10-08"
"1780196625-340","https://www.lazada.co.id/products/pdp-i8608700849-s16013570474.html?c=&channelLpJumpArgs=&clickTrackInfo=query%253Ahp%252Bhdc%252Bvivo%253Bnid%253A8608700849%253Bsrc%253ALazadaMainSrp%253Brn%253A2cc5dbdee968abe78d2a0a88c090c687%253Bregion%253Aid%253Bsku%253A8608700849_ID%253Bprice%253A688000%253Bclient%253Adesktop%253Bsupplier_id%253A401099536002%253Bsession_id%253A%253Bbiz_source%253Ah5_internal%253Bslot%253A2%253Butlog_bucket_id%253A470687%253Basc_category_id%253A10100333%253Bitem_id%253A8608700849%253Bsku_id%253A16013570474%253Bshop_id%253A6307054%253BtemplateInfo%253A107879_A3_C_E%2523&freeshipping=1&fs_ab=2&fuse_fs=&lang=id&location=Kab.%20Tangerang&price=6.88E%205&priceCompare=skuId%3A16013570474%3Bsource%3Alazada-search-voucher%3Bsn%3A2cc5dbdee968abe78d2a0a88c090c687%3BoriginPrice%3A68800000%3BdisplayPrice%3A68800000%3BisGray%3Afalse%3BsinglePromotionId%3A-1%3BsingleToolCode%3AmockedSalePrice%3BvoucherPricePlugin%3A0%3Btimestamp%3A1780167465147&ratingscore=4.46643109540636&request_id=2cc5dbdee968abe78d2a0a88c090c687&review=566&sale=1063&search=1&source=search&spm=a2o4j.searchlist.list.2&stock=1","","HPnya... bagus... Cuman batrenya droup,dan harus diganti... semoga kedepanya lebih baik. 
Trimakasih Lazada","2025-10-26"
"1780196625-341","https://www.lazada.co.id/products/pdp-i8608700849-s16013570474.html?c=&channelLpJumpArgs=&clickTrackInfo=query%253Ahp%252Bhdc%252Bvivo%253Bnid%253A8608700849%253Bsrc%253ALazadaMainSrp%253Brn%253A2cc5dbdee968abe78d2a0a88c090c687%253Bregion%253Aid%253Bsku%253A8608700849_ID%253Bprice%253A688000%253Bclient%253Adesktop%253Bsupplier_id%253A401099536002%253Bsession_id%253A%253Bbiz_source%253Ah5_internal%253Bslot%253A2%253Butlog_bucket_id%253A470687%253Basc_category_id%253A10100333%253Bitem_id%253A8608700849%253Bsku_id%253A16013570474%253Bshop_id%253A6307054%253BtemplateInfo%253A107879_A3_C_E%2523&freeshipping=1&fs_ab=2&fuse_fs=&lang=id&location=Kab.%20Tangerang&price=6.88E%205&priceCompare=skuId%3A16013570474%3Bsource%3Alazada-search-voucher%3Bsn%3A2cc5dbdee968abe78d2a0a88c090c687%3BoriginPrice%3A68800000%3BdisplayPrice%3A68800000%3BisGray%3Afalse%3BsinglePromotionId%3A-1%3BsingleToolCode%3AmockedSalePrice%3BvoucherPricePlugin%3A0%3Btimestamp%3A1780167465147&ratingscore=4.46643109540636&request_id=2cc5dbdee968abe78d2a0a88c090c687&review=566&sale=1063&search=1&source=search&spm=a2o4j.searchlist.list.2&stock=1","","oke lumayan","2025-09-14"
"1780196625-342","https://www.lazada.co.id/products/pdp-i8608700849-s16013570474.html?c=&channelLpJumpArgs=&clickTrackInfo=query%253Ahp%252Bhdc%252Bvivo%253Bnid%253A8608700849%253Bsrc%253ALazadaMainSrp%253Brn%253A2cc5dbdee968abe78d2a0a88c090c687%253Bregion%253Aid%253Bsku%253A8608700849_ID%253Bprice%253A688000%253Bclient%253Adesktop%253Bsupplier_id%253A401099536002%253Bsession_id%253A%253Bbiz_source%253Ah5_internal%253Bslot%253A2%253Butlog_bucket_id%253A470687%253Basc_category_id%253A10100333%253Bitem_id%253A8608700849%253Bsku_id%253A16013570474%253Bshop_id%253A6307054%253BtemplateInfo%253A107879_A3_C_E%2523&freeshipping=1&fs_ab=2&fuse_fs=&lang=id&location=Kab.%20Tangerang&price=6.88E%205&priceCompare=skuId%3A16013570474%3Bsource%3Alazada-search-voucher%3Bsn%3A2cc5dbdee968abe78d2a0a88c090c687%3BoriginPrice%3A68800000%3BdisplayPrice%3A68800000%3BisGray%3Afalse%3BsinglePromotionId%3A-1%3BsingleToolCode%3AmockedSalePrice%3BvoucherPricePlugin%3A0%3Btimestamp%3A1780167465147&ratingscore=4.46643109540636&request_id=2cc5dbdee968abe78d2a0a88c090c687&review=566&sale=1063&search=1&source=search&spm=a2o4j.searchlist.list.2&stock=1","","bagus","2025-09-17"
"1780196625-343","https://www.lazada.co.id/products/pdp-i8608700849-s16013570474.html?c=&channelLpJumpArgs=&clickTrackInfo=query%253Ahp%252Bhdc%252Bvivo%253Bnid%253A8608700849%253Bsrc%253ALazadaMainSrp%253Brn%253A2cc5dbdee968abe78d2a0a88c090c687%253Bregion%253Aid%253Bsku%253A8608700849_ID%253Bprice%253A688000%253Bclient%253Adesktop%253Bsupplier_id%253A401099536002%253Bsession_id%253A%253Bbiz_source%253Ah5_internal%253Bslot%253A2%253Butlog_bucket_id%253A470687%253Basc_category_id%253A10100333%253Bitem_id%253A8608700849%253Bsku_id%253A16013570474%253Bshop_id%253A6307054%253BtemplateInfo%253A107879_A3_C_E%2523&freeshipping=1&fs_ab=2&fuse_fs=&lang=id&location=Kab.%20Tangerang&price=6.88E%205&priceCompare=skuId%3A16013570474%3Bsource%3Alazada-search-voucher%3Bsn%3A2cc5dbdee968abe78d2a0a88c090c687%3BoriginPrice%3A68800000%3BdisplayPrice%3A68800000%3BisGray%3Afalse%3BsinglePromotionId%3A-1%3BsingleToolCode%3AmockedSalePrice%3BvoucherPricePlugin%3A0%3Btimestamp%3A1780167465147&ratingscore=4.46643109540636&request_id=2cc5dbdee968abe78d2a0a88c090c687&review=566&sale=1063&search=1&source=search&spm=a2o4j.searchlist.list.2&stock=1","","kemudahan penggunaan:","2025-09-10"
"1780196625-344","https://www.lazada.co.id/products/pdp-i8608700849-s16013570474.html?c=&channelLpJumpArgs=&clickTrackInfo=query%253Ahp%252Bhdc%252Bvivo%253Bnid%253A8608700849%253Bsrc%253ALazadaMainSrp%253Brn%253A2cc5dbdee968abe78d2a0a88c090c687%253Bregion%253Aid%253Bsku%253A8608700849_ID%253Bprice%253A688000%253Bclient%253Adesktop%253Bsupplier_id%253A401099536002%253Bsession_id%253A%253Bbiz_source%253Ah5_internal%253Bslot%253A2%253Butlog_bucket_id%253A470687%253Basc_category_id%253A10100333%253Bitem_id%253A8608700849%253Bsku_id%253A16013570474%253Bshop_id%253A6307054%253BtemplateInfo%253A107879_A3_C_E%2523&freeshipping=1&fs_ab=2&fuse_fs=&lang=id&location=Kab.%20Tangerang&price=6.88E%205&priceCompare=skuId%3A16013570474%3Bsource%3Alazada-search-voucher%3Bsn%3A2cc5dbdee968abe78d2a0a88c090c687%3BoriginPrice%3A68800000%3BdisplayPrice%3A68800000%3BisGray%3Afalse%3BsinglePromotionId%3A-1%3BsingleToolCode%3AmockedSalePrice%3BvoucherPricePlugin%3A0%3Btimestamp%3A1780167465147&ratingscore=4.46643109540636&request_id=2cc5dbdee968abe78d2a0a88c090c687&review=566&sale=1063&search=1&source=search&spm=a2o4j.searchlist.list.2&stock=1","","","2025-10-19"
"1780196625-345","https://www.lazada.co.id/products/pdp-i8608700849-s16013570474.html?c=&channelLpJumpArgs=&clickTrackInfo=query%253Ahp%252Bhdc%252Bvivo%253Bnid%253A8608700849%253Bsrc%253ALazadaMainSrp%253Brn%253A2cc5dbdee968abe78d2a0a88c090c687%253Bregion%253Aid%253Bsku%253A8608700849_ID%253Bprice%253A688000%253Bclient%253Adesktop%253Bsupplier_id%253A401099536002%253Bsession_id%253A%253Bbiz_source%253Ah5_internal%253Bslot%253A2%253Butlog_bucket_id%253A470687%253Basc_category_id%253A10100333%253Bitem_id%253A8608700849%253Bsku_id%253A16013570474%253Bshop_id%253A6307054%253BtemplateInfo%253A107879_A3_C_E%2523&freeshipping=1&fs_ab=2&fuse_fs=&lang=id&location=Kab.%20Tangerang&price=6.88E%205&priceCompare=skuId%3A16013570474%3Bsource%3Alazada-search-voucher%3Bsn%3A2cc5dbdee968abe78d2a0a88c090c687%3BoriginPrice%3A68800000%3BdisplayPrice%3A68800000%3BisGray%3Afalse%3BsinglePromotionId%3A-1%3BsingleToolCode%3AmockedSalePrice%3BvoucherPricePlugin%3A0%3Btimestamp%3A1780167465147&ratingscore=4.46643109540636&request_id=2cc5dbdee968abe78d2a0a88c090c687&review=566&sale=1063&search=1&source=search&spm=a2o4j.searchlist.list.2&stock=1","","","2025-10-25"
"1780196625-346","https://www.lazada.co.id/products/pdp-i8608700849-s16013570474.html?c=&channelLpJumpArgs=&clickTrackInfo=query%253Ahp%252Bhdc%252Bvivo%253Bnid%253A8608700849%253Bsrc%253ALazadaMainSrp%253Brn%253A2cc5dbdee968abe78d2a0a88c090c687%253Bregion%253Aid%253Bsku%253A8608700849_ID%253Bprice%253A688000%253Bclient%253Adesktop%253Bsupplier_id%253A401099536002%253Bsession_id%253A%253Bbiz_source%253Ah5_internal%253Bslot%253A2%253Butlog_bucket_id%253A470687%253Basc_category_id%253A10100333%253Bitem_id%253A8608700849%253Bsku_id%253A16013570474%253Bshop_id%253A6307054%253BtemplateInfo%253A107879_A3_C_E%2523&freeshipping=1&fs_ab=2&fuse_fs=&lang=id&location=Kab.%20Tangerang&price=6.88E%205&priceCompare=skuId%3A16013570474%3Bsource%3Alazada-search-voucher%3Bsn%3A2cc5dbdee968abe78d2a0a88c090c687%3BoriginPrice%3A68800000%3BdisplayPrice%3A68800000%3BisGray%3Afalse%3BsinglePromotionId%3A-1%3BsingleToolCode%3AmockedSalePrice%3BvoucherPricePlugin%3A0%3Btimestamp%3A1780167465147&ratingscore=4.46643109540636&request_id=2cc5dbdee968abe78d2a0a88c090c687&review=566&sale=1063&search=1&source=search&spm=a2o4j.searchlist.list.2&stock=1","","","2025-11-17"
"1780196625-347","https://www.lazada.co.id/products/pdp-i8608700849-s16013570474.html?c=&channelLpJumpArgs=&clickTrackInfo=query%253Ahp%252Bhdc%252Bvivo%253Bnid%253A8608700849%253Bsrc%253ALazadaMainSrp%253Brn%253A2cc5dbdee968abe78d2a0a88c090c687%253Bregion%253Aid%253Bsku%253A8608700849_ID%253Bprice%253A688000%253Bclient%253Adesktop%253Bsupplier_id%253A401099536002%253Bsession_id%253A%253Bbiz_source%253Ah5_internal%253Bslot%253A2%253Butlog_bucket_id%253A470687%253Basc_category_id%253A10100333%253Bitem_id%253A8608700849%253Bsku_id%253A16013570474%253Bshop_id%253A6307054%253BtemplateInfo%253A107879_A3_C_E%2523&freeshipping=1&fs_ab=2&fuse_fs=&lang=id&location=Kab.%20Tangerang&price=6.88E%205&priceCompare=skuId%3A16013570474%3Bsource%3Alazada-search-voucher%3Bsn%3A2cc5dbdee968abe78d2a0a88c090c687%3BoriginPrice%3A68800000%3BdisplayPrice%3A68800000%3BisGray%3Afalse%3BsinglePromotionId%3A-1%3BsingleToolCode%3AmockedSalePrice%3BvoucherPricePlugin%3A0%3Btimestamp%3A1780167465147&ratingscore=4.46643109540636&request_id=2cc5dbdee968abe78d2a0a88c090c687&review=566&sale=1063&search=1&source=search&spm=a2o4j.searchlist.list.2&stock=1","","","2025-12-20"
"1780196625-348","https://www.lazada.co.id/products/pdp-i8608700849-s16013570474.html?c=&channelLpJumpArgs=&clickTrackInfo=query%253Ahp%252Bhdc%252Bvivo%253Bnid%253A8608700849%253Bsrc%253ALazadaMainSrp%253Brn%253A2cc5dbdee968abe78d2a0a88c090c687%253Bregion%253Aid%253Bsku%253A8608700849_ID%253Bprice%253A688000%253Bclient%253Adesktop%253Bsupplier_id%253A401099536002%253Bsession_id%253A%253Bbiz_source%253Ah5_internal%253Bslot%253A2%253Butlog_bucket_id%253A470687%253Basc_category_id%253A10100333%253Bitem_id%253A8608700849%253Bsku_id%253A16013570474%253Bshop_id%253A6307054%253BtemplateInfo%253A107879_A3_C_E%2523&freeshipping=1&fs_ab=2&fuse_fs=&lang=id&location=Kab.%20Tangerang&price=6.88E%205&priceCompare=skuId%3A16013570474%3Bsource%3Alazada-search-voucher%3Bsn%3A2cc5dbdee968abe78d2a0a88c090c687%3BoriginPrice%3A68800000%3BdisplayPrice%3A68800000%3BisGray%3Afalse%3BsinglePromotionId%3A-1%3BsingleToolCode%3AmockedSalePrice%3BvoucherPricePlugin%3A0%3Btimestamp%3A1780167465147&ratingscore=4.46643109540636&request_id=2cc5dbdee968abe78d2a0a88c090c687&review=566&sale=1063&search=1&source=search&spm=a2o4j.searchlist.list.2&stock=1","","hp bagus tapi jaringan data seluler tidak ada saya kecewa","2025-09-16"
"1780196625-349","https://www.lazada.co.id/products/pdp-i8608700849-s16013570474.html?c=&channelLpJumpArgs=&clickTrackInfo=query%253Ahp%252Bhdc%252Bvivo%253Bnid%253A8608700849%253Bsrc%253ALazadaMainSrp%253Brn%253A2cc5dbdee968abe78d2a0a88c090c687%253Bregion%253Aid%253Bsku%253A8608700849_ID%253Bprice%253A688000%253Bclient%253Adesktop%253Bsupplier_id%253A401099536002%253Bsession_id%253A%253Bbiz_source%253Ah5_internal%253Bslot%253A2%253Butlog_bucket_id%253A470687%253Basc_category_id%253A10100333%253Bitem_id%253A8608700849%253Bsku_id%253A16013570474%253Bshop_id%253A6307054%253BtemplateInfo%253A107879_A3_C_E%2523&freeshipping=1&fs_ab=2&fuse_fs=&lang=id&location=Kab.%20Tangerang&price=6.88E%205&priceCompare=skuId%3A16013570474%3Bsource%3Alazada-search-voucher%3Bsn%3A2cc5dbdee968abe78d2a0a88c090c687%3BoriginPrice%3A68800000%3BdisplayPrice%3A68800000%3BisGray%3Afalse%3BsinglePromotionId%3A-1%3BsingleToolCode%3AmockedSalePrice%3BvoucherPricePlugin%3A0%3Btimestamp%3A1780167465147&ratingscore=4.46643109540636&request_id=2cc5dbdee968abe78d2a0a88c090c687&review=566&sale=1063&search=1&source=search&spm=a2o4j.searchlist.list.2&stock=1","","changer nya mati","2025-12-14"
"1780196625-350","https://www.lazada.co.id/products/pdp-i8608700849-s16013570474.html?c=&channelLpJumpArgs=&clickTrackInfo=query%253Ahp%252Bhdc%252Bvivo%253Bnid%253A8608700849%253Bsrc%253ALazadaMainSrp%253Brn%253A2cc5dbdee968abe78d2a0a88c090c687%253Bregion%253Aid%253Bsku%253A8608700849_ID%253Bprice%253A688000%253Bclient%253Adesktop%253Bsupplier_id%253A401099536002%253Bsession_id%253A%253Bbiz_source%253Ah5_internal%253Bslot%253A2%253Butlog_bucket_id%253A470687%253Basc_category_id%253A10100333%253Bitem_id%253A8608700849%253Bsku_id%253A16013570474%253Bshop_id%253A6307054%253BtemplateInfo%253A107879_A3_C_E%2523&freeshipping=1&fs_ab=2&fuse_fs=&lang=id&location=Kab.%20Tangerang&price=6.88E%205&priceCompare=skuId%3A16013570474%3Bsource%3Alazada-search-voucher%3Bsn%3A2cc5dbdee968abe78d2a0a88c090c687%3BoriginPrice%3A68800000%3BdisplayPrice%3A68800000%3BisGray%3Afalse%3BsinglePromotionId%3A-1%3BsingleToolCode%3AmockedSalePrice%3BvoucherPricePlugin%3A0%3Btimestamp%3A1780167465147&ratingscore=4.46643109540636&request_id=2cc5dbdee968abe78d2a0a88c090c687&review=566&sale=1063&search=1&source=search&spm=a2o4j.searchlist.list.2&stock=1","","Desain bodi aluminium, Kapasitas baterai 3360mAh, hadeuh","2025-09-04"
"1780196625-351","https://www.lazada.co.id/products/pdp-i8608700849-s16013570474.html?c=&channelLpJumpArgs=&clickTrackInfo=query%253Ahp%252Bhdc%252Bvivo%253Bnid%253A8608700849%253Bsrc%253ALazadaMainSrp%253Brn%253A2cc5dbdee968abe78d2a0a88c090c687%253Bregion%253Aid%253Bsku%253A8608700849_ID%253Bprice%253A688000%253Bclient%253Adesktop%253Bsupplier_id%253A401099536002%253Bsession_id%253A%253Bbiz_source%253Ah5_internal%253Bslot%253A2%253Butlog_bucket_id%253A470687%253Basc_category_id%253A10100333%253Bitem_id%253A8608700849%253Bsku_id%253A16013570474%253Bshop_id%253A6307054%253BtemplateInfo%253A107879_A3_C_E%2523&freeshipping=1&fs_ab=2&fuse_fs=&lang=id&location=Kab.%20Tangerang&price=6.88E%205&priceCompare=skuId%3A16013570474%3Bsource%3Alazada-search-voucher%3Bsn%3A2cc5dbdee968abe78d2a0a88c090c687%3BoriginPrice%3A68800000%3BdisplayPrice%3A68800000%3BisGray%3Afalse%3BsinglePromotionId%3A-1%3BsingleToolCode%3AmockedSalePrice%3BvoucherPricePlugin%3A0%3Btimestamp%3A1780167465147&ratingscore=4.46643109540636&request_id=2cc5dbdee968abe78d2a0a88c090c687&review=566&sale=1063&search=1&source=search&spm=a2o4j.searchlist.list.2&stock=1","","lumayan utk hrga sgitu ngecas nya lambat","2025-09-22"
"1780196625-352","https://www.lazada.co.id/products/pdp-i8608700849-s16013570474.html?c=&channelLpJumpArgs=&clickTrackInfo=query%253Ahp%252Bhdc%252Bvivo%253Bnid%253A8608700849%253Bsrc%253ALazadaMainSrp%253Brn%253A2cc5dbdee968abe78d2a0a88c090c687%253Bregion%253Aid%253Bsku%253A8608700849_ID%253Bprice%253A688000%253Bclient%253Adesktop%253Bsupplier_id%253A401099536002%253Bsession_id%253A%253Bbiz_source%253Ah5_internal%253Bslot%253A2%253Butlog_bucket_id%253A470687%253Basc_category_id%253A10100333%253Bitem_id%253A8608700849%253Bsku_id%253A16013570474%253Bshop_id%253A6307054%253BtemplateInfo%253A107879_A3_C_E%2523&freeshipping=1&fs_ab=2&fuse_fs=&lang=id&location=Kab.%20Tangerang&price=6.88E%205&priceCompare=skuId%3A16013570474%3Bsource%3Alazada-search-voucher%3Bsn%3A2cc5dbdee968abe78d2a0a88c090c687%3BoriginPrice%3A68800000%3BdisplayPrice%3A68800000%3BisGray%3Afalse%3BsinglePromotionId%3A-1%3BsingleToolCode%3AmockedSalePrice%3BvoucherPricePlugin%3A0%3Btimestamp%3A1780167465147&ratingscore=4.46643109540636&request_id=2cc5dbdee968abe78d2a0a88c090c687&review=566&sale=1063&search=1&source=search&spm=a2o4j.searchlist.list.2&stock=1","","keren","2025-11-28"
"1780196625-353","https://www.lazada.co.id/products/pdp-i8608700849-s16013570474.html?c=&channelLpJumpArgs=&clickTrackInfo=query%253Ahp%252Bhdc%252Bvivo%253Bnid%253A8608700849%253Bsrc%253ALazadaMainSrp%253Brn%253A2cc5dbdee968abe78d2a0a88c090c687%253Bregion%253Aid%253Bsku%253A8608700849_ID%253Bprice%253A688000%253Bclient%253Adesktop%253Bsupplier_id%253A401099536002%253Bsession_id%253A%253Bbiz_source%253Ah5_internal%253Bslot%253A2%253Butlog_bucket_id%253A470687%253Basc_category_id%253A10100333%253Bitem_id%253A8608700849%253Bsku_id%253A16013570474%253Bshop_id%253A6307054%253BtemplateInfo%253A107879_A3_C_E%2523&freeshipping=1&fs_ab=2&fuse_fs=&lang=id&location=Kab.%20Tangerang&price=6.88E%205&priceCompare=skuId%3A16013570474%3Bsource%3Alazada-search-voucher%3Bsn%3A2cc5dbdee968abe78d2a0a88c090c687%3BoriginPrice%3A68800000%3BdisplayPrice%3A68800000%3BisGray%3Afalse%3BsinglePromotionId%3A-1%3BsingleToolCode%3AmockedSalePrice%3BvoucherPricePlugin%3A0%3Btimestamp%3A1780167465147&ratingscore=4.46643109540636&request_id=2cc5dbdee968abe78d2a0a88c090c687&review=566&sale=1063&search=1&source=search&spm=a2o4j.searchlist.list.2&stock=1","","produk ga berfungsi..ga amanah.. pengiriman cepat.cuma respon kurang.kpas dtng cuma unboxing.belum d periksa keadaan hpnya..pas d periksa ga berfungsi.cuma d pake sebentar.ga nyala lagi.","3 minggu lalu"
"1780196625-354","https://www.lazada.co.id/products/pdp-i8608700849-s16013570474.html?c=&channelLpJumpArgs=&clickTrackInfo=query%253Ahp%252Bhdc%252Bvivo%253Bnid%253A8608700849%253Bsrc%253ALazadaMainSrp%253Brn%253A2cc5dbdee968abe78d2a0a88c090c687%253Bregion%253Aid%253Bsku%253A8608700849_ID%253Bprice%253A688000%253Bclient%253Adesktop%253Bsupplier_id%253A401099536002%253Bsession_id%253A%253Bbiz_source%253Ah5_internal%253Bslot%253A2%253Butlog_bucket_id%253A470687%253Basc_category_id%253A10100333%253Bitem_id%253A8608700849%253Bsku_id%253A16013570474%253Bshop_id%253A6307054%253BtemplateInfo%253A107879_A3_C_E%2523&freeshipping=1&fs_ab=2&fuse_fs=&lang=id&location=Kab.%20Tangerang&price=6.88E%205&priceCompare=skuId%3A16013570474%3Bsource%3Alazada-search-voucher%3Bsn%3A2cc5dbdee968abe78d2a0a88c090c687%3BoriginPrice%3A68800000%3BdisplayPrice%3A68800000%3BisGray%3Afalse%3BsinglePromotionId%3A-1%3BsingleToolCode%3AmockedSalePrice%3BvoucherPricePlugin%3A0%3Btimestamp%3A1780167465147&ratingscore=4.46643109540636&request_id=2cc5dbdee968abe78d2a0a88c090c687&review=566&sale=1063&search=1&source=search&spm=a2o4j.searchlist.list.2&stock=1","","baterai boros, jaringan lemot meskipun l sudah menggunakan wifi. beberapa aplikasi seperti tik tok tidak dapat berjalan. sehingga menyebabkan hp mati sendiri. awalnya gak bisa menggunakan wa, alasannya aplikasi tidak resmi. setelah menginstal wa di hp pancingan. Baru lah bisa buka Wa di hp ini. pikir pikir lagi kalau mau beli ya.","2026-04-11"
"1780196625-355","https://www.lazada.co.id/products/pdp-i8608700849-s16013570474.html?c=&channelLpJumpArgs=&clickTrackInfo=query%253Ahp%252Bhdc%252Bvivo%253Bnid%253A8608700849%253Bsrc%253ALazadaMainSrp%253Brn%253A2cc5dbdee968abe78d2a0a88c090c687%253Bregion%253Aid%253Bsku%253A8608700849_ID%253Bprice%253A688000%253Bclient%253Adesktop%253Bsupplier_id%253A401099536002%253Bsession_id%253A%253Bbiz_source%253Ah5_internal%253Bslot%253A2%253Butlog_bucket_id%253A470687%253Basc_category_id%253A10100333%253Bitem_id%253A8608700849%253Bsku_id%253A16013570474%253Bshop_id%253A6307054%253BtemplateInfo%253A107879_A3_C_E%2523&freeshipping=1&fs_ab=2&fuse_fs=&lang=id&location=Kab.%20Tangerang&price=6.88E%205&priceCompare=skuId%3A16013570474%3Bsource%3Alazada-search-voucher%3Bsn%3A2cc5dbdee968abe78d2a0a88c090c687%3BoriginPrice%3A68800000%3BdisplayPrice%3A68800000%3BisGray%3Afalse%3BsinglePromotionId%3A-1%3BsingleToolCode%3AmockedSalePrice%3BvoucherPricePlugin%3A0%3Btimestamp%3A1780167465147&ratingscore=4.46643109540636&request_id=2cc5dbdee968abe78d2a0a88c090c687&review=566&sale=1063&search=1&source=search&spm=a2o4j.searchlist.list.2&stock=1","","barang tidak sesuai sekali beli d sni kcwa banget parah ini toko hp cina males belanja dsni lagi klau jualan yg jujur kenapa","2026-01-17"
"1780196625-356","https://www.lazada.co.id/products/pdp-i8608700849-s16013570474.html?c=&channelLpJumpArgs=&clickTrackInfo=query%253Ahp%252Bhdc%252Bvivo%253Bnid%253A8608700849%253Bsrc%253ALazadaMainSrp%253Brn%253A2cc5dbdee968abe78d2a0a88c090c687%253Bregion%253Aid%253Bsku%253A8608700849_ID%253Bprice%253A688000%253Bclient%253Adesktop%253Bsupplier_id%253A401099536002%253Bsession_id%253A%253Bbiz_source%253Ah5_internal%253Bslot%253A2%253Butlog_bucket_id%253A470687%253Basc_category_id%253A10100333%253Bitem_id%253A8608700849%253Bsku_id%253A16013570474%253Bshop_id%253A6307054%253BtemplateInfo%253A107879_A3_C_E%2523&freeshipping=1&fs_ab=2&fuse_fs=&lang=id&location=Kab.%20Tangerang&price=6.88E%205&priceCompare=skuId%3A16013570474%3Bsource%3Alazada-search-voucher%3Bsn%3A2cc5dbdee968abe78d2a0a88c090c687%3BoriginPrice%3A68800000%3BdisplayPrice%3A68800000%3BisGray%3Afalse%3BsinglePromotionId%3A-1%3BsingleToolCode%3AmockedSalePrice%3BvoucherPricePlugin%3A0%3Btimestamp%3A1780167465147&ratingscore=4.46643109540636&request_id=2cc5dbdee968abe78d2a0a88c090c687&review=566&sale=1063&search=1&source=search&spm=a2o4j.searchlist.list.2&stock=1","","kurang bagus, belum dua hari sudah bikin kesal, tombol on/off tidak berpungsi, pengisian daya dua hari dua malam hanya terisi separoh","2026-01-17"
"1780196625-357","https://www.lazada.co.id/products/pdp-i8608700849-s16013570474.html?c=&channelLpJumpArgs=&clickTrackInfo=query%253Ahp%252Bhdc%252Bvivo%253Bnid%253A8608700849%253Bsrc%253ALazadaMainSrp%253Brn%253A2cc5dbdee968abe78d2a0a88c090c687%253Bregion%253Aid%253Bsku%253A8608700849_ID%253Bprice%253A688000%253Bclient%253Adesktop%253Bsupplier_id%253A401099536002%253Bsession_id%253A%253Bbiz_source%253Ah5_internal%253Bslot%253A2%253Butlog_bucket_id%253A470687%253Basc_category_id%253A10100333%253Bitem_id%253A8608700849%253Bsku_id%253A16013570474%253Bshop_id%253A6307054%253BtemplateInfo%253A107879_A3_C_E%2523&freeshipping=1&fs_ab=2&fuse_fs=&lang=id&location=Kab.%20Tangerang&price=6.88E%205&priceCompare=skuId%3A16013570474%3Bsource%3Alazada-search-voucher%3Bsn%3A2cc5dbdee968abe78d2a0a88c090c687%3BoriginPrice%3A68800000%3BdisplayPrice%3A68800000%3BisGray%3Afalse%3BsinglePromotionId%3A-1%3BsingleToolCode%3AmockedSalePrice%3BvoucherPricePlugin%3A0%3Btimestamp%3A1780167465147&ratingscore=4.46643109540636&request_id=2cc5dbdee968abe78d2a0a88c090c687&review=566&sale=1063&search=1&source=search&spm=a2o4j.searchlist.list.2&stock=1","","Toko  sangat tidak amanah pesan Vivo Y71 Ram 6Gb penyimpanan 128GB, yang dikirim Vivo Y66 Ram 4Gb penyimpanan 64Gb. Kapok beli lagi di toko ini, ditambah pengiriman sangat lama , benar2 tidak puas.","2025-12-21"
"1780196625-358","https://www.lazada.co.id/products/pdp-i8608700849-s16013570474.html?c=&channelLpJumpArgs=&clickTrackInfo=query%253Ahp%252Bhdc%252Bvivo%253Bnid%253A8608700849%253Bsrc%253ALazadaMainSrp%253Brn%253A2cc5dbdee968abe78d2a0a88c090c687%253Bregion%253Aid%253Bsku%253A8608700849_ID%253Bprice%253A688000%253Bclient%253Adesktop%253Bsupplier_id%253A401099536002%253Bsession_id%253A%253Bbiz_source%253Ah5_internal%253Bslot%253A2%253Butlog_bucket_id%253A470687%253Basc_category_id%253A10100333%253Bitem_id%253A8608700849%253Bsku_id%253A16013570474%253Bshop_id%253A6307054%253BtemplateInfo%253A107879_A3_C_E%2523&freeshipping=1&fs_ab=2&fuse_fs=&lang=id&location=Kab.%20Tangerang&price=6.88E%205&priceCompare=skuId%3A16013570474%3Bsource%3Alazada-search-voucher%3Bsn%3A2cc5dbdee968abe78d2a0a88c090c687%3BoriginPrice%3A68800000%3BdisplayPrice%3A68800000%3BisGray%3Afalse%3BsinglePromotionId%3A-1%3BsingleToolCode%3AmockedSalePrice%3BvoucherPricePlugin%3A0%3Btimestamp%3A1780167465147&ratingscore=4.46643109540636&request_id=2cc5dbdee968abe78d2a0a88c090c687&review=566&sale=1063&search=1&source=search&spm=a2o4j.searchlist.list.2&stock=1","","baru sehari Udah ga bisa di pasang SIM-card, terus apk playstornya ga komplit aplikasinya, kecewa","2026-01-01"
"1780196625-359","https://www.lazada.co.id/products/pdp-i8608700849-s16013570474.html?c=&channelLpJumpArgs=&clickTrackInfo=query%253Ahp%252Bhdc%252Bvivo%253Bnid%253A8608700849%253Bsrc%253ALazadaMainSrp%253Brn%253A2cc5dbdee968abe78d2a0a88c090c687%253Bregion%253Aid%253Bsku%253A8608700849_ID%253Bprice%253A688000%253Bclient%253Adesktop%253Bsupplier_id%253A401099536002%253Bsession_id%253A%253Bbiz_source%253Ah5_internal%253Bslot%253A2%253Butlog_bucket_id%253A470687%253Basc_category_id%253A10100333%253Bitem_id%253A8608700849%253Bsku_id%253A16013570474%253Bshop_id%253A6307054%253BtemplateInfo%253A107879_A3_C_E%2523&freeshipping=1&fs_ab=2&fuse_fs=&lang=id&location=Kab.%20Tangerang&price=6.88E%205&priceCompare=skuId%3A16013570474%3Bsource%3Alazada-search-voucher%3Bsn%3A2cc5dbdee968abe78d2a0a88c090c687%3BoriginPrice%3A68800000%3BdisplayPrice%3A68800000%3BisGray%3Afalse%3BsinglePromotionId%3A-1%3BsingleToolCode%3AmockedSalePrice%3BvoucherPricePlugin%3A0%3Btimestamp%3A1780167465147&ratingscore=4.46643109540636&request_id=2cc5dbdee968abe78d2a0a88c090c687&review=566&sale=1063&search=1&source=search&spm=a2o4j.searchlist.list.2&stock=1","","barang bagus, mulus tp ram ya nipu 
kata ya ram 8/6 lahh yg datang ram 4 wkwkwkkw
mlz order lagi. kecewa aja knp ga ap ad 😏yaaa,,,","2025-10-11"
"1780196625-360","https://www.lazada.co.id/products/pdp-i8608700849-s16013570474.html?c=&channelLpJumpArgs=&clickTrackInfo=query%253Ahp%252Bhdc%252Bvivo%253Bnid%253A8608700849%253Bsrc%253ALazadaMainSrp%253Brn%253A2cc5dbdee968abe78d2a0a88c090c687%253Bregion%253Aid%253Bsku%253A8608700849_ID%253Bprice%253A688000%253Bclient%253Adesktop%253Bsupplier_id%253A401099536002%253Bsession_id%253A%253Bbiz_source%253Ah5_internal%253Bslot%253A2%253Butlog_bucket_id%253A470687%253Basc_category_id%253A10100333%253Bitem_id%253A8608700849%253Bsku_id%253A16013570474%253Bshop_id%253A6307054%253BtemplateInfo%253A107879_A3_C_E%2523&freeshipping=1&fs_ab=2&fuse_fs=&lang=id&location=Kab.%20Tangerang&price=6.88E%205&priceCompare=skuId%3A16013570474%3Bsource%3Alazada-search-voucher%3Bsn%3A2cc5dbdee968abe78d2a0a88c090c687%3BoriginPrice%3A68800000%3BdisplayPrice%3A68800000%3BisGray%3Afalse%3BsinglePromotionId%3A-1%3BsingleToolCode%3AmockedSalePrice%3BvoucherPricePlugin%3A0%3Btimestamp%3A1780167465147&ratingscore=4.46643109540636&request_id=2cc5dbdee968abe78d2a0a88c090c687&review=566&sale=1063&search=1&source=search&spm=a2o4j.searchlist.list.2&stock=1","","Ram cuma 3 , kartu Telkomsel tidak bs tidak terbac dengan kata lain only Wi-Fi. Kecewa campur aduk tidak bs diharapkan","2025-10-05"
"1780196625-361","https://www.lazada.co.id/products/pdp-i8608700849-s16013570474.html?c=&channelLpJumpArgs=&clickTrackInfo=query%253Ahp%252Bhdc%252Bvivo%253Bnid%253A8608700849%253Bsrc%253ALazadaMainSrp%253Brn%253A2cc5dbdee968abe78d2a0a88c090c687%253Bregion%253Aid%253Bsku%253A8608700849_ID%253Bprice%253A688000%253Bclient%253Adesktop%253Bsupplier_id%253A401099536002%253Bsession_id%253A%253Bbiz_source%253Ah5_internal%253Bslot%253A2%253Butlog_bucket_id%253A470687%253Basc_category_id%253A10100333%253Bitem_id%253A8608700849%253Bsku_id%253A16013570474%253Bshop_id%253A6307054%253BtemplateInfo%253A107879_A3_C_E%2523&freeshipping=1&fs_ab=2&fuse_fs=&lang=id&location=Kab.%20Tangerang&price=6.88E%205&priceCompare=skuId%3A16013570474%3Bsource%3Alazada-search-voucher%3Bsn%3A2cc5dbdee968abe78d2a0a88c090c687%3BoriginPrice%3A68800000%3BdisplayPrice%3A68800000%3BisGray%3Afalse%3BsinglePromotionId%3A-1%3BsingleToolCode%3AmockedSalePrice%3BvoucherPricePlugin%3A0%3Btimestamp%3A1780167465147&ratingscore=4.46643109540636&request_id=2cc5dbdee968abe78d2a0a88c090c687&review=566&sale=1063&search=1&source=search&spm=a2o4j.searchlist.list.2&stock=1","","knapa hp nya ga sesuai malah ga bisa di pake apa apa di daptarin juga susah","2025-12-06"
"1780196625-362","https://www.lazada.co.id/products/pdp-i8608700849-s16013570474.html?c=&channelLpJumpArgs=&clickTrackInfo=query%253Ahp%252Bhdc%252Bvivo%253Bnid%253A8608700849%253Bsrc%253ALazadaMainSrp%253Brn%253A2cc5dbdee968abe78d2a0a88c090c687%253Bregion%253Aid%253Bsku%253A8608700849_ID%253Bprice%253A688000%253Bclient%253Adesktop%253Bsupplier_id%253A401099536002%253Bsession_id%253A%253Bbiz_source%253Ah5_internal%253Bslot%253A2%253Butlog_bucket_id%253A470687%253Basc_category_id%253A10100333%253Bitem_id%253A8608700849%253Bsku_id%253A16013570474%253Bshop_id%253A6307054%253BtemplateInfo%253A107879_A3_C_E%2523&freeshipping=1&fs_ab=2&fuse_fs=&lang=id&location=Kab.%20Tangerang&price=6.88E%205&priceCompare=skuId%3A16013570474%3Bsource%3Alazada-search-voucher%3Bsn%3A2cc5dbdee968abe78d2a0a88c090c687%3BoriginPrice%3A68800000%3BdisplayPrice%3A68800000%3BisGray%3Afalse%3BsinglePromotionId%3A-1%3BsingleToolCode%3AmockedSalePrice%3BvoucherPricePlugin%3A0%3Btimestamp%3A1780167465147&ratingscore=4.46643109540636&request_id=2cc5dbdee968abe78d2a0a88c090c687&review=566&sale=1063&search=1&source=search&spm=a2o4j.searchlist.list.2&stock=1","","layar tidak bisa di sentuh","1 hari lalu"
"1780196625-363","https://www.lazada.co.id/products/pdp-i8608700849-s16013570474.html?c=&channelLpJumpArgs=&clickTrackInfo=query%253Ahp%252Bhdc%252Bvivo%253Bnid%253A8608700849%253Bsrc%253ALazadaMainSrp%253Brn%253A2cc5dbdee968abe78d2a0a88c090c687%253Bregion%253Aid%253Bsku%253A8608700849_ID%253Bprice%253A688000%253Bclient%253Adesktop%253Bsupplier_id%253A401099536002%253Bsession_id%253A%253Bbiz_source%253Ah5_internal%253Bslot%253A2%253Butlog_bucket_id%253A470687%253Basc_category_id%253A10100333%253Bitem_id%253A8608700849%253Bsku_id%253A16013570474%253Bshop_id%253A6307054%253BtemplateInfo%253A107879_A3_C_E%2523&freeshipping=1&fs_ab=2&fuse_fs=&lang=id&location=Kab.%20Tangerang&price=6.88E%205&priceCompare=skuId%3A16013570474%3Bsource%3Alazada-search-voucher%3Bsn%3A2cc5dbdee968abe78d2a0a88c090c687%3BoriginPrice%3A68800000%3BdisplayPrice%3A68800000%3BisGray%3Afalse%3BsinglePromotionId%3A-1%3BsingleToolCode%3AmockedSalePrice%3BvoucherPricePlugin%3A0%3Btimestamp%3A1780167465147&ratingscore=4.46643109540636&request_id=2cc5dbdee968abe78d2a0a88c090c687&review=566&sale=1063&search=1&source=search&spm=a2o4j.searchlist.list.2&stock=1","","kurang bagus , datang bagus dua hari langsung mati","2026-01-17"
"1780196625-364","https://www.lazada.co.id/products/pdp-i8608700849-s16013570474.html?c=&channelLpJumpArgs=&clickTrackInfo=query%253Ahp%252Bhdc%252Bvivo%253Bnid%253A8608700849%253Bsrc%253ALazadaMainSrp%253Brn%253A2cc5dbdee968abe78d2a0a88c090c687%253Bregion%253Aid%253Bsku%253A8608700849_ID%253Bprice%253A688000%253Bclient%253Adesktop%253Bsupplier_id%253A401099536002%253Bsession_id%253A%253Bbiz_source%253Ah5_internal%253Bslot%253A2%253Butlog_bucket_id%253A470687%253Basc_category_id%253A10100333%253Bitem_id%253A8608700849%253Bsku_id%253A16013570474%253Bshop_id%253A6307054%253BtemplateInfo%253A107879_A3_C_E%2523&freeshipping=1&fs_ab=2&fuse_fs=&lang=id&location=Kab.%20Tangerang&price=6.88E%205&priceCompare=skuId%3A16013570474%3Bsource%3Alazada-search-voucher%3Bsn%3A2cc5dbdee968abe78d2a0a88c090c687%3BoriginPrice%3A68800000%3BdisplayPrice%3A68800000%3BisGray%3Afalse%3BsinglePromotionId%3A-1%3BsingleToolCode%3AmockedSalePrice%3BvoucherPricePlugin%3A0%3Btimestamp%3A1780167465147&ratingscore=4.46643109540636&request_id=2cc5dbdee968abe78d2a0a88c090c687&review=566&sale=1063&search=1&source=search&spm=a2o4j.searchlist.list.2&stock=1","","belum bisa digunakan tidak ada sinyal kartu SIM. cuman bisa pakai wifi","2025-10-15"
"1780196625-365","https://www.lazada.co.id/products/pdp-i8608700849-s16013570474.html?c=&channelLpJumpArgs=&clickTrackInfo=query%253Ahp%252Bhdc%252Bvivo%253Bnid%253A8608700849%253Bsrc%253ALazadaMainSrp%253Brn%253A2cc5dbdee968abe78d2a0a88c090c687%253Bregion%253Aid%253Bsku%253A8608700849_ID%253Bprice%253A688000%253Bclient%253Adesktop%253Bsupplier_id%253A401099536002%253Bsession_id%253A%253Bbiz_source%253Ah5_internal%253Bslot%253A2%253Butlog_bucket_id%253A470687%253Basc_category_id%253A10100333%253Bitem_id%253A8608700849%253Bsku_id%253A16013570474%253Bshop_id%253A6307054%253BtemplateInfo%253A107879_A3_C_E%2523&freeshipping=1&fs_ab=2&fuse_fs=&lang=id&location=Kab.%20Tangerang&price=6.88E%205&priceCompare=skuId%3A16013570474%3Bsource%3Alazada-search-voucher%3Bsn%3A2cc5dbdee968abe78d2a0a88c090c687%3BoriginPrice%3A68800000%3BdisplayPrice%3A68800000%3BisGray%3Afalse%3BsinglePromotionId%3A-1%3BsingleToolCode%3AmockedSalePrice%3BvoucherPricePlugin%3A0%3Btimestamp%3A1780167465147&ratingscore=4.46643109540636&request_id=2cc5dbdee968abe78d2a0a88c090c687&review=566&sale=1063&search=1&source=search&spm=a2o4j.searchlist.list.2&stock=1","","Kompatibilitas:","2026-03-05"
"1780196625-366","https://www.lazada.co.id/products/pdp-i8608700849-s16013570474.html?c=&channelLpJumpArgs=&clickTrackInfo=query%253Ahp%252Bhdc%252Bvivo%253Bnid%253A8608700849%253Bsrc%253ALazadaMainSrp%253Brn%253A2cc5dbdee968abe78d2a0a88c090c687%253Bregion%253Aid%253Bsku%253A8608700849_ID%253Bprice%253A688000%253Bclient%253Adesktop%253Bsupplier_id%253A401099536002%253Bsession_id%253A%253Bbiz_source%253Ah5_internal%253Bslot%253A2%253Butlog_bucket_id%253A470687%253Basc_category_id%253A10100333%253Bitem_id%253A8608700849%253Bsku_id%253A16013570474%253Bshop_id%253A6307054%253BtemplateInfo%253A107879_A3_C_E%2523&freeshipping=1&fs_ab=2&fuse_fs=&lang=id&location=Kab.%20Tangerang&price=6.88E%205&priceCompare=skuId%3A16013570474%3Bsource%3Alazada-search-voucher%3Bsn%3A2cc5dbdee968abe78d2a0a88c090c687%3BoriginPrice%3A68800000%3BdisplayPrice%3A68800000%3BisGray%3Afalse%3BsinglePromotionId%3A-1%3BsingleToolCode%3AmockedSalePrice%3BvoucherPricePlugin%3A0%3Btimestamp%3A1780167465147&ratingscore=4.46643109540636&request_id=2cc5dbdee968abe78d2a0a88c090c687&review=566&sale=1063&search=1&source=search&spm=a2o4j.searchlist.list.2&stock=1","","batre nyah boros barang aman😌","2026-02-20"
"1780196625-367","https://www.lazada.co.id/products/pdp-i8608700849-s16013570474.html?c=&channelLpJumpArgs=&clickTrackInfo=query%253Ahp%252Bhdc%252Bvivo%253Bnid%253A8608700849%253Bsrc%253ALazadaMainSrp%253Brn%253A2cc5dbdee968abe78d2a0a88c090c687%253Bregion%253Aid%253Bsku%253A8608700849_ID%253Bprice%253A688000%253Bclient%253Adesktop%253Bsupplier_id%253A401099536002%253Bsession_id%253A%253Bbiz_source%253Ah5_internal%253Bslot%253A2%253Butlog_bucket_id%253A470687%253Basc_category_id%253A10100333%253Bitem_id%253A8608700849%253Bsku_id%253A16013570474%253Bshop_id%253A6307054%253BtemplateInfo%253A107879_A3_C_E%2523&freeshipping=1&fs_ab=2&fuse_fs=&lang=id&location=Kab.%20Tangerang&price=6.88E%205&priceCompare=skuId%3A16013570474%3Bsource%3Alazada-search-voucher%3Bsn%3A2cc5dbdee968abe78d2a0a88c090c687%3BoriginPrice%3A68800000%3BdisplayPrice%3A68800000%3BisGray%3Afalse%3BsinglePromotionId%3A-1%3BsingleToolCode%3AmockedSalePrice%3BvoucherPricePlugin%3A0%3Btimestamp%3A1780167465147&ratingscore=4.46643109540636&request_id=2cc5dbdee968abe78d2a0a88c090c687&review=566&sale=1063&search=1&source=search&spm=a2o4j.searchlist.list.2&stock=1","","penipu ...tifak visa masuk kartu...barang pengolahan kembali /daur ulang","2025-09-23"
"1780196625-368","https://www.lazada.co.id/products/pdp-i8608700849-s16013570474.html?c=&channelLpJumpArgs=&clickTrackInfo=query%253Ahp%252Bhdc%252Bvivo%253Bnid%253A8608700849%253Bsrc%253ALazadaMainSrp%253Brn%253A2cc5dbdee968abe78d2a0a88c090c687%253Bregion%253Aid%253Bsku%253A8608700849_ID%253Bprice%253A688000%253Bclient%253Adesktop%253Bsupplier_id%253A401099536002%253Bsession_id%253A%253Bbiz_source%253Ah5_internal%253Bslot%253A2%253Butlog_bucket_id%253A470687%253Basc_category_id%253A10100333%253Bitem_id%253A8608700849%253Bsku_id%253A16013570474%253Bshop_id%253A6307054%253BtemplateInfo%253A107879_A3_C_E%2523&freeshipping=1&fs_ab=2&fuse_fs=&lang=id&location=Kab.%20Tangerang&price=6.88E%205&priceCompare=skuId%3A16013570474%3Bsource%3Alazada-search-voucher%3Bsn%3A2cc5dbdee968abe78d2a0a88c090c687%3BoriginPrice%3A68800000%3BdisplayPrice%3A68800000%3BisGray%3Afalse%3BsinglePromotionId%3A-1%3BsingleToolCode%3AmockedSalePrice%3BvoucherPricePlugin%3A0%3Btimestamp%3A1780167465147&ratingscore=4.46643109540636&request_id=2cc5dbdee968abe78d2a0a88c090c687&review=566&sale=1063&search=1&source=search&spm=a2o4j.searchlist.list.2&stock=1","","HP nya ga jalan konek tor yah ga jalan 
sangat kecewa","2025-11-22"
"1780196625-369","https://www.lazada.co.id/products/pdp-i8608700849-s16013570474.html?c=&channelLpJumpArgs=&clickTrackInfo=query%253Ahp%252Bhdc%252Bvivo%253Bnid%253A8608700849%253Bsrc%253ALazadaMainSrp%253Brn%253A2cc5dbdee968abe78d2a0a88c090c687%253Bregion%253Aid%253Bsku%253A8608700849_ID%253Bprice%253A688000%253Bclient%253Adesktop%253Bsupplier_id%253A401099536002%253Bsession_id%253A%253Bbiz_source%253Ah5_internal%253Bslot%253A2%253Butlog_bucket_id%253A470687%253Basc_category_id%253A10100333%253Bitem_id%253A8608700849%253Bsku_id%253A16013570474%253Bshop_id%253A6307054%253BtemplateInfo%253A107879_A3_C_E%2523&freeshipping=1&fs_ab=2&fuse_fs=&lang=id&location=Kab.%20Tangerang&price=6.88E%205&priceCompare=skuId%3A16013570474%3Bsource%3Alazada-search-voucher%3Bsn%3A2cc5dbdee968abe78d2a0a88c090c687%3BoriginPrice%3A68800000%3BdisplayPrice%3A68800000%3BisGray%3Afalse%3BsinglePromotionId%3A-1%3BsingleToolCode%3AmockedSalePrice%3BvoucherPricePlugin%3A0%3Btimestamp%3A1780167465147&ratingscore=4.46643109540636&request_id=2cc5dbdee968abe78d2a0a88c090c687&review=566&sale=1063&search=1&source=search&spm=a2o4j.searchlist.list.2&stock=1","","sudah sampai ram 4 bukan 6 sistem jadul","2025-11-10"
"1780196625-370","https://www.lazada.co.id/products/pdp-i8608700849-s16013570474.html?c=&channelLpJumpArgs=&clickTrackInfo=query%253Ahp%252Bhdc%252Bvivo%253Bnid%253A8608700849%253Bsrc%253ALazadaMainSrp%253Brn%253A2cc5dbdee968abe78d2a0a88c090c687%253Bregion%253Aid%253Bsku%253A8608700849_ID%253Bprice%253A688000%253Bclient%253Adesktop%253Bsupplier_id%253A401099536002%253Bsession_id%253A%253Bbiz_source%253Ah5_internal%253Bslot%253A2%253Butlog_bucket_id%253A470687%253Basc_category_id%253A10100333%253Bitem_id%253A8608700849%253Bsku_id%253A16013570474%253Bshop_id%253A6307054%253BtemplateInfo%253A107879_A3_C_E%2523&freeshipping=1&fs_ab=2&fuse_fs=&lang=id&location=Kab.%20Tangerang&price=6.88E%205&priceCompare=skuId%3A16013570474%3Bsource%3Alazada-search-voucher%3Bsn%3A2cc5dbdee968abe78d2a0a88c090c687%3BoriginPrice%3A68800000%3BdisplayPrice%3A68800000%3BisGray%3Afalse%3BsinglePromotionId%3A-1%3BsingleToolCode%3AmockedSalePrice%3BvoucherPricePlugin%3A0%3Btimestamp%3A1780167465147&ratingscore=4.46643109540636&request_id=2cc5dbdee968abe78d2a0a88c090c687&review=566&sale=1063&search=1&source=search&spm=a2o4j.searchlist.list.2&stock=1","","hpretak","2026-03-03"
"1780196625-371","https://www.lazada.co.id/products/pdp-i8608700849-s16013570474.html?c=&channelLpJumpArgs=&clickTrackInfo=query%253Ahp%252Bhdc%252Bvivo%253Bnid%253A8608700849%253Bsrc%253ALazadaMainSrp%253Brn%253A2cc5dbdee968abe78d2a0a88c090c687%253Bregion%253Aid%253Bsku%253A8608700849_ID%253Bprice%253A688000%253Bclient%253Adesktop%253Bsupplier_id%253A401099536002%253Bsession_id%253A%253Bbiz_source%253Ah5_internal%253Bslot%253A2%253Butlog_bucket_id%253A470687%253Basc_category_id%253A10100333%253Bitem_id%253A8608700849%253Bsku_id%253A16013570474%253Bshop_id%253A6307054%253BtemplateInfo%253A107879_A3_C_E%2523&freeshipping=1&fs_ab=2&fuse_fs=&lang=id&location=Kab.%20Tangerang&price=6.88E%205&priceCompare=skuId%3A16013570474%3Bsource%3Alazada-search-voucher%3Bsn%3A2cc5dbdee968abe78d2a0a88c090c687%3BoriginPrice%3A68800000%3BdisplayPrice%3A68800000%3BisGray%3Afalse%3BsinglePromotionId%3A-1%3BsingleToolCode%3AmockedSalePrice%3BvoucherPricePlugin%3A0%3Btimestamp%3A1780167465147&ratingscore=4.46643109540636&request_id=2cc5dbdee968abe78d2a0a88c090c687&review=566&sale=1063&search=1&source=search&spm=a2o4j.searchlist.list.2&stock=1","","barang udh nyampe.  barang nya bkn baru seken kecewa bgt","2025-09-26"
"1780196625-372","https://www.lazada.co.id/products/pdp-i8608700849-s16013570474.html?c=&channelLpJumpArgs=&clickTrackInfo=query%253Ahp%252Bhdc%252Bvivo%253Bnid%253A8608700849%253Bsrc%253ALazadaMainSrp%253Brn%253A2cc5dbdee968abe78d2a0a88c090c687%253Bregion%253Aid%253Bsku%253A8608700849_ID%253Bprice%253A688000%253Bclient%253Adesktop%253Bsupplier_id%253A401099536002%253Bsession_id%253A%253Bbiz_source%253Ah5_internal%253Bslot%253A2%253Butlog_bucket_id%253A470687%253Basc_category_id%253A10100333%253Bitem_id%253A8608700849%253Bsku_id%253A16013570474%253Bshop_id%253A6307054%253BtemplateInfo%253A107879_A3_C_E%2523&freeshipping=1&fs_ab=2&fuse_fs=&lang=id&location=Kab.%20Tangerang&price=6.88E%205&priceCompare=skuId%3A16013570474%3Bsource%3Alazada-search-voucher%3Bsn%3A2cc5dbdee968abe78d2a0a88c090c687%3BoriginPrice%3A68800000%3BdisplayPrice%3A68800000%3BisGray%3Afalse%3BsinglePromotionId%3A-1%3BsingleToolCode%3AmockedSalePrice%3BvoucherPricePlugin%3A0%3Btimestamp%3A1780167465147&ratingscore=4.46643109540636&request_id=2cc5dbdee968abe78d2a0a88c090c687&review=566&sale=1063&search=1&source=search&spm=a2o4j.searchlist.list.2&stock=1","","ram 6 yg datang ram 4","2025-12-19"
"1780196625-373","https://www.lazada.co.id/products/pdp-i8608700849-s16013570474.html?c=&channelLpJumpArgs=&clickTrackInfo=query%253Ahp%252Bhdc%252Bvivo%253Bnid%253A8608700849%253Bsrc%253ALazadaMainSrp%253Brn%253A2cc5dbdee968abe78d2a0a88c090c687%253Bregion%253Aid%253Bsku%253A8608700849_ID%253Bprice%253A688000%253Bclient%253Adesktop%253Bsupplier_id%253A401099536002%253Bsession_id%253A%253Bbiz_source%253Ah5_internal%253Bslot%253A2%253Butlog_bucket_id%253A470687%253Basc_category_id%253A10100333%253Bitem_id%253A8608700849%253Bsku_id%253A16013570474%253Bshop_id%253A6307054%253BtemplateInfo%253A107879_A3_C_E%2523&freeshipping=1&fs_ab=2&fuse_fs=&lang=id&location=Kab.%20Tangerang&price=6.88E%205&priceCompare=skuId%3A16013570474%3Bsource%3Alazada-search-voucher%3Bsn%3A2cc5dbdee968abe78d2a0a88c090c687%3BoriginPrice%3A68800000%3BdisplayPrice%3A68800000%3BisGray%3Afalse%3BsinglePromotionId%3A-1%3BsingleToolCode%3AmockedSalePrice%3BvoucherPricePlugin%3A0%3Btimestamp%3A1780167465147&ratingscore=4.46643109540636&request_id=2cc5dbdee968abe78d2a0a88c090c687&review=566&sale=1063&search=1&source=search&spm=a2o4j.searchlist.list.2&stock=1","","hp second kirain baru","2025-11-02"
"1780196625-374","https://www.lazada.co.id/products/pdp-i8608700849-s16013570474.html?c=&channelLpJumpArgs=&clickTrackInfo=query%253Ahp%252Bhdc%252Bvivo%253Bnid%253A8608700849%253Bsrc%253ALazadaMainSrp%253Brn%253A2cc5dbdee968abe78d2a0a88c090c687%253Bregion%253Aid%253Bsku%253A8608700849_ID%253Bprice%253A688000%253Bclient%253Adesktop%253Bsupplier_id%253A401099536002%253Bsession_id%253A%253Bbiz_source%253Ah5_internal%253Bslot%253A2%253Butlog_bucket_id%253A470687%253Basc_category_id%253A10100333%253Bitem_id%253A8608700849%253Bsku_id%253A16013570474%253Bshop_id%253A6307054%253BtemplateInfo%253A107879_A3_C_E%2523&freeshipping=1&fs_ab=2&fuse_fs=&lang=id&location=Kab.%20Tangerang&price=6.88E%205&priceCompare=skuId%3A16013570474%3Bsource%3Alazada-search-voucher%3Bsn%3A2cc5dbdee968abe78d2a0a88c090c687%3BoriginPrice%3A68800000%3BdisplayPrice%3A68800000%3BisGray%3Afalse%3BsinglePromotionId%3A-1%3BsingleToolCode%3AmockedSalePrice%3BvoucherPricePlugin%3A0%3Btimestamp%3A1780167465147&ratingscore=4.46643109540636&request_id=2cc5dbdee968abe78d2a0a88c090c687&review=566&sale=1063&search=1&source=search&spm=a2o4j.searchlist.list.2&stock=1","","sekarang pengiriman jelek","2025-10-26"
"1780196625-375","https://www.lazada.co.id/products/pdp-i8608700849-s16013570474.html?c=&channelLpJumpArgs=&clickTrackInfo=query%253Ahp%252Bhdc%252Bvivo%253Bnid%253A8608700849%253Bsrc%253ALazadaMainSrp%253Brn%253A2cc5dbdee968abe78d2a0a88c090c687%253Bregion%253Aid%253Bsku%253A8608700849_ID%253Bprice%253A688000%253Bclient%253Adesktop%253Bsupplier_id%253A401099536002%253Bsession_id%253A%253Bbiz_source%253Ah5_internal%253Bslot%253A2%253Butlog_bucket_id%253A470687%253Basc_category_id%253A10100333%253Bitem_id%253A8608700849%253Bsku_id%253A16013570474%253Bshop_id%253A6307054%253BtemplateInfo%253A107879_A3_C_E%2523&freeshipping=1&fs_ab=2&fuse_fs=&lang=id&location=Kab.%20Tangerang&price=6.88E%205&priceCompare=skuId%3A16013570474%3Bsource%3Alazada-search-voucher%3Bsn%3A2cc5dbdee968abe78d2a0a88c090c687%3BoriginPrice%3A68800000%3BdisplayPrice%3A68800000%3BisGray%3Afalse%3BsinglePromotionId%3A-1%3BsingleToolCode%3AmockedSalePrice%3BvoucherPricePlugin%3A0%3Btimestamp%3A1780167465147&ratingscore=4.46643109540636&request_id=2cc5dbdee968abe78d2a0a88c090c687&review=566&sale=1063&search=1&source=search&spm=a2o4j.searchlist.list.2&stock=1","","saya pesanwarna biru ko Dateng nya warna putih","2025-07-21"
"1780196625-376","https://www.lazada.co.id/products/pdp-i8608700849-s16013570474.html?c=&channelLpJumpArgs=&clickTrackInfo=query%253Ahp%252Bhdc%252Bvivo%253Bnid%253A8608700849%253Bsrc%253ALazadaMainSrp%253Brn%253A2cc5dbdee968abe78d2a0a88c090c687%253Bregion%253Aid%253Bsku%253A8608700849_ID%253Bprice%253A688000%253Bclient%253Adesktop%253Bsupplier_id%253A401099536002%253Bsession_id%253A%253Bbiz_source%253Ah5_internal%253Bslot%253A2%253Butlog_bucket_id%253A470687%253Basc_category_id%253A10100333%253Bitem_id%253A8608700849%253Bsku_id%253A16013570474%253Bshop_id%253A6307054%253BtemplateInfo%253A107879_A3_C_E%2523&freeshipping=1&fs_ab=2&fuse_fs=&lang=id&location=Kab.%20Tangerang&price=6.88E%205&priceCompare=skuId%3A16013570474%3Bsource%3Alazada-search-voucher%3Bsn%3A2cc5dbdee968abe78d2a0a88c090c687%3BoriginPrice%3A68800000%3BdisplayPrice%3A68800000%3BisGray%3Afalse%3BsinglePromotionId%3A-1%3BsingleToolCode%3AmockedSalePrice%3BvoucherPricePlugin%3A0%3Btimestamp%3A1780167465147&ratingscore=4.46643109540636&request_id=2cc5dbdee968abe78d2a0a88c090c687&review=566&sale=1063&search=1&source=search&spm=a2o4j.searchlist.list.2&stock=1","","sinyal nga ada","2025-11-20"
"1780196625-377","https://www.lazada.co.id/products/pdp-i8608700849-s16013570474.html?c=&channelLpJumpArgs=&clickTrackInfo=query%253Ahp%252Bhdc%252Bvivo%253Bnid%253A8608700849%253Bsrc%253ALazadaMainSrp%253Brn%253A2cc5dbdee968abe78d2a0a88c090c687%253Bregion%253Aid%253Bsku%253A8608700849_ID%253Bprice%253A688000%253Bclient%253Adesktop%253Bsupplier_id%253A401099536002%253Bsession_id%253A%253Bbiz_source%253Ah5_internal%253Bslot%253A2%253Butlog_bucket_id%253A470687%253Basc_category_id%253A10100333%253Bitem_id%253A8608700849%253Bsku_id%253A16013570474%253Bshop_id%253A6307054%253BtemplateInfo%253A107879_A3_C_E%2523&freeshipping=1&fs_ab=2&fuse_fs=&lang=id&location=Kab.%20Tangerang&price=6.88E%205&priceCompare=skuId%3A16013570474%3Bsource%3Alazada-search-voucher%3Bsn%3A2cc5dbdee968abe78d2a0a88c090c687%3BoriginPrice%3A68800000%3BdisplayPrice%3A68800000%3BisGray%3Afalse%3BsinglePromotionId%3A-1%3BsingleToolCode%3AmockedSalePrice%3BvoucherPricePlugin%3A0%3Btimestamp%3A1780167465147&ratingscore=4.46643109540636&request_id=2cc5dbdee968abe78d2a0a88c090c687&review=566&sale=1063&search=1&source=search&spm=a2o4j.searchlist.list.2&stock=1","","minus ga bisa wa","2025-11-06"
"1780196625-378","https://www.lazada.co.id/products/pdp-i8608700849-s16013570474.html?c=&channelLpJumpArgs=&clickTrackInfo=query%253Ahp%252Bhdc%252Bvivo%253Bnid%253A8608700849%253Bsrc%253ALazadaMainSrp%253Brn%253A2cc5dbdee968abe78d2a0a88c090c687%253Bregion%253Aid%253Bsku%253A8608700849_ID%253Bprice%253A688000%253Bclient%253Adesktop%253Bsupplier_id%253A401099536002%253Bsession_id%253A%253Bbiz_source%253Ah5_internal%253Bslot%253A2%253Butlog_bucket_id%253A470687%253Basc_category_id%253A10100333%253Bitem_id%253A8608700849%253Bsku_id%253A16013570474%253Bshop_id%253A6307054%253BtemplateInfo%253A107879_A3_C_E%2523&freeshipping=1&fs_ab=2&fuse_fs=&lang=id&location=Kab.%20Tangerang&price=6.88E%205&priceCompare=skuId%3A16013570474%3Bsource%3Alazada-search-voucher%3Bsn%3A2cc5dbdee968abe78d2a0a88c090c687%3BoriginPrice%3A68800000%3BdisplayPrice%3A68800000%3BisGray%3Afalse%3BsinglePromotionId%3A-1%3BsingleToolCode%3AmockedSalePrice%3BvoucherPricePlugin%3A0%3Btimestamp%3A1780167465147&ratingscore=4.46643109540636&request_id=2cc5dbdee968abe78d2a0a88c090c687&review=566&sale=1063&search=1&source=search&spm=a2o4j.searchlist.list.2&stock=1","","","2026-01-06"
"1780196625-379","https://www.lazada.co.id/products/pdp-i8608700849-s16013570474.html?c=&channelLpJumpArgs=&clickTrackInfo=query%253Ahp%252Bhdc%252Bvivo%253Bnid%253A8608700849%253Bsrc%253ALazadaMainSrp%253Brn%253A2cc5dbdee968abe78d2a0a88c090c687%253Bregion%253Aid%253Bsku%253A8608700849_ID%253Bprice%253A688000%253Bclient%253Adesktop%253Bsupplier_id%253A401099536002%253Bsession_id%253A%253Bbiz_source%253Ah5_internal%253Bslot%253A2%253Butlog_bucket_id%253A470687%253Basc_category_id%253A10100333%253Bitem_id%253A8608700849%253Bsku_id%253A16013570474%253Bshop_id%253A6307054%253BtemplateInfo%253A107879_A3_C_E%2523&freeshipping=1&fs_ab=2&fuse_fs=&lang=id&location=Kab.%20Tangerang&price=6.88E%205&priceCompare=skuId%3A16013570474%3Bsource%3Alazada-search-voucher%3Bsn%3A2cc5dbdee968abe78d2a0a88c090c687%3BoriginPrice%3A68800000%3BdisplayPrice%3A68800000%3BisGray%3Afalse%3BsinglePromotionId%3A-1%3BsingleToolCode%3AmockedSalePrice%3BvoucherPricePlugin%3A0%3Btimestamp%3A1780167465147&ratingscore=4.46643109540636&request_id=2cc5dbdee968abe78d2a0a88c090c687&review=566&sale=1063&search=1&source=search&spm=a2o4j.searchlist.list.2&stock=1","","","2025-10-14"
"1780196625-380","https://www.lazada.co.id/products/pdp-i8608700849-s16013570474.html?c=&channelLpJumpArgs=&clickTrackInfo=query%253Ahp%252Bhdc%252Bvivo%253Bnid%253A8608700849%253Bsrc%253ALazadaMainSrp%253Brn%253A2cc5dbdee968abe78d2a0a88c090c687%253Bregion%253Aid%253Bsku%253A8608700849_ID%253Bprice%253A688000%253Bclient%253Adesktop%253Bsupplier_id%253A401099536002%253Bsession_id%253A%253Bbiz_source%253Ah5_internal%253Bslot%253A2%253Butlog_bucket_id%253A470687%253Basc_category_id%253A10100333%253Bitem_id%253A8608700849%253Bsku_id%253A16013570474%253Bshop_id%253A6307054%253BtemplateInfo%253A107879_A3_C_E%2523&freeshipping=1&fs_ab=2&fuse_fs=&lang=id&location=Kab.%20Tangerang&price=6.88E%205&priceCompare=skuId%3A16013570474%3Bsource%3Alazada-search-voucher%3Bsn%3A2cc5dbdee968abe78d2a0a88c090c687%3BoriginPrice%3A68800000%3BdisplayPrice%3A68800000%3BisGray%3Afalse%3BsinglePromotionId%3A-1%3BsingleToolCode%3AmockedSalePrice%3BvoucherPricePlugin%3A0%3Btimestamp%3A1780167465147&ratingscore=4.46643109540636&request_id=2cc5dbdee968abe78d2a0a88c090c687&review=566&sale=1063&search=1&source=search&spm=a2o4j.searchlist.list.2&stock=1","","","2025-09-16"
"1780196625-381","https://www.lazada.co.id/products/pdp-i8608700849-s16013570474.html?c=&channelLpJumpArgs=&clickTrackInfo=query%253Ahp%252Bhdc%252Bvivo%253Bnid%253A8608700849%253Bsrc%253ALazadaMainSrp%253Brn%253A2cc5dbdee968abe78d2a0a88c090c687%253Bregion%253Aid%253Bsku%253A8608700849_ID%253Bprice%253A688000%253Bclient%253Adesktop%253Bsupplier_id%253A401099536002%253Bsession_id%253A%253Bbiz_source%253Ah5_internal%253Bslot%253A2%253Butlog_bucket_id%253A470687%253Basc_category_id%253A10100333%253Bitem_id%253A8608700849%253Bsku_id%253A16013570474%253Bshop_id%253A6307054%253BtemplateInfo%253A107879_A3_C_E%2523&freeshipping=1&fs_ab=2&fuse_fs=&lang=id&location=Kab.%20Tangerang&price=6.88E%205&priceCompare=skuId%3A16013570474%3Bsource%3Alazada-search-voucher%3Bsn%3A2cc5dbdee968abe78d2a0a88c090c687%3BoriginPrice%3A68800000%3BdisplayPrice%3A68800000%3BisGray%3Afalse%3BsinglePromotionId%3A-1%3BsingleToolCode%3AmockedSalePrice%3BvoucherPricePlugin%3A0%3Btimestamp%3A1780167465147&ratingscore=4.46643109540636&request_id=2cc5dbdee968abe78d2a0a88c090c687&review=566&sale=1063&search=1&source=search&spm=a2o4j.searchlist.list.2&stock=1","","","2026-01-04"
"1780196625-382","https://www.lazada.co.id/products/pdp-i8608700849-s16013570474.html?c=&channelLpJumpArgs=&clickTrackInfo=query%253Ahp%252Bhdc%252Bvivo%253Bnid%253A8608700849%253Bsrc%253ALazadaMainSrp%253Brn%253A2cc5dbdee968abe78d2a0a88c090c687%253Bregion%253Aid%253Bsku%253A8608700849_ID%253Bprice%253A688000%253Bclient%253Adesktop%253Bsupplier_id%253A401099536002%253Bsession_id%253A%253Bbiz_source%253Ah5_internal%253Bslot%253A2%253Butlog_bucket_id%253A470687%253Basc_category_id%253A10100333%253Bitem_id%253A8608700849%253Bsku_id%253A16013570474%253Bshop_id%253A6307054%253BtemplateInfo%253A107879_A3_C_E%2523&freeshipping=1&fs_ab=2&fuse_fs=&lang=id&location=Kab.%20Tangerang&price=6.88E%205&priceCompare=skuId%3A16013570474%3Bsource%3Alazada-search-voucher%3Bsn%3A2cc5dbdee968abe78d2a0a88c090c687%3BoriginPrice%3A68800000%3BdisplayPrice%3A68800000%3BisGray%3Afalse%3BsinglePromotionId%3A-1%3BsingleToolCode%3AmockedSalePrice%3BvoucherPricePlugin%3A0%3Btimestamp%3A1780167465147&ratingscore=4.46643109540636&request_id=2cc5dbdee968abe78d2a0a88c090c687&review=566&sale=1063&search=1&source=search&spm=a2o4j.searchlist.list.2&stock=1","","","2026-01-09"
"1780196625-383","https://www.lazada.co.id/products/pdp-i8608700849-s16013570474.html?c=&channelLpJumpArgs=&clickTrackInfo=query%253Ahp%252Bhdc%252Bvivo%253Bnid%253A8608700849%253Bsrc%253ALazadaMainSrp%253Brn%253A2cc5dbdee968abe78d2a0a88c090c687%253Bregion%253Aid%253Bsku%253A8608700849_ID%253Bprice%253A688000%253Bclient%253Adesktop%253Bsupplier_id%253A401099536002%253Bsession_id%253A%253Bbiz_source%253Ah5_internal%253Bslot%253A2%253Butlog_bucket_id%253A470687%253Basc_category_id%253A10100333%253Bitem_id%253A8608700849%253Bsku_id%253A16013570474%253Bshop_id%253A6307054%253BtemplateInfo%253A107879_A3_C_E%2523&freeshipping=1&fs_ab=2&fuse_fs=&lang=id&location=Kab.%20Tangerang&price=6.88E%205&priceCompare=skuId%3A16013570474%3Bsource%3Alazada-search-voucher%3Bsn%3A2cc5dbdee968abe78d2a0a88c090c687%3BoriginPrice%3A68800000%3BdisplayPrice%3A68800000%3BisGray%3Afalse%3BsinglePromotionId%3A-1%3BsingleToolCode%3AmockedSalePrice%3BvoucherPricePlugin%3A0%3Btimestamp%3A1780167465147&ratingscore=4.46643109540636&request_id=2cc5dbdee968abe78d2a0a88c090c687&review=566&sale=1063&search=1&source=search&spm=a2o4j.searchlist.list.2&stock=1","","","2025-09-23"
"1780196625-384","https://www.lazada.co.id/products/pdp-i8608700849-s16013570474.html?c=&channelLpJumpArgs=&clickTrackInfo=query%253Ahp%252Bhdc%252Bvivo%253Bnid%253A8608700849%253Bsrc%253ALazadaMainSrp%253Brn%253A2cc5dbdee968abe78d2a0a88c090c687%253Bregion%253Aid%253Bsku%253A8608700849_ID%253Bprice%253A688000%253Bclient%253Adesktop%253Bsupplier_id%253A401099536002%253Bsession_id%253A%253Bbiz_source%253Ah5_internal%253Bslot%253A2%253Butlog_bucket_id%253A470687%253Basc_category_id%253A10100333%253Bitem_id%253A8608700849%253Bsku_id%253A16013570474%253Bshop_id%253A6307054%253BtemplateInfo%253A107879_A3_C_E%2523&freeshipping=1&fs_ab=2&fuse_fs=&lang=id&location=Kab.%20Tangerang&price=6.88E%205&priceCompare=skuId%3A16013570474%3Bsource%3Alazada-search-voucher%3Bsn%3A2cc5dbdee968abe78d2a0a88c090c687%3BoriginPrice%3A68800000%3BdisplayPrice%3A68800000%3BisGray%3Afalse%3BsinglePromotionId%3A-1%3BsingleToolCode%3AmockedSalePrice%3BvoucherPricePlugin%3A0%3Btimestamp%3A1780167465147&ratingscore=4.46643109540636&request_id=2cc5dbdee968abe78d2a0a88c090c687&review=566&sale=1063&search=1&source=search&spm=a2o4j.searchlist.list.2&stock=1","","","2026-03-09"
"1780196625-385","https://www.lazada.co.id/products/pdp-i8608700849-s16013570474.html?c=&channelLpJumpArgs=&clickTrackInfo=query%253Ahp%252Bhdc%252Bvivo%253Bnid%253A8608700849%253Bsrc%253ALazadaMainSrp%253Brn%253A2cc5dbdee968abe78d2a0a88c090c687%253Bregion%253Aid%253Bsku%253A8608700849_ID%253Bprice%253A688000%253Bclient%253Adesktop%253Bsupplier_id%253A401099536002%253Bsession_id%253A%253Bbiz_source%253Ah5_internal%253Bslot%253A2%253Butlog_bucket_id%253A470687%253Basc_category_id%253A10100333%253Bitem_id%253A8608700849%253Bsku_id%253A16013570474%253Bshop_id%253A6307054%253BtemplateInfo%253A107879_A3_C_E%2523&freeshipping=1&fs_ab=2&fuse_fs=&lang=id&location=Kab.%20Tangerang&price=6.88E%205&priceCompare=skuId%3A16013570474%3Bsource%3Alazada-search-voucher%3Bsn%3A2cc5dbdee968abe78d2a0a88c090c687%3BoriginPrice%3A68800000%3BdisplayPrice%3A68800000%3BisGray%3Afalse%3BsinglePromotionId%3A-1%3BsingleToolCode%3AmockedSalePrice%3BvoucherPricePlugin%3A0%3Btimestamp%3A1780167465147&ratingscore=4.46643109540636&request_id=2cc5dbdee968abe78d2a0a88c090c687&review=566&sale=1063&search=1&source=search&spm=a2o4j.searchlist.list.2&stock=1","","","2025-09-21"
"1780196625-386","https://www.lazada.co.id/products/pdp-i8608700849-s16013570474.html?c=&channelLpJumpArgs=&clickTrackInfo=query%253Ahp%252Bhdc%252Bvivo%253Bnid%253A8608700849%253Bsrc%253ALazadaMainSrp%253Brn%253A2cc5dbdee968abe78d2a0a88c090c687%253Bregion%253Aid%253Bsku%253A8608700849_ID%253Bprice%253A688000%253Bclient%253Adesktop%253Bsupplier_id%253A401099536002%253Bsession_id%253A%253Bbiz_source%253Ah5_internal%253Bslot%253A2%253Butlog_bucket_id%253A470687%253Basc_category_id%253A10100333%253Bitem_id%253A8608700849%253Bsku_id%253A16013570474%253Bshop_id%253A6307054%253BtemplateInfo%253A107879_A3_C_E%2523&freeshipping=1&fs_ab=2&fuse_fs=&lang=id&location=Kab.%20Tangerang&price=6.88E%205&priceCompare=skuId%3A16013570474%3Bsource%3Alazada-search-voucher%3Bsn%3A2cc5dbdee968abe78d2a0a88c090c687%3BoriginPrice%3A68800000%3BdisplayPrice%3A68800000%3BisGray%3Afalse%3BsinglePromotionId%3A-1%3BsingleToolCode%3AmockedSalePrice%3BvoucherPricePlugin%3A0%3Btimestamp%3A1780167465147&ratingscore=4.46643109540636&request_id=2cc5dbdee968abe78d2a0a88c090c687&review=566&sale=1063&search=1&source=search&spm=a2o4j.searchlist.list.2&stock=1","","","2025-12-19"
"1780196625-387","https://www.lazada.co.id/products/pdp-i8608700849-s16013570474.html?c=&channelLpJumpArgs=&clickTrackInfo=query%253Ahp%252Bhdc%252Bvivo%253Bnid%253A8608700849%253Bsrc%253ALazadaMainSrp%253Brn%253A2cc5dbdee968abe78d2a0a88c090c687%253Bregion%253Aid%253Bsku%253A8608700849_ID%253Bprice%253A688000%253Bclient%253Adesktop%253Bsupplier_id%253A401099536002%253Bsession_id%253A%253Bbiz_source%253Ah5_internal%253Bslot%253A2%253Butlog_bucket_id%253A470687%253Basc_category_id%253A10100333%253Bitem_id%253A8608700849%253Bsku_id%253A16013570474%253Bshop_id%253A6307054%253BtemplateInfo%253A107879_A3_C_E%2523&freeshipping=1&fs_ab=2&fuse_fs=&lang=id&location=Kab.%20Tangerang&price=6.88E%205&priceCompare=skuId%3A16013570474%3Bsource%3Alazada-search-voucher%3Bsn%3A2cc5dbdee968abe78d2a0a88c090c687%3BoriginPrice%3A68800000%3BdisplayPrice%3A68800000%3BisGray%3Afalse%3BsinglePromotionId%3A-1%3BsingleToolCode%3AmockedSalePrice%3BvoucherPricePlugin%3A0%3Btimestamp%3A1780167465147&ratingscore=4.46643109540636&request_id=2cc5dbdee968abe78d2a0a88c090c687&review=566&sale=1063&search=1&source=search&spm=a2o4j.searchlist.list.2&stock=1","","","2025-09-11"
"1780196625-388","https://www.lazada.co.id/products/pdp-i8608700849-s16013570474.html?c=&channelLpJumpArgs=&clickTrackInfo=query%253Ahp%252Bhdc%252Bvivo%253Bnid%253A8608700849%253Bsrc%253ALazadaMainSrp%253Brn%253A2cc5dbdee968abe78d2a0a88c090c687%253Bregion%253Aid%253Bsku%253A8608700849_ID%253Bprice%253A688000%253Bclient%253Adesktop%253Bsupplier_id%253A401099536002%253Bsession_id%253A%253Bbiz_source%253Ah5_internal%253Bslot%253A2%253Butlog_bucket_id%253A470687%253Basc_category_id%253A10100333%253Bitem_id%253A8608700849%253Bsku_id%253A16013570474%253Bshop_id%253A6307054%253BtemplateInfo%253A107879_A3_C_E%2523&freeshipping=1&fs_ab=2&fuse_fs=&lang=id&location=Kab.%20Tangerang&price=6.88E%205&priceCompare=skuId%3A16013570474%3Bsource%3Alazada-search-voucher%3Bsn%3A2cc5dbdee968abe78d2a0a88c090c687%3BoriginPrice%3A68800000%3BdisplayPrice%3A68800000%3BisGray%3Afalse%3BsinglePromotionId%3A-1%3BsingleToolCode%3AmockedSalePrice%3BvoucherPricePlugin%3A0%3Btimestamp%3A1780167465147&ratingscore=4.46643109540636&request_id=2cc5dbdee968abe78d2a0a88c090c687&review=566&sale=1063&search=1&source=search&spm=a2o4j.searchlist.list.2&stock=1","","","2025-09-22"
"1780196625-389","https://www.lazada.co.id/products/pdp-i8608700849-s16013570474.html?c=&channelLpJumpArgs=&clickTrackInfo=query%253Ahp%252Bhdc%252Bvivo%253Bnid%253A8608700849%253Bsrc%253ALazadaMainSrp%253Brn%253A2cc5dbdee968abe78d2a0a88c090c687%253Bregion%253Aid%253Bsku%253A8608700849_ID%253Bprice%253A688000%253Bclient%253Adesktop%253Bsupplier_id%253A401099536002%253Bsession_id%253A%253Bbiz_source%253Ah5_internal%253Bslot%253A2%253Butlog_bucket_id%253A470687%253Basc_category_id%253A10100333%253Bitem_id%253A8608700849%253Bsku_id%253A16013570474%253Bshop_id%253A6307054%253BtemplateInfo%253A107879_A3_C_E%2523&freeshipping=1&fs_ab=2&fuse_fs=&lang=id&location=Kab.%20Tangerang&price=6.88E%205&priceCompare=skuId%3A16013570474%3Bsource%3Alazada-search-voucher%3Bsn%3A2cc5dbdee968abe78d2a0a88c090c687%3BoriginPrice%3A68800000%3BdisplayPrice%3A68800000%3BisGray%3Afalse%3BsinglePromotionId%3A-1%3BsingleToolCode%3AmockedSalePrice%3BvoucherPricePlugin%3A0%3Btimestamp%3A1780167465147&ratingscore=4.46643109540636&request_id=2cc5dbdee968abe78d2a0a88c090c687&review=566&sale=1063&search=1&source=search&spm=a2o4j.searchlist.list.2&stock=1","","","2025-12-18"
"1780196625-390","https://www.lazada.co.id/products/pdp-i8608700849-s16013570474.html?c=&channelLpJumpArgs=&clickTrackInfo=query%253Ahp%252Bhdc%252Bvivo%253Bnid%253A8608700849%253Bsrc%253ALazadaMainSrp%253Brn%253A2cc5dbdee968abe78d2a0a88c090c687%253Bregion%253Aid%253Bsku%253A8608700849_ID%253Bprice%253A688000%253Bclient%253Adesktop%253Bsupplier_id%253A401099536002%253Bsession_id%253A%253Bbiz_source%253Ah5_internal%253Bslot%253A2%253Butlog_bucket_id%253A470687%253Basc_category_id%253A10100333%253Bitem_id%253A8608700849%253Bsku_id%253A16013570474%253Bshop_id%253A6307054%253BtemplateInfo%253A107879_A3_C_E%2523&freeshipping=1&fs_ab=2&fuse_fs=&lang=id&location=Kab.%20Tangerang&price=6.88E%205&priceCompare=skuId%3A16013570474%3Bsource%3Alazada-search-voucher%3Bsn%3A2cc5dbdee968abe78d2a0a88c090c687%3BoriginPrice%3A68800000%3BdisplayPrice%3A68800000%3BisGray%3Afalse%3BsinglePromotionId%3A-1%3BsingleToolCode%3AmockedSalePrice%3BvoucherPricePlugin%3A0%3Btimestamp%3A1780167465147&ratingscore=4.46643109540636&request_id=2cc5dbdee968abe78d2a0a88c090c687&review=566&sale=1063&search=1&source=search&spm=a2o4j.searchlist.list.2&stock=1","","","2025-10-18"
"1780196625-391","https://www.lazada.co.id/products/pdp-i8608700849-s16013570474.html?c=&channelLpJumpArgs=&clickTrackInfo=query%253Ahp%252Bhdc%252Bvivo%253Bnid%253A8608700849%253Bsrc%253ALazadaMainSrp%253Brn%253A2cc5dbdee968abe78d2a0a88c090c687%253Bregion%253Aid%253Bsku%253A8608700849_ID%253Bprice%253A688000%253Bclient%253Adesktop%253Bsupplier_id%253A401099536002%253Bsession_id%253A%253Bbiz_source%253Ah5_internal%253Bslot%253A2%253Butlog_bucket_id%253A470687%253Basc_category_id%253A10100333%253Bitem_id%253A8608700849%253Bsku_id%253A16013570474%253Bshop_id%253A6307054%253BtemplateInfo%253A107879_A3_C_E%2523&freeshipping=1&fs_ab=2&fuse_fs=&lang=id&location=Kab.%20Tangerang&price=6.88E%205&priceCompare=skuId%3A16013570474%3Bsource%3Alazada-search-voucher%3Bsn%3A2cc5dbdee968abe78d2a0a88c090c687%3BoriginPrice%3A68800000%3BdisplayPrice%3A68800000%3BisGray%3Afalse%3BsinglePromotionId%3A-1%3BsingleToolCode%3AmockedSalePrice%3BvoucherPricePlugin%3A0%3Btimestamp%3A1780167465147&ratingscore=4.46643109540636&request_id=2cc5dbdee968abe78d2a0a88c090c687&review=566&sale=1063&search=1&source=search&spm=a2o4j.searchlist.list.2&stock=1","","","2025-11-06"
"1780196625-392","https://www.lazada.co.id/products/pdp-i8608700849-s16013570474.html?c=&channelLpJumpArgs=&clickTrackInfo=query%253Ahp%252Bhdc%252Bvivo%253Bnid%253A8608700849%253Bsrc%253ALazadaMainSrp%253Brn%253A2cc5dbdee968abe78d2a0a88c090c687%253Bregion%253Aid%253Bsku%253A8608700849_ID%253Bprice%253A688000%253Bclient%253Adesktop%253Bsupplier_id%253A401099536002%253Bsession_id%253A%253Bbiz_source%253Ah5_internal%253Bslot%253A2%253Butlog_bucket_id%253A470687%253Basc_category_id%253A10100333%253Bitem_id%253A8608700849%253Bsku_id%253A16013570474%253Bshop_id%253A6307054%253BtemplateInfo%253A107879_A3_C_E%2523&freeshipping=1&fs_ab=2&fuse_fs=&lang=id&location=Kab.%20Tangerang&price=6.88E%205&priceCompare=skuId%3A16013570474%3Bsource%3Alazada-search-voucher%3Bsn%3A2cc5dbdee968abe78d2a0a88c090c687%3BoriginPrice%3A68800000%3BdisplayPrice%3A68800000%3BisGray%3Afalse%3BsinglePromotionId%3A-1%3BsingleToolCode%3AmockedSalePrice%3BvoucherPricePlugin%3A0%3Btimestamp%3A1780167465147&ratingscore=4.46643109540636&request_id=2cc5dbdee968abe78d2a0a88c090c687&review=566&sale=1063&search=1&source=search&spm=a2o4j.searchlist.list.2&stock=1","","","2025-09-14"
"1780196625-393","https://www.lazada.co.id/products/pdp-i8608700849-s16013570474.html?c=&channelLpJumpArgs=&clickTrackInfo=query%253Ahp%252Bhdc%252Bvivo%253Bnid%253A8608700849%253Bsrc%253ALazadaMainSrp%253Brn%253A2cc5dbdee968abe78d2a0a88c090c687%253Bregion%253Aid%253Bsku%253A8608700849_ID%253Bprice%253A688000%253Bclient%253Adesktop%253Bsupplier_id%253A401099536002%253Bsession_id%253A%253Bbiz_source%253Ah5_internal%253Bslot%253A2%253Butlog_bucket_id%253A470687%253Basc_category_id%253A10100333%253Bitem_id%253A8608700849%253Bsku_id%253A16013570474%253Bshop_id%253A6307054%253BtemplateInfo%253A107879_A3_C_E%2523&freeshipping=1&fs_ab=2&fuse_fs=&lang=id&location=Kab.%20Tangerang&price=6.88E%205&priceCompare=skuId%3A16013570474%3Bsource%3Alazada-search-voucher%3Bsn%3A2cc5dbdee968abe78d2a0a88c090c687%3BoriginPrice%3A68800000%3BdisplayPrice%3A68800000%3BisGray%3Afalse%3BsinglePromotionId%3A-1%3BsingleToolCode%3AmockedSalePrice%3BvoucherPricePlugin%3A0%3Btimestamp%3A1780167465147&ratingscore=4.46643109540636&request_id=2cc5dbdee968abe78d2a0a88c090c687&review=566&sale=1063&search=1&source=search&spm=a2o4j.searchlist.list.2&stock=1","","","2025-11-14"
"1780196625-394","https://www.lazada.co.id/products/pdp-i8608700849-s16013570474.html?c=&channelLpJumpArgs=&clickTrackInfo=query%253Ahp%252Bhdc%252Bvivo%253Bnid%253A8608700849%253Bsrc%253ALazadaMainSrp%253Brn%253A2cc5dbdee968abe78d2a0a88c090c687%253Bregion%253Aid%253Bsku%253A8608700849_ID%253Bprice%253A688000%253Bclient%253Adesktop%253Bsupplier_id%253A401099536002%253Bsession_id%253A%253Bbiz_source%253Ah5_internal%253Bslot%253A2%253Butlog_bucket_id%253A470687%253Basc_category_id%253A10100333%253Bitem_id%253A8608700849%253Bsku_id%253A16013570474%253Bshop_id%253A6307054%253BtemplateInfo%253A107879_A3_C_E%2523&freeshipping=1&fs_ab=2&fuse_fs=&lang=id&location=Kab.%20Tangerang&price=6.88E%205&priceCompare=skuId%3A16013570474%3Bsource%3Alazada-search-voucher%3Bsn%3A2cc5dbdee968abe78d2a0a88c090c687%3BoriginPrice%3A68800000%3BdisplayPrice%3A68800000%3BisGray%3Afalse%3BsinglePromotionId%3A-1%3BsingleToolCode%3AmockedSalePrice%3BvoucherPricePlugin%3A0%3Btimestamp%3A1780167465147&ratingscore=4.46643109540636&request_id=2cc5dbdee968abe78d2a0a88c090c687&review=566&sale=1063&search=1&source=search&spm=a2o4j.searchlist.list.2&stock=1","","","2026-02-06"
"1780196625-395","https://www.lazada.co.id/products/pdp-i8608700849-s16013570474.html?c=&channelLpJumpArgs=&clickTrackInfo=query%253Ahp%252Bhdc%252Bvivo%253Bnid%253A8608700849%253Bsrc%253ALazadaMainSrp%253Brn%253A2cc5dbdee968abe78d2a0a88c090c687%253Bregion%253Aid%253Bsku%253A8608700849_ID%253Bprice%253A688000%253Bclient%253Adesktop%253Bsupplier_id%253A401099536002%253Bsession_id%253A%253Bbiz_source%253Ah5_internal%253Bslot%253A2%253Butlog_bucket_id%253A470687%253Basc_category_id%253A10100333%253Bitem_id%253A8608700849%253Bsku_id%253A16013570474%253Bshop_id%253A6307054%253BtemplateInfo%253A107879_A3_C_E%2523&freeshipping=1&fs_ab=2&fuse_fs=&lang=id&location=Kab.%20Tangerang&price=6.88E%205&priceCompare=skuId%3A16013570474%3Bsource%3Alazada-search-voucher%3Bsn%3A2cc5dbdee968abe78d2a0a88c090c687%3BoriginPrice%3A68800000%3BdisplayPrice%3A68800000%3BisGray%3Afalse%3BsinglePromotionId%3A-1%3BsingleToolCode%3AmockedSalePrice%3BvoucherPricePlugin%3A0%3Btimestamp%3A1780167465147&ratingscore=4.46643109540636&request_id=2cc5dbdee968abe78d2a0a88c090c687&review=566&sale=1063&search=1&source=search&spm=a2o4j.searchlist.list.2&stock=1","","","2025-12-26"
"1780196625-396","https://www.lazada.co.id/products/pdp-i8608700849-s16013570474.html?c=&channelLpJumpArgs=&clickTrackInfo=query%253Ahp%252Bhdc%252Bvivo%253Bnid%253A8608700849%253Bsrc%253ALazadaMainSrp%253Brn%253A2cc5dbdee968abe78d2a0a88c090c687%253Bregion%253Aid%253Bsku%253A8608700849_ID%253Bprice%253A688000%253Bclient%253Adesktop%253Bsupplier_id%253A401099536002%253Bsession_id%253A%253Bbiz_source%253Ah5_internal%253Bslot%253A2%253Butlog_bucket_id%253A470687%253Basc_category_id%253A10100333%253Bitem_id%253A8608700849%253Bsku_id%253A16013570474%253Bshop_id%253A6307054%253BtemplateInfo%253A107879_A3_C_E%2523&freeshipping=1&fs_ab=2&fuse_fs=&lang=id&location=Kab.%20Tangerang&price=6.88E%205&priceCompare=skuId%3A16013570474%3Bsource%3Alazada-search-voucher%3Bsn%3A2cc5dbdee968abe78d2a0a88c090c687%3BoriginPrice%3A68800000%3BdisplayPrice%3A68800000%3BisGray%3Afalse%3BsinglePromotionId%3A-1%3BsingleToolCode%3AmockedSalePrice%3BvoucherPricePlugin%3A0%3Btimestamp%3A1780167465147&ratingscore=4.46643109540636&request_id=2cc5dbdee968abe78d2a0a88c090c687&review=566&sale=1063&search=1&source=search&spm=a2o4j.searchlist.list.2&stock=1","","","2026-02-03"
"1780196625-397","https://www.lazada.co.id/products/pdp-i8608700849-s16013570474.html?c=&channelLpJumpArgs=&clickTrackInfo=query%253Ahp%252Bhdc%252Bvivo%253Bnid%253A8608700849%253Bsrc%253ALazadaMainSrp%253Brn%253A2cc5dbdee968abe78d2a0a88c090c687%253Bregion%253Aid%253Bsku%253A8608700849_ID%253Bprice%253A688000%253Bclient%253Adesktop%253Bsupplier_id%253A401099536002%253Bsession_id%253A%253Bbiz_source%253Ah5_internal%253Bslot%253A2%253Butlog_bucket_id%253A470687%253Basc_category_id%253A10100333%253Bitem_id%253A8608700849%253Bsku_id%253A16013570474%253Bshop_id%253A6307054%253BtemplateInfo%253A107879_A3_C_E%2523&freeshipping=1&fs_ab=2&fuse_fs=&lang=id&location=Kab.%20Tangerang&price=6.88E%205&priceCompare=skuId%3A16013570474%3Bsource%3Alazada-search-voucher%3Bsn%3A2cc5dbdee968abe78d2a0a88c090c687%3BoriginPrice%3A68800000%3BdisplayPrice%3A68800000%3BisGray%3Afalse%3BsinglePromotionId%3A-1%3BsingleToolCode%3AmockedSalePrice%3BvoucherPricePlugin%3A0%3Btimestamp%3A1780167465147&ratingscore=4.46643109540636&request_id=2cc5dbdee968abe78d2a0a88c090c687&review=566&sale=1063&search=1&source=search&spm=a2o4j.searchlist.list.2&stock=1","","","2025-11-06"
"1780196625-398","https://www.lazada.co.id/products/pdp-i8608700849-s16013570474.html?c=&channelLpJumpArgs=&clickTrackInfo=query%253Ahp%252Bhdc%252Bvivo%253Bnid%253A8608700849%253Bsrc%253ALazadaMainSrp%253Brn%253A2cc5dbdee968abe78d2a0a88c090c687%253Bregion%253Aid%253Bsku%253A8608700849_ID%253Bprice%253A688000%253Bclient%253Adesktop%253Bsupplier_id%253A401099536002%253Bsession_id%253A%253Bbiz_source%253Ah5_internal%253Bslot%253A2%253Butlog_bucket_id%253A470687%253Basc_category_id%253A10100333%253Bitem_id%253A8608700849%253Bsku_id%253A16013570474%253Bshop_id%253A6307054%253BtemplateInfo%253A107879_A3_C_E%2523&freeshipping=1&fs_ab=2&fuse_fs=&lang=id&location=Kab.%20Tangerang&price=6.88E%205&priceCompare=skuId%3A16013570474%3Bsource%3Alazada-search-voucher%3Bsn%3A2cc5dbdee968abe78d2a0a88c090c687%3BoriginPrice%3A68800000%3BdisplayPrice%3A68800000%3BisGray%3Afalse%3BsinglePromotionId%3A-1%3BsingleToolCode%3AmockedSalePrice%3BvoucherPricePlugin%3A0%3Btimestamp%3A1780167465147&ratingscore=4.46643109540636&request_id=2cc5dbdee968abe78d2a0a88c090c687&review=566&sale=1063&search=1&source=search&spm=a2o4j.searchlist.list.2&stock=1","","","2025-12-17"
"1780196625-399","https://www.lazada.co.id/products/pdp-i8608700849-s16013570474.html?c=&channelLpJumpArgs=&clickTrackInfo=query%253Ahp%252Bhdc%252Bvivo%253Bnid%253A8608700849%253Bsrc%253ALazadaMainSrp%253Brn%253A2cc5dbdee968abe78d2a0a88c090c687%253Bregion%253Aid%253Bsku%253A8608700849_ID%253Bprice%253A688000%253Bclient%253Adesktop%253Bsupplier_id%253A401099536002%253Bsession_id%253A%253Bbiz_source%253Ah5_internal%253Bslot%253A2%253Butlog_bucket_id%253A470687%253Basc_category_id%253A10100333%253Bitem_id%253A8608700849%253Bsku_id%253A16013570474%253Bshop_id%253A6307054%253BtemplateInfo%253A107879_A3_C_E%2523&freeshipping=1&fs_ab=2&fuse_fs=&lang=id&location=Kab.%20Tangerang&price=6.88E%205&priceCompare=skuId%3A16013570474%3Bsource%3Alazada-search-voucher%3Bsn%3A2cc5dbdee968abe78d2a0a88c090c687%3BoriginPrice%3A68800000%3BdisplayPrice%3A68800000%3BisGray%3Afalse%3BsinglePromotionId%3A-1%3BsingleToolCode%3AmockedSalePrice%3BvoucherPricePlugin%3A0%3Btimestamp%3A1780167465147&ratingscore=4.46643109540636&request_id=2cc5dbdee968abe78d2a0a88c090c687&review=566&sale=1063&search=1&source=search&spm=a2o4j.searchlist.list.2&stock=1","","","2025-09-26"
"1780196625-400","https://www.lazada.co.id/products/pdp-i8608700849-s16013570474.html?c=&channelLpJumpArgs=&clickTrackInfo=query%253Ahp%252Bhdc%252Bvivo%253Bnid%253A8608700849%253Bsrc%253ALazadaMainSrp%253Brn%253A2cc5dbdee968abe78d2a0a88c090c687%253Bregion%253Aid%253Bsku%253A8608700849_ID%253Bprice%253A688000%253Bclient%253Adesktop%253Bsupplier_id%253A401099536002%253Bsession_id%253A%253Bbiz_source%253Ah5_internal%253Bslot%253A2%253Butlog_bucket_id%253A470687%253Basc_category_id%253A10100333%253Bitem_id%253A8608700849%253Bsku_id%253A16013570474%253Bshop_id%253A6307054%253BtemplateInfo%253A107879_A3_C_E%2523&freeshipping=1&fs_ab=2&fuse_fs=&lang=id&location=Kab.%20Tangerang&price=6.88E%205&priceCompare=skuId%3A16013570474%3Bsource%3Alazada-search-voucher%3Bsn%3A2cc5dbdee968abe78d2a0a88c090c687%3BoriginPrice%3A68800000%3BdisplayPrice%3A68800000%3BisGray%3Afalse%3BsinglePromotionId%3A-1%3BsingleToolCode%3AmockedSalePrice%3BvoucherPricePlugin%3A0%3Btimestamp%3A1780167465147&ratingscore=4.46643109540636&request_id=2cc5dbdee968abe78d2a0a88c090c687&review=566&sale=1063&search=1&source=search&spm=a2o4j.searchlist.list.2&stock=1","","","2025-10-27"
"1780196625-401","https://www.lazada.co.id/products/pdp-i8608700849-s16013570474.html?c=&channelLpJumpArgs=&clickTrackInfo=query%253Ahp%252Bhdc%252Bvivo%253Bnid%253A8608700849%253Bsrc%253ALazadaMainSrp%253Brn%253A2cc5dbdee968abe78d2a0a88c090c687%253Bregion%253Aid%253Bsku%253A8608700849_ID%253Bprice%253A688000%253Bclient%253Adesktop%253Bsupplier_id%253A401099536002%253Bsession_id%253A%253Bbiz_source%253Ah5_internal%253Bslot%253A2%253Butlog_bucket_id%253A470687%253Basc_category_id%253A10100333%253Bitem_id%253A8608700849%253Bsku_id%253A16013570474%253Bshop_id%253A6307054%253BtemplateInfo%253A107879_A3_C_E%2523&freeshipping=1&fs_ab=2&fuse_fs=&lang=id&location=Kab.%20Tangerang&price=6.88E%205&priceCompare=skuId%3A16013570474%3Bsource%3Alazada-search-voucher%3Bsn%3A2cc5dbdee968abe78d2a0a88c090c687%3BoriginPrice%3A68800000%3BdisplayPrice%3A68800000%3BisGray%3Afalse%3BsinglePromotionId%3A-1%3BsingleToolCode%3AmockedSalePrice%3BvoucherPricePlugin%3A0%3Btimestamp%3A1780167465147&ratingscore=4.46643109540636&request_id=2cc5dbdee968abe78d2a0a88c090c687&review=566&sale=1063&search=1&source=search&spm=a2o4j.searchlist.list.2&stock=1","","","2025-10-18"
"1780196625-402","https://www.lazada.co.id/products/pdp-i8608700849-s16013570474.html?c=&channelLpJumpArgs=&clickTrackInfo=query%253Ahp%252Bhdc%252Bvivo%253Bnid%253A8608700849%253Bsrc%253ALazadaMainSrp%253Brn%253A2cc5dbdee968abe78d2a0a88c090c687%253Bregion%253Aid%253Bsku%253A8608700849_ID%253Bprice%253A688000%253Bclient%253Adesktop%253Bsupplier_id%253A401099536002%253Bsession_id%253A%253Bbiz_source%253Ah5_internal%253Bslot%253A2%253Butlog_bucket_id%253A470687%253Basc_category_id%253A10100333%253Bitem_id%253A8608700849%253Bsku_id%253A16013570474%253Bshop_id%253A6307054%253BtemplateInfo%253A107879_A3_C_E%2523&freeshipping=1&fs_ab=2&fuse_fs=&lang=id&location=Kab.%20Tangerang&price=6.88E%205&priceCompare=skuId%3A16013570474%3Bsource%3Alazada-search-voucher%3Bsn%3A2cc5dbdee968abe78d2a0a88c090c687%3BoriginPrice%3A68800000%3BdisplayPrice%3A68800000%3BisGray%3Afalse%3BsinglePromotionId%3A-1%3BsingleToolCode%3AmockedSalePrice%3BvoucherPricePlugin%3A0%3Btimestamp%3A1780167465147&ratingscore=4.46643109540636&request_id=2cc5dbdee968abe78d2a0a88c090c687&review=566&sale=1063&search=1&source=search&spm=a2o4j.searchlist.list.2&stock=1","","","2026-04-22"
"1780196625-403","https://www.lazada.co.id/products/pdp-i8608700849-s16013570474.html?c=&channelLpJumpArgs=&clickTrackInfo=query%253Ahp%252Bhdc%252Bvivo%253Bnid%253A8608700849%253Bsrc%253ALazadaMainSrp%253Brn%253A2cc5dbdee968abe78d2a0a88c090c687%253Bregion%253Aid%253Bsku%253A8608700849_ID%253Bprice%253A688000%253Bclient%253Adesktop%253Bsupplier_id%253A401099536002%253Bsession_id%253A%253Bbiz_source%253Ah5_internal%253Bslot%253A2%253Butlog_bucket_id%253A470687%253Basc_category_id%253A10100333%253Bitem_id%253A8608700849%253Bsku_id%253A16013570474%253Bshop_id%253A6307054%253BtemplateInfo%253A107879_A3_C_E%2523&freeshipping=1&fs_ab=2&fuse_fs=&lang=id&location=Kab.%20Tangerang&price=6.88E%205&priceCompare=skuId%3A16013570474%3Bsource%3Alazada-search-voucher%3Bsn%3A2cc5dbdee968abe78d2a0a88c090c687%3BoriginPrice%3A68800000%3BdisplayPrice%3A68800000%3BisGray%3Afalse%3BsinglePromotionId%3A-1%3BsingleToolCode%3AmockedSalePrice%3BvoucherPricePlugin%3A0%3Btimestamp%3A1780167465147&ratingscore=4.46643109540636&request_id=2cc5dbdee968abe78d2a0a88c090c687&review=566&sale=1063&search=1&source=search&spm=a2o4j.searchlist.list.2&stock=1","","","2026-01-26"
"1780196625-404","https://www.lazada.co.id/products/pdp-i8608700849-s16013570474.html?c=&channelLpJumpArgs=&clickTrackInfo=query%253Ahp%252Bhdc%252Bvivo%253Bnid%253A8608700849%253Bsrc%253ALazadaMainSrp%253Brn%253A2cc5dbdee968abe78d2a0a88c090c687%253Bregion%253Aid%253Bsku%253A8608700849_ID%253Bprice%253A688000%253Bclient%253Adesktop%253Bsupplier_id%253A401099536002%253Bsession_id%253A%253Bbiz_source%253Ah5_internal%253Bslot%253A2%253Butlog_bucket_id%253A470687%253Basc_category_id%253A10100333%253Bitem_id%253A8608700849%253Bsku_id%253A16013570474%253Bshop_id%253A6307054%253BtemplateInfo%253A107879_A3_C_E%2523&freeshipping=1&fs_ab=2&fuse_fs=&lang=id&location=Kab.%20Tangerang&price=6.88E%205&priceCompare=skuId%3A16013570474%3Bsource%3Alazada-search-voucher%3Bsn%3A2cc5dbdee968abe78d2a0a88c090c687%3BoriginPrice%3A68800000%3BdisplayPrice%3A68800000%3BisGray%3Afalse%3BsinglePromotionId%3A-1%3BsingleToolCode%3AmockedSalePrice%3BvoucherPricePlugin%3A0%3Btimestamp%3A1780167465147&ratingscore=4.46643109540636&request_id=2cc5dbdee968abe78d2a0a88c090c687&review=566&sale=1063&search=1&source=search&spm=a2o4j.searchlist.list.2&stock=1","","","2026-01-21"
"1780196625-405","https://www.lazada.co.id/products/pdp-i8608700849-s16013570474.html?c=&channelLpJumpArgs=&clickTrackInfo=query%253Ahp%252Bhdc%252Bvivo%253Bnid%253A8608700849%253Bsrc%253ALazadaMainSrp%253Brn%253A2cc5dbdee968abe78d2a0a88c090c687%253Bregion%253Aid%253Bsku%253A8608700849_ID%253Bprice%253A688000%253Bclient%253Adesktop%253Bsupplier_id%253A401099536002%253Bsession_id%253A%253Bbiz_source%253Ah5_internal%253Bslot%253A2%253Butlog_bucket_id%253A470687%253Basc_category_id%253A10100333%253Bitem_id%253A8608700849%253Bsku_id%253A16013570474%253Bshop_id%253A6307054%253BtemplateInfo%253A107879_A3_C_E%2523&freeshipping=1&fs_ab=2&fuse_fs=&lang=id&location=Kab.%20Tangerang&price=6.88E%205&priceCompare=skuId%3A16013570474%3Bsource%3Alazada-search-voucher%3Bsn%3A2cc5dbdee968abe78d2a0a88c090c687%3BoriginPrice%3A68800000%3BdisplayPrice%3A68800000%3BisGray%3Afalse%3BsinglePromotionId%3A-1%3BsingleToolCode%3AmockedSalePrice%3BvoucherPricePlugin%3A0%3Btimestamp%3A1780167465147&ratingscore=4.46643109540636&request_id=2cc5dbdee968abe78d2a0a88c090c687&review=566&sale=1063&search=1&source=search&spm=a2o4j.searchlist.list.2&stock=1","","","2026-02-12"
"1780196625-406","https://www.lazada.co.id/products/pdp-i8608700849-s16013570474.html?c=&channelLpJumpArgs=&clickTrackInfo=query%253Ahp%252Bhdc%252Bvivo%253Bnid%253A8608700849%253Bsrc%253ALazadaMainSrp%253Brn%253A2cc5dbdee968abe78d2a0a88c090c687%253Bregion%253Aid%253Bsku%253A8608700849_ID%253Bprice%253A688000%253Bclient%253Adesktop%253Bsupplier_id%253A401099536002%253Bsession_id%253A%253Bbiz_source%253Ah5_internal%253Bslot%253A2%253Butlog_bucket_id%253A470687%253Basc_category_id%253A10100333%253Bitem_id%253A8608700849%253Bsku_id%253A16013570474%253Bshop_id%253A6307054%253BtemplateInfo%253A107879_A3_C_E%2523&freeshipping=1&fs_ab=2&fuse_fs=&lang=id&location=Kab.%20Tangerang&price=6.88E%205&priceCompare=skuId%3A16013570474%3Bsource%3Alazada-search-voucher%3Bsn%3A2cc5dbdee968abe78d2a0a88c090c687%3BoriginPrice%3A68800000%3BdisplayPrice%3A68800000%3BisGray%3Afalse%3BsinglePromotionId%3A-1%3BsingleToolCode%3AmockedSalePrice%3BvoucherPricePlugin%3A0%3Btimestamp%3A1780167465147&ratingscore=4.46643109540636&request_id=2cc5dbdee968abe78d2a0a88c090c687&review=566&sale=1063&search=1&source=search&spm=a2o4j.searchlist.list.2&stock=1","","","3 minggu lalu"
"1780196625-407","https://www.lazada.co.id/products/pdp-i8608700849-s16013570474.html?c=&channelLpJumpArgs=&clickTrackInfo=query%253Ahp%252Bhdc%252Bvivo%253Bnid%253A8608700849%253Bsrc%253ALazadaMainSrp%253Brn%253A2cc5dbdee968abe78d2a0a88c090c687%253Bregion%253Aid%253Bsku%253A8608700849_ID%253Bprice%253A688000%253Bclient%253Adesktop%253Bsupplier_id%253A401099536002%253Bsession_id%253A%253Bbiz_source%253Ah5_internal%253Bslot%253A2%253Butlog_bucket_id%253A470687%253Basc_category_id%253A10100333%253Bitem_id%253A8608700849%253Bsku_id%253A16013570474%253Bshop_id%253A6307054%253BtemplateInfo%253A107879_A3_C_E%2523&freeshipping=1&fs_ab=2&fuse_fs=&lang=id&location=Kab.%20Tangerang&price=6.88E%205&priceCompare=skuId%3A16013570474%3Bsource%3Alazada-search-voucher%3Bsn%3A2cc5dbdee968abe78d2a0a88c090c687%3BoriginPrice%3A68800000%3BdisplayPrice%3A68800000%3BisGray%3Afalse%3BsinglePromotionId%3A-1%3BsingleToolCode%3AmockedSalePrice%3BvoucherPricePlugin%3A0%3Btimestamp%3A1780167465147&ratingscore=4.46643109540636&request_id=2cc5dbdee968abe78d2a0a88c090c687&review=566&sale=1063&search=1&source=search&spm=a2o4j.searchlist.list.2&stock=1","","","2025-06-17"
"1780196625-408","https://www.lazada.co.id/products/pdp-i8608700849-s16013570474.html?c=&channelLpJumpArgs=&clickTrackInfo=query%253Ahp%252Bhdc%252Bvivo%253Bnid%253A8608700849%253Bsrc%253ALazadaMainSrp%253Brn%253A2cc5dbdee968abe78d2a0a88c090c687%253Bregion%253Aid%253Bsku%253A8608700849_ID%253Bprice%253A688000%253Bclient%253Adesktop%253Bsupplier_id%253A401099536002%253Bsession_id%253A%253Bbiz_source%253Ah5_internal%253Bslot%253A2%253Butlog_bucket_id%253A470687%253Basc_category_id%253A10100333%253Bitem_id%253A8608700849%253Bsku_id%253A16013570474%253Bshop_id%253A6307054%253BtemplateInfo%253A107879_A3_C_E%2523&freeshipping=1&fs_ab=2&fuse_fs=&lang=id&location=Kab.%20Tangerang&price=6.88E%205&priceCompare=skuId%3A16013570474%3Bsource%3Alazada-search-voucher%3Bsn%3A2cc5dbdee968abe78d2a0a88c090c687%3BoriginPrice%3A68800000%3BdisplayPrice%3A68800000%3BisGray%3Afalse%3BsinglePromotionId%3A-1%3BsingleToolCode%3AmockedSalePrice%3BvoucherPricePlugin%3A0%3Btimestamp%3A1780167465147&ratingscore=4.46643109540636&request_id=2cc5dbdee968abe78d2a0a88c090c687&review=566&sale=1063&search=1&source=search&spm=a2o4j.searchlist.list.2&stock=1","","","2025-12-17"
"1780196625-409","https://www.lazada.co.id/products/pdp-i8608700849-s16013570474.html?c=&channelLpJumpArgs=&clickTrackInfo=query%253Ahp%252Bhdc%252Bvivo%253Bnid%253A8608700849%253Bsrc%253ALazadaMainSrp%253Brn%253A2cc5dbdee968abe78d2a0a88c090c687%253Bregion%253Aid%253Bsku%253A8608700849_ID%253Bprice%253A688000%253Bclient%253Adesktop%253Bsupplier_id%253A401099536002%253Bsession_id%253A%253Bbiz_source%253Ah5_internal%253Bslot%253A2%253Butlog_bucket_id%253A470687%253Basc_category_id%253A10100333%253Bitem_id%253A8608700849%253Bsku_id%253A16013570474%253Bshop_id%253A6307054%253BtemplateInfo%253A107879_A3_C_E%2523&freeshipping=1&fs_ab=2&fuse_fs=&lang=id&location=Kab.%20Tangerang&price=6.88E%205&priceCompare=skuId%3A16013570474%3Bsource%3Alazada-search-voucher%3Bsn%3A2cc5dbdee968abe78d2a0a88c090c687%3BoriginPrice%3A68800000%3BdisplayPrice%3A68800000%3BisGray%3Afalse%3BsinglePromotionId%3A-1%3BsingleToolCode%3AmockedSalePrice%3BvoucherPricePlugin%3A0%3Btimestamp%3A1780167465147&ratingscore=4.46643109540636&request_id=2cc5dbdee968abe78d2a0a88c090c687&review=566&sale=1063&search=1&source=search&spm=a2o4j.searchlist.list.2&stock=1","","","2025-06-13"
"1780196625-410","https://www.lazada.co.id/products/pdp-i8608700849-s16013570474.html?c=&channelLpJumpArgs=&clickTrackInfo=query%253Ahp%252Bhdc%252Bvivo%253Bnid%253A8608700849%253Bsrc%253ALazadaMainSrp%253Brn%253A2cc5dbdee968abe78d2a0a88c090c687%253Bregion%253Aid%253Bsku%253A8608700849_ID%253Bprice%253A688000%253Bclient%253Adesktop%253Bsupplier_id%253A401099536002%253Bsession_id%253A%253Bbiz_source%253Ah5_internal%253Bslot%253A2%253Butlog_bucket_id%253A470687%253Basc_category_id%253A10100333%253Bitem_id%253A8608700849%253Bsku_id%253A16013570474%253Bshop_id%253A6307054%253BtemplateInfo%253A107879_A3_C_E%2523&freeshipping=1&fs_ab=2&fuse_fs=&lang=id&location=Kab.%20Tangerang&price=6.88E%205&priceCompare=skuId%3A16013570474%3Bsource%3Alazada-search-voucher%3Bsn%3A2cc5dbdee968abe78d2a0a88c090c687%3BoriginPrice%3A68800000%3BdisplayPrice%3A68800000%3BisGray%3Afalse%3BsinglePromotionId%3A-1%3BsingleToolCode%3AmockedSalePrice%3BvoucherPricePlugin%3A0%3Btimestamp%3A1780167465147&ratingscore=4.46643109540636&request_id=2cc5dbdee968abe78d2a0a88c090c687&review=566&sale=1063&search=1&source=search&spm=a2o4j.searchlist.list.2&stock=1","","","2025-09-13"
"1780196625-411","https://www.lazada.co.id/products/pdp-i8608700849-s16013570474.html?c=&channelLpJumpArgs=&clickTrackInfo=query%253Ahp%252Bhdc%252Bvivo%253Bnid%253A8608700849%253Bsrc%253ALazadaMainSrp%253Brn%253A2cc5dbdee968abe78d2a0a88c090c687%253Bregion%253Aid%253Bsku%253A8608700849_ID%253Bprice%253A688000%253Bclient%253Adesktop%253Bsupplier_id%253A401099536002%253Bsession_id%253A%253Bbiz_source%253Ah5_internal%253Bslot%253A2%253Butlog_bucket_id%253A470687%253Basc_category_id%253A10100333%253Bitem_id%253A8608700849%253Bsku_id%253A16013570474%253Bshop_id%253A6307054%253BtemplateInfo%253A107879_A3_C_E%2523&freeshipping=1&fs_ab=2&fuse_fs=&lang=id&location=Kab.%20Tangerang&price=6.88E%205&priceCompare=skuId%3A16013570474%3Bsource%3Alazada-search-voucher%3Bsn%3A2cc5dbdee968abe78d2a0a88c090c687%3BoriginPrice%3A68800000%3BdisplayPrice%3A68800000%3BisGray%3Afalse%3BsinglePromotionId%3A-1%3BsingleToolCode%3AmockedSalePrice%3BvoucherPricePlugin%3A0%3Btimestamp%3A1780167465147&ratingscore=4.46643109540636&request_id=2cc5dbdee968abe78d2a0a88c090c687&review=566&sale=1063&search=1&source=search&spm=a2o4j.searchlist.list.2&stock=1","","","2025-12-05"
"1780196625-412","https://www.lazada.co.id/products/pdp-i8608700849-s16013570474.html?c=&channelLpJumpArgs=&clickTrackInfo=query%253Ahp%252Bhdc%252Bvivo%253Bnid%253A8608700849%253Bsrc%253ALazadaMainSrp%253Brn%253A2cc5dbdee968abe78d2a0a88c090c687%253Bregion%253Aid%253Bsku%253A8608700849_ID%253Bprice%253A688000%253Bclient%253Adesktop%253Bsupplier_id%253A401099536002%253Bsession_id%253A%253Bbiz_source%253Ah5_internal%253Bslot%253A2%253Butlog_bucket_id%253A470687%253Basc_category_id%253A10100333%253Bitem_id%253A8608700849%253Bsku_id%253A16013570474%253Bshop_id%253A6307054%253BtemplateInfo%253A107879_A3_C_E%2523&freeshipping=1&fs_ab=2&fuse_fs=&lang=id&location=Kab.%20Tangerang&price=6.88E%205&priceCompare=skuId%3A16013570474%3Bsource%3Alazada-search-voucher%3Bsn%3A2cc5dbdee968abe78d2a0a88c090c687%3BoriginPrice%3A68800000%3BdisplayPrice%3A68800000%3BisGray%3Afalse%3BsinglePromotionId%3A-1%3BsingleToolCode%3AmockedSalePrice%3BvoucherPricePlugin%3A0%3Btimestamp%3A1780167465147&ratingscore=4.46643109540636&request_id=2cc5dbdee968abe78d2a0a88c090c687&review=566&sale=1063&search=1&source=search&spm=a2o4j.searchlist.list.2&stock=1","","","2025-10-11"
"1780196625-413","https://www.lazada.co.id/products/pdp-i8608700849-s16013570474.html?c=&channelLpJumpArgs=&clickTrackInfo=query%253Ahp%252Bhdc%252Bvivo%253Bnid%253A8608700849%253Bsrc%253ALazadaMainSrp%253Brn%253A2cc5dbdee968abe78d2a0a88c090c687%253Bregion%253Aid%253Bsku%253A8608700849_ID%253Bprice%253A688000%253Bclient%253Adesktop%253Bsupplier_id%253A401099536002%253Bsession_id%253A%253Bbiz_source%253Ah5_internal%253Bslot%253A2%253Butlog_bucket_id%253A470687%253Basc_category_id%253A10100333%253Bitem_id%253A8608700849%253Bsku_id%253A16013570474%253Bshop_id%253A6307054%253BtemplateInfo%253A107879_A3_C_E%2523&freeshipping=1&fs_ab=2&fuse_fs=&lang=id&location=Kab.%20Tangerang&price=6.88E%205&priceCompare=skuId%3A16013570474%3Bsource%3Alazada-search-voucher%3Bsn%3A2cc5dbdee968abe78d2a0a88c090c687%3BoriginPrice%3A68800000%3BdisplayPrice%3A68800000%3BisGray%3Afalse%3BsinglePromotionId%3A-1%3BsingleToolCode%3AmockedSalePrice%3BvoucherPricePlugin%3A0%3Btimestamp%3A1780167465147&ratingscore=4.46643109540636&request_id=2cc5dbdee968abe78d2a0a88c090c687&review=566&sale=1063&search=1&source=search&spm=a2o4j.searchlist.list.2&stock=1","","","2026-01-10"
"1780196625-414","https://www.lazada.co.id/products/pdp-i8608700849-s16013570474.html?c=&channelLpJumpArgs=&clickTrackInfo=query%253Ahp%252Bhdc%252Bvivo%253Bnid%253A8608700849%253Bsrc%253ALazadaMainSrp%253Brn%253A2cc5dbdee968abe78d2a0a88c090c687%253Bregion%253Aid%253Bsku%253A8608700849_ID%253Bprice%253A688000%253Bclient%253Adesktop%253Bsupplier_id%253A401099536002%253Bsession_id%253A%253Bbiz_source%253Ah5_internal%253Bslot%253A2%253Butlog_bucket_id%253A470687%253Basc_category_id%253A10100333%253Bitem_id%253A8608700849%253Bsku_id%253A16013570474%253Bshop_id%253A6307054%253BtemplateInfo%253A107879_A3_C_E%2523&freeshipping=1&fs_ab=2&fuse_fs=&lang=id&location=Kab.%20Tangerang&price=6.88E%205&priceCompare=skuId%3A16013570474%3Bsource%3Alazada-search-voucher%3Bsn%3A2cc5dbdee968abe78d2a0a88c090c687%3BoriginPrice%3A68800000%3BdisplayPrice%3A68800000%3BisGray%3Afalse%3BsinglePromotionId%3A-1%3BsingleToolCode%3AmockedSalePrice%3BvoucherPricePlugin%3A0%3Btimestamp%3A1780167465147&ratingscore=4.46643109540636&request_id=2cc5dbdee968abe78d2a0a88c090c687&review=566&sale=1063&search=1&source=search&spm=a2o4j.searchlist.list.2&stock=1","","","2025-11-25"
"1780196625-415","https://www.lazada.co.id/products/pdp-i8608700849-s16013570474.html?c=&channelLpJumpArgs=&clickTrackInfo=query%253Ahp%252Bhdc%252Bvivo%253Bnid%253A8608700849%253Bsrc%253ALazadaMainSrp%253Brn%253A2cc5dbdee968abe78d2a0a88c090c687%253Bregion%253Aid%253Bsku%253A8608700849_ID%253Bprice%253A688000%253Bclient%253Adesktop%253Bsupplier_id%253A401099536002%253Bsession_id%253A%253Bbiz_source%253Ah5_internal%253Bslot%253A2%253Butlog_bucket_id%253A470687%253Basc_category_id%253A10100333%253Bitem_id%253A8608700849%253Bsku_id%253A16013570474%253Bshop_id%253A6307054%253BtemplateInfo%253A107879_A3_C_E%2523&freeshipping=1&fs_ab=2&fuse_fs=&lang=id&location=Kab.%20Tangerang&price=6.88E%205&priceCompare=skuId%3A16013570474%3Bsource%3Alazada-search-voucher%3Bsn%3A2cc5dbdee968abe78d2a0a88c090c687%3BoriginPrice%3A68800000%3BdisplayPrice%3A68800000%3BisGray%3Afalse%3BsinglePromotionId%3A-1%3BsingleToolCode%3AmockedSalePrice%3BvoucherPricePlugin%3A0%3Btimestamp%3A1780167465147&ratingscore=4.46643109540636&request_id=2cc5dbdee968abe78d2a0a88c090c687&review=566&sale=1063&search=1&source=search&spm=a2o4j.searchlist.list.2&stock=1","","","2025-11-20"
"1780196625-416","https://www.lazada.co.id/products/pdp-i8608700849-s16013570474.html?c=&channelLpJumpArgs=&clickTrackInfo=query%253Ahp%252Bhdc%252Bvivo%253Bnid%253A8608700849%253Bsrc%253ALazadaMainSrp%253Brn%253A2cc5dbdee968abe78d2a0a88c090c687%253Bregion%253Aid%253Bsku%253A8608700849_ID%253Bprice%253A688000%253Bclient%253Adesktop%253Bsupplier_id%253A401099536002%253Bsession_id%253A%253Bbiz_source%253Ah5_internal%253Bslot%253A2%253Butlog_bucket_id%253A470687%253Basc_category_id%253A10100333%253Bitem_id%253A8608700849%253Bsku_id%253A16013570474%253Bshop_id%253A6307054%253BtemplateInfo%253A107879_A3_C_E%2523&freeshipping=1&fs_ab=2&fuse_fs=&lang=id&location=Kab.%20Tangerang&price=6.88E%205&priceCompare=skuId%3A16013570474%3Bsource%3Alazada-search-voucher%3Bsn%3A2cc5dbdee968abe78d2a0a88c090c687%3BoriginPrice%3A68800000%3BdisplayPrice%3A68800000%3BisGray%3Afalse%3BsinglePromotionId%3A-1%3BsingleToolCode%3AmockedSalePrice%3BvoucherPricePlugin%3A0%3Btimestamp%3A1780167465147&ratingscore=4.46643109540636&request_id=2cc5dbdee968abe78d2a0a88c090c687&review=566&sale=1063&search=1&source=search&spm=a2o4j.searchlist.list.2&stock=1","","","2026-01-23"
"1780196625-417","https://www.lazada.co.id/products/pdp-i8608700849-s16013570474.html?c=&channelLpJumpArgs=&clickTrackInfo=query%253Ahp%252Bhdc%252Bvivo%253Bnid%253A8608700849%253Bsrc%253ALazadaMainSrp%253Brn%253A2cc5dbdee968abe78d2a0a88c090c687%253Bregion%253Aid%253Bsku%253A8608700849_ID%253Bprice%253A688000%253Bclient%253Adesktop%253Bsupplier_id%253A401099536002%253Bsession_id%253A%253Bbiz_source%253Ah5_internal%253Bslot%253A2%253Butlog_bucket_id%253A470687%253Basc_category_id%253A10100333%253Bitem_id%253A8608700849%253Bsku_id%253A16013570474%253Bshop_id%253A6307054%253BtemplateInfo%253A107879_A3_C_E%2523&freeshipping=1&fs_ab=2&fuse_fs=&lang=id&location=Kab.%20Tangerang&price=6.88E%205&priceCompare=skuId%3A16013570474%3Bsource%3Alazada-search-voucher%3Bsn%3A2cc5dbdee968abe78d2a0a88c090c687%3BoriginPrice%3A68800000%3BdisplayPrice%3A68800000%3BisGray%3Afalse%3BsinglePromotionId%3A-1%3BsingleToolCode%3AmockedSalePrice%3BvoucherPricePlugin%3A0%3Btimestamp%3A1780167465147&ratingscore=4.46643109540636&request_id=2cc5dbdee968abe78d2a0a88c090c687&review=566&sale=1063&search=1&source=search&spm=a2o4j.searchlist.list.2&stock=1","","","2025-12-20"
"1780196625-418","https://www.lazada.co.id/products/pdp-i8608700849-s16013570474.html?c=&channelLpJumpArgs=&clickTrackInfo=query%253Ahp%252Bhdc%252Bvivo%253Bnid%253A8608700849%253Bsrc%253ALazadaMainSrp%253Brn%253A2cc5dbdee968abe78d2a0a88c090c687%253Bregion%253Aid%253Bsku%253A8608700849_ID%253Bprice%253A688000%253Bclient%253Adesktop%253Bsupplier_id%253A401099536002%253Bsession_id%253A%253Bbiz_source%253Ah5_internal%253Bslot%253A2%253Butlog_bucket_id%253A470687%253Basc_category_id%253A10100333%253Bitem_id%253A8608700849%253Bsku_id%253A16013570474%253Bshop_id%253A6307054%253BtemplateInfo%253A107879_A3_C_E%2523&freeshipping=1&fs_ab=2&fuse_fs=&lang=id&location=Kab.%20Tangerang&price=6.88E%205&priceCompare=skuId%3A16013570474%3Bsource%3Alazada-search-voucher%3Bsn%3A2cc5dbdee968abe78d2a0a88c090c687%3BoriginPrice%3A68800000%3BdisplayPrice%3A68800000%3BisGray%3Afalse%3BsinglePromotionId%3A-1%3BsingleToolCode%3AmockedSalePrice%3BvoucherPricePlugin%3A0%3Btimestamp%3A1780167465147&ratingscore=4.46643109540636&request_id=2cc5dbdee968abe78d2a0a88c090c687&review=566&sale=1063&search=1&source=search&spm=a2o4j.searchlist.list.2&stock=1","","","2025-10-26"
"1780196625-419","https://www.lazada.co.id/products/pdp-i8608700849-s16013570474.html?c=&channelLpJumpArgs=&clickTrackInfo=query%253Ahp%252Bhdc%252Bvivo%253Bnid%253A8608700849%253Bsrc%253ALazadaMainSrp%253Brn%253A2cc5dbdee968abe78d2a0a88c090c687%253Bregion%253Aid%253Bsku%253A8608700849_ID%253Bprice%253A688000%253Bclient%253Adesktop%253Bsupplier_id%253A401099536002%253Bsession_id%253A%253Bbiz_source%253Ah5_internal%253Bslot%253A2%253Butlog_bucket_id%253A470687%253Basc_category_id%253A10100333%253Bitem_id%253A8608700849%253Bsku_id%253A16013570474%253Bshop_id%253A6307054%253BtemplateInfo%253A107879_A3_C_E%2523&freeshipping=1&fs_ab=2&fuse_fs=&lang=id&location=Kab.%20Tangerang&price=6.88E%205&priceCompare=skuId%3A16013570474%3Bsource%3Alazada-search-voucher%3Bsn%3A2cc5dbdee968abe78d2a0a88c090c687%3BoriginPrice%3A68800000%3BdisplayPrice%3A68800000%3BisGray%3Afalse%3BsinglePromotionId%3A-1%3BsingleToolCode%3AmockedSalePrice%3BvoucherPricePlugin%3A0%3Btimestamp%3A1780167465147&ratingscore=4.46643109540636&request_id=2cc5dbdee968abe78d2a0a88c090c687&review=566&sale=1063&search=1&source=search&spm=a2o4j.searchlist.list.2&stock=1","","","2025-12-04"
"1780196625-420","https://www.lazada.co.id/products/pdp-i8608700849-s16013570474.html?c=&channelLpJumpArgs=&clickTrackInfo=query%253Ahp%252Bhdc%252Bvivo%253Bnid%253A8608700849%253Bsrc%253ALazadaMainSrp%253Brn%253A2cc5dbdee968abe78d2a0a88c090c687%253Bregion%253Aid%253Bsku%253A8608700849_ID%253Bprice%253A688000%253Bclient%253Adesktop%253Bsupplier_id%253A401099536002%253Bsession_id%253A%253Bbiz_source%253Ah5_internal%253Bslot%253A2%253Butlog_bucket_id%253A470687%253Basc_category_id%253A10100333%253Bitem_id%253A8608700849%253Bsku_id%253A16013570474%253Bshop_id%253A6307054%253BtemplateInfo%253A107879_A3_C_E%2523&freeshipping=1&fs_ab=2&fuse_fs=&lang=id&location=Kab.%20Tangerang&price=6.88E%205&priceCompare=skuId%3A16013570474%3Bsource%3Alazada-search-voucher%3Bsn%3A2cc5dbdee968abe78d2a0a88c090c687%3BoriginPrice%3A68800000%3BdisplayPrice%3A68800000%3BisGray%3Afalse%3BsinglePromotionId%3A-1%3BsingleToolCode%3AmockedSalePrice%3BvoucherPricePlugin%3A0%3Btimestamp%3A1780167465147&ratingscore=4.46643109540636&request_id=2cc5dbdee968abe78d2a0a88c090c687&review=566&sale=1063&search=1&source=search&spm=a2o4j.searchlist.list.2&stock=1","","","2026-01-01"
"1780196625-421","https://www.lazada.co.id/products/pdp-i8608700849-s16013570474.html?c=&channelLpJumpArgs=&clickTrackInfo=query%253Ahp%252Bhdc%252Bvivo%253Bnid%253A8608700849%253Bsrc%253ALazadaMainSrp%253Brn%253A2cc5dbdee968abe78d2a0a88c090c687%253Bregion%253Aid%253Bsku%253A8608700849_ID%253Bprice%253A688000%253Bclient%253Adesktop%253Bsupplier_id%253A401099536002%253Bsession_id%253A%253Bbiz_source%253Ah5_internal%253Bslot%253A2%253Butlog_bucket_id%253A470687%253Basc_category_id%253A10100333%253Bitem_id%253A8608700849%253Bsku_id%253A16013570474%253Bshop_id%253A6307054%253BtemplateInfo%253A107879_A3_C_E%2523&freeshipping=1&fs_ab=2&fuse_fs=&lang=id&location=Kab.%20Tangerang&price=6.88E%205&priceCompare=skuId%3A16013570474%3Bsource%3Alazada-search-voucher%3Bsn%3A2cc5dbdee968abe78d2a0a88c090c687%3BoriginPrice%3A68800000%3BdisplayPrice%3A68800000%3BisGray%3Afalse%3BsinglePromotionId%3A-1%3BsingleToolCode%3AmockedSalePrice%3BvoucherPricePlugin%3A0%3Btimestamp%3A1780167465147&ratingscore=4.46643109540636&request_id=2cc5dbdee968abe78d2a0a88c090c687&review=566&sale=1063&search=1&source=search&spm=a2o4j.searchlist.list.2&stock=1","","","2026-04-01"
"1780196625-422","https://www.lazada.co.id/products/pdp-i8608700849-s16013570474.html?c=&channelLpJumpArgs=&clickTrackInfo=query%253Ahp%252Bhdc%252Bvivo%253Bnid%253A8608700849%253Bsrc%253ALazadaMainSrp%253Brn%253A2cc5dbdee968abe78d2a0a88c090c687%253Bregion%253Aid%253Bsku%253A8608700849_ID%253Bprice%253A688000%253Bclient%253Adesktop%253Bsupplier_id%253A401099536002%253Bsession_id%253A%253Bbiz_source%253Ah5_internal%253Bslot%253A2%253Butlog_bucket_id%253A470687%253Basc_category_id%253A10100333%253Bitem_id%253A8608700849%253Bsku_id%253A16013570474%253Bshop_id%253A6307054%253BtemplateInfo%253A107879_A3_C_E%2523&freeshipping=1&fs_ab=2&fuse_fs=&lang=id&location=Kab.%20Tangerang&price=6.88E%205&priceCompare=skuId%3A16013570474%3Bsource%3Alazada-search-voucher%3Bsn%3A2cc5dbdee968abe78d2a0a88c090c687%3BoriginPrice%3A68800000%3BdisplayPrice%3A68800000%3BisGray%3Afalse%3BsinglePromotionId%3A-1%3BsingleToolCode%3AmockedSalePrice%3BvoucherPricePlugin%3A0%3Btimestamp%3A1780167465147&ratingscore=4.46643109540636&request_id=2cc5dbdee968abe78d2a0a88c090c687&review=566&sale=1063&search=1&source=search&spm=a2o4j.searchlist.list.2&stock=1","","","2025-11-20"
"1780196625-423","https://www.lazada.co.id/products/pdp-i8608700849-s16013570474.html?c=&channelLpJumpArgs=&clickTrackInfo=query%253Ahp%252Bhdc%252Bvivo%253Bnid%253A8608700849%253Bsrc%253ALazadaMainSrp%253Brn%253A2cc5dbdee968abe78d2a0a88c090c687%253Bregion%253Aid%253Bsku%253A8608700849_ID%253Bprice%253A688000%253Bclient%253Adesktop%253Bsupplier_id%253A401099536002%253Bsession_id%253A%253Bbiz_source%253Ah5_internal%253Bslot%253A2%253Butlog_bucket_id%253A470687%253Basc_category_id%253A10100333%253Bitem_id%253A8608700849%253Bsku_id%253A16013570474%253Bshop_id%253A6307054%253BtemplateInfo%253A107879_A3_C_E%2523&freeshipping=1&fs_ab=2&fuse_fs=&lang=id&location=Kab.%20Tangerang&price=6.88E%205&priceCompare=skuId%3A16013570474%3Bsource%3Alazada-search-voucher%3Bsn%3A2cc5dbdee968abe78d2a0a88c090c687%3BoriginPrice%3A68800000%3BdisplayPrice%3A68800000%3BisGray%3Afalse%3BsinglePromotionId%3A-1%3BsingleToolCode%3AmockedSalePrice%3BvoucherPricePlugin%3A0%3Btimestamp%3A1780167465147&ratingscore=4.46643109540636&request_id=2cc5dbdee968abe78d2a0a88c090c687&review=566&sale=1063&search=1&source=search&spm=a2o4j.searchlist.list.2&stock=1","","","2026-01-09"
"1780196625-424","https://www.lazada.co.id/products/pdp-i8608700849-s16013570474.html?c=&channelLpJumpArgs=&clickTrackInfo=query%253Ahp%252Bhdc%252Bvivo%253Bnid%253A8608700849%253Bsrc%253ALazadaMainSrp%253Brn%253A2cc5dbdee968abe78d2a0a88c090c687%253Bregion%253Aid%253Bsku%253A8608700849_ID%253Bprice%253A688000%253Bclient%253Adesktop%253Bsupplier_id%253A401099536002%253Bsession_id%253A%253Bbiz_source%253Ah5_internal%253Bslot%253A2%253Butlog_bucket_id%253A470687%253Basc_category_id%253A10100333%253Bitem_id%253A8608700849%253Bsku_id%253A16013570474%253Bshop_id%253A6307054%253BtemplateInfo%253A107879_A3_C_E%2523&freeshipping=1&fs_ab=2&fuse_fs=&lang=id&location=Kab.%20Tangerang&price=6.88E%205&priceCompare=skuId%3A16013570474%3Bsource%3Alazada-search-voucher%3Bsn%3A2cc5dbdee968abe78d2a0a88c090c687%3BoriginPrice%3A68800000%3BdisplayPrice%3A68800000%3BisGray%3Afalse%3BsinglePromotionId%3A-1%3BsingleToolCode%3AmockedSalePrice%3BvoucherPricePlugin%3A0%3Btimestamp%3A1780167465147&ratingscore=4.46643109540636&request_id=2cc5dbdee968abe78d2a0a88c090c687&review=566&sale=1063&search=1&source=search&spm=a2o4j.searchlist.list.2&stock=1","","","2025-09-01"
"1780196625-425","https://www.lazada.co.id/products/pdp-i8608700849-s16013570474.html?c=&channelLpJumpArgs=&clickTrackInfo=query%253Ahp%252Bhdc%252Bvivo%253Bnid%253A8608700849%253Bsrc%253ALazadaMainSrp%253Brn%253A2cc5dbdee968abe78d2a0a88c090c687%253Bregion%253Aid%253Bsku%253A8608700849_ID%253Bprice%253A688000%253Bclient%253Adesktop%253Bsupplier_id%253A401099536002%253Bsession_id%253A%253Bbiz_source%253Ah5_internal%253Bslot%253A2%253Butlog_bucket_id%253A470687%253Basc_category_id%253A10100333%253Bitem_id%253A8608700849%253Bsku_id%253A16013570474%253Bshop_id%253A6307054%253BtemplateInfo%253A107879_A3_C_E%2523&freeshipping=1&fs_ab=2&fuse_fs=&lang=id&location=Kab.%20Tangerang&price=6.88E%205&priceCompare=skuId%3A16013570474%3Bsource%3Alazada-search-voucher%3Bsn%3A2cc5dbdee968abe78d2a0a88c090c687%3BoriginPrice%3A68800000%3BdisplayPrice%3A68800000%3BisGray%3Afalse%3BsinglePromotionId%3A-1%3BsingleToolCode%3AmockedSalePrice%3BvoucherPricePlugin%3A0%3Btimestamp%3A1780167465147&ratingscore=4.46643109540636&request_id=2cc5dbdee968abe78d2a0a88c090c687&review=566&sale=1063&search=1&source=search&spm=a2o4j.searchlist.list.2&stock=1","","","2026-01-10"
"1780196625-426","https://www.lazada.co.id/products/pdp-i8608700849-s16013570474.html?c=&channelLpJumpArgs=&clickTrackInfo=query%253Ahp%252Bhdc%252Bvivo%253Bnid%253A8608700849%253Bsrc%253ALazadaMainSrp%253Brn%253A2cc5dbdee968abe78d2a0a88c090c687%253Bregion%253Aid%253Bsku%253A8608700849_ID%253Bprice%253A688000%253Bclient%253Adesktop%253Bsupplier_id%253A401099536002%253Bsession_id%253A%253Bbiz_source%253Ah5_internal%253Bslot%253A2%253Butlog_bucket_id%253A470687%253Basc_category_id%253A10100333%253Bitem_id%253A8608700849%253Bsku_id%253A16013570474%253Bshop_id%253A6307054%253BtemplateInfo%253A107879_A3_C_E%2523&freeshipping=1&fs_ab=2&fuse_fs=&lang=id&location=Kab.%20Tangerang&price=6.88E%205&priceCompare=skuId%3A16013570474%3Bsource%3Alazada-search-voucher%3Bsn%3A2cc5dbdee968abe78d2a0a88c090c687%3BoriginPrice%3A68800000%3BdisplayPrice%3A68800000%3BisGray%3Afalse%3BsinglePromotionId%3A-1%3BsingleToolCode%3AmockedSalePrice%3BvoucherPricePlugin%3A0%3Btimestamp%3A1780167465147&ratingscore=4.46643109540636&request_id=2cc5dbdee968abe78d2a0a88c090c687&review=566&sale=1063&search=1&source=search&spm=a2o4j.searchlist.list.2&stock=1","","","2025-10-19"
"1780196625-427","https://www.lazada.co.id/products/pdp-i8608700849-s16013570474.html?c=&channelLpJumpArgs=&clickTrackInfo=query%253Ahp%252Bhdc%252Bvivo%253Bnid%253A8608700849%253Bsrc%253ALazadaMainSrp%253Brn%253A2cc5dbdee968abe78d2a0a88c090c687%253Bregion%253Aid%253Bsku%253A8608700849_ID%253Bprice%253A688000%253Bclient%253Adesktop%253Bsupplier_id%253A401099536002%253Bsession_id%253A%253Bbiz_source%253Ah5_internal%253Bslot%253A2%253Butlog_bucket_id%253A470687%253Basc_category_id%253A10100333%253Bitem_id%253A8608700849%253Bsku_id%253A16013570474%253Bshop_id%253A6307054%253BtemplateInfo%253A107879_A3_C_E%2523&freeshipping=1&fs_ab=2&fuse_fs=&lang=id&location=Kab.%20Tangerang&price=6.88E%205&priceCompare=skuId%3A16013570474%3Bsource%3Alazada-search-voucher%3Bsn%3A2cc5dbdee968abe78d2a0a88c090c687%3BoriginPrice%3A68800000%3BdisplayPrice%3A68800000%3BisGray%3Afalse%3BsinglePromotionId%3A-1%3BsingleToolCode%3AmockedSalePrice%3BvoucherPricePlugin%3A0%3Btimestamp%3A1780167465147&ratingscore=4.46643109540636&request_id=2cc5dbdee968abe78d2a0a88c090c687&review=566&sale=1063&search=1&source=search&spm=a2o4j.searchlist.list.2&stock=1","","","2025-12-17"
"1780196625-428","https://www.lazada.co.id/products/pdp-i8608700849-s16013570474.html?c=&channelLpJumpArgs=&clickTrackInfo=query%253Ahp%252Bhdc%252Bvivo%253Bnid%253A8608700849%253Bsrc%253ALazadaMainSrp%253Brn%253A2cc5dbdee968abe78d2a0a88c090c687%253Bregion%253Aid%253Bsku%253A8608700849_ID%253Bprice%253A688000%253Bclient%253Adesktop%253Bsupplier_id%253A401099536002%253Bsession_id%253A%253Bbiz_source%253Ah5_internal%253Bslot%253A2%253Butlog_bucket_id%253A470687%253Basc_category_id%253A10100333%253Bitem_id%253A8608700849%253Bsku_id%253A16013570474%253Bshop_id%253A6307054%253BtemplateInfo%253A107879_A3_C_E%2523&freeshipping=1&fs_ab=2&fuse_fs=&lang=id&location=Kab.%20Tangerang&price=6.88E%205&priceCompare=skuId%3A16013570474%3Bsource%3Alazada-search-voucher%3Bsn%3A2cc5dbdee968abe78d2a0a88c090c687%3BoriginPrice%3A68800000%3BdisplayPrice%3A68800000%3BisGray%3Afalse%3BsinglePromotionId%3A-1%3BsingleToolCode%3AmockedSalePrice%3BvoucherPricePlugin%3A0%3Btimestamp%3A1780167465147&ratingscore=4.46643109540636&request_id=2cc5dbdee968abe78d2a0a88c090c687&review=566&sale=1063&search=1&source=search&spm=a2o4j.searchlist.list.2&stock=1","","","2025-11-17"
"1780196625-429","https://www.lazada.co.id/products/pdp-i8608700849-s16013570474.html?c=&channelLpJumpArgs=&clickTrackInfo=query%253Ahp%252Bhdc%252Bvivo%253Bnid%253A8608700849%253Bsrc%253ALazadaMainSrp%253Brn%253A2cc5dbdee968abe78d2a0a88c090c687%253Bregion%253Aid%253Bsku%253A8608700849_ID%253Bprice%253A688000%253Bclient%253Adesktop%253Bsupplier_id%253A401099536002%253Bsession_id%253A%253Bbiz_source%253Ah5_internal%253Bslot%253A2%253Butlog_bucket_id%253A470687%253Basc_category_id%253A10100333%253Bitem_id%253A8608700849%253Bsku_id%253A16013570474%253Bshop_id%253A6307054%253BtemplateInfo%253A107879_A3_C_E%2523&freeshipping=1&fs_ab=2&fuse_fs=&lang=id&location=Kab.%20Tangerang&price=6.88E%205&priceCompare=skuId%3A16013570474%3Bsource%3Alazada-search-voucher%3Bsn%3A2cc5dbdee968abe78d2a0a88c090c687%3BoriginPrice%3A68800000%3BdisplayPrice%3A68800000%3BisGray%3Afalse%3BsinglePromotionId%3A-1%3BsingleToolCode%3AmockedSalePrice%3BvoucherPricePlugin%3A0%3Btimestamp%3A1780167465147&ratingscore=4.46643109540636&request_id=2cc5dbdee968abe78d2a0a88c090c687&review=566&sale=1063&search=1&source=search&spm=a2o4j.searchlist.list.2&stock=1","","","2025-10-07"
"1780196625-430","https://www.lazada.co.id/products/pdp-i8608700849-s16013570474.html?c=&channelLpJumpArgs=&clickTrackInfo=query%253Ahp%252Bhdc%252Bvivo%253Bnid%253A8608700849%253Bsrc%253ALazadaMainSrp%253Brn%253A2cc5dbdee968abe78d2a0a88c090c687%253Bregion%253Aid%253Bsku%253A8608700849_ID%253Bprice%253A688000%253Bclient%253Adesktop%253Bsupplier_id%253A401099536002%253Bsession_id%253A%253Bbiz_source%253Ah5_internal%253Bslot%253A2%253Butlog_bucket_id%253A470687%253Basc_category_id%253A10100333%253Bitem_id%253A8608700849%253Bsku_id%253A16013570474%253Bshop_id%253A6307054%253BtemplateInfo%253A107879_A3_C_E%2523&freeshipping=1&fs_ab=2&fuse_fs=&lang=id&location=Kab.%20Tangerang&price=6.88E%205&priceCompare=skuId%3A16013570474%3Bsource%3Alazada-search-voucher%3Bsn%3A2cc5dbdee968abe78d2a0a88c090c687%3BoriginPrice%3A68800000%3BdisplayPrice%3A68800000%3BisGray%3Afalse%3BsinglePromotionId%3A-1%3BsingleToolCode%3AmockedSalePrice%3BvoucherPricePlugin%3A0%3Btimestamp%3A1780167465147&ratingscore=4.46643109540636&request_id=2cc5dbdee968abe78d2a0a88c090c687&review=566&sale=1063&search=1&source=search&spm=a2o4j.searchlist.list.2&stock=1","","","2025-10-20"
"1780196625-431","https://www.lazada.co.id/products/pdp-i8608700849-s16013570474.html?c=&channelLpJumpArgs=&clickTrackInfo=query%253Ahp%252Bhdc%252Bvivo%253Bnid%253A8608700849%253Bsrc%253ALazadaMainSrp%253Brn%253A2cc5dbdee968abe78d2a0a88c090c687%253Bregion%253Aid%253Bsku%253A8608700849_ID%253Bprice%253A688000%253Bclient%253Adesktop%253Bsupplier_id%253A401099536002%253Bsession_id%253A%253Bbiz_source%253Ah5_internal%253Bslot%253A2%253Butlog_bucket_id%253A470687%253Basc_category_id%253A10100333%253Bitem_id%253A8608700849%253Bsku_id%253A16013570474%253Bshop_id%253A6307054%253BtemplateInfo%253A107879_A3_C_E%2523&freeshipping=1&fs_ab=2&fuse_fs=&lang=id&location=Kab.%20Tangerang&price=6.88E%205&priceCompare=skuId%3A16013570474%3Bsource%3Alazada-search-voucher%3Bsn%3A2cc5dbdee968abe78d2a0a88c090c687%3BoriginPrice%3A68800000%3BdisplayPrice%3A68800000%3BisGray%3Afalse%3BsinglePromotionId%3A-1%3BsingleToolCode%3AmockedSalePrice%3BvoucherPricePlugin%3A0%3Btimestamp%3A1780167465147&ratingscore=4.46643109540636&request_id=2cc5dbdee968abe78d2a0a88c090c687&review=566&sale=1063&search=1&source=search&spm=a2o4j.searchlist.list.2&stock=1","","","2025-12-13"
"1780196625-432","https://www.lazada.co.id/products/pdp-i8608700849-s16013570474.html?c=&channelLpJumpArgs=&clickTrackInfo=query%253Ahp%252Bhdc%252Bvivo%253Bnid%253A8608700849%253Bsrc%253ALazadaMainSrp%253Brn%253A2cc5dbdee968abe78d2a0a88c090c687%253Bregion%253Aid%253Bsku%253A8608700849_ID%253Bprice%253A688000%253Bclient%253Adesktop%253Bsupplier_id%253A401099536002%253Bsession_id%253A%253Bbiz_source%253Ah5_internal%253Bslot%253A2%253Butlog_bucket_id%253A470687%253Basc_category_id%253A10100333%253Bitem_id%253A8608700849%253Bsku_id%253A16013570474%253Bshop_id%253A6307054%253BtemplateInfo%253A107879_A3_C_E%2523&freeshipping=1&fs_ab=2&fuse_fs=&lang=id&location=Kab.%20Tangerang&price=6.88E%205&priceCompare=skuId%3A16013570474%3Bsource%3Alazada-search-voucher%3Bsn%3A2cc5dbdee968abe78d2a0a88c090c687%3BoriginPrice%3A68800000%3BdisplayPrice%3A68800000%3BisGray%3Afalse%3BsinglePromotionId%3A-1%3BsingleToolCode%3AmockedSalePrice%3BvoucherPricePlugin%3A0%3Btimestamp%3A1780167465147&ratingscore=4.46643109540636&request_id=2cc5dbdee968abe78d2a0a88c090c687&review=566&sale=1063&search=1&source=search&spm=a2o4j.searchlist.list.2&stock=1","","","2025-11-26"
"1780196625-433","https://www.lazada.co.id/products/pdp-i8608700849-s16013570474.html?c=&channelLpJumpArgs=&clickTrackInfo=query%253Ahp%252Bhdc%252Bvivo%253Bnid%253A8608700849%253Bsrc%253ALazadaMainSrp%253Brn%253A2cc5dbdee968abe78d2a0a88c090c687%253Bregion%253Aid%253Bsku%253A8608700849_ID%253Bprice%253A688000%253Bclient%253Adesktop%253Bsupplier_id%253A401099536002%253Bsession_id%253A%253Bbiz_source%253Ah5_internal%253Bslot%253A2%253Butlog_bucket_id%253A470687%253Basc_category_id%253A10100333%253Bitem_id%253A8608700849%253Bsku_id%253A16013570474%253Bshop_id%253A6307054%253BtemplateInfo%253A107879_A3_C_E%2523&freeshipping=1&fs_ab=2&fuse_fs=&lang=id&location=Kab.%20Tangerang&price=6.88E%205&priceCompare=skuId%3A16013570474%3Bsource%3Alazada-search-voucher%3Bsn%3A2cc5dbdee968abe78d2a0a88c090c687%3BoriginPrice%3A68800000%3BdisplayPrice%3A68800000%3BisGray%3Afalse%3BsinglePromotionId%3A-1%3BsingleToolCode%3AmockedSalePrice%3BvoucherPricePlugin%3A0%3Btimestamp%3A1780167465147&ratingscore=4.46643109540636&request_id=2cc5dbdee968abe78d2a0a88c090c687&review=566&sale=1063&search=1&source=search&spm=a2o4j.searchlist.list.2&stock=1","","","2025-09-04"
"1780196625-434","https://www.lazada.co.id/products/pdp-i8608700849-s16013570474.html?c=&channelLpJumpArgs=&clickTrackInfo=query%253Ahp%252Bhdc%252Bvivo%253Bnid%253A8608700849%253Bsrc%253ALazadaMainSrp%253Brn%253A2cc5dbdee968abe78d2a0a88c090c687%253Bregion%253Aid%253Bsku%253A8608700849_ID%253Bprice%253A688000%253Bclient%253Adesktop%253Bsupplier_id%253A401099536002%253Bsession_id%253A%253Bbiz_source%253Ah5_internal%253Bslot%253A2%253Butlog_bucket_id%253A470687%253Basc_category_id%253A10100333%253Bitem_id%253A8608700849%253Bsku_id%253A16013570474%253Bshop_id%253A6307054%253BtemplateInfo%253A107879_A3_C_E%2523&freeshipping=1&fs_ab=2&fuse_fs=&lang=id&location=Kab.%20Tangerang&price=6.88E%205&priceCompare=skuId%3A16013570474%3Bsource%3Alazada-search-voucher%3Bsn%3A2cc5dbdee968abe78d2a0a88c090c687%3BoriginPrice%3A68800000%3BdisplayPrice%3A68800000%3BisGray%3Afalse%3BsinglePromotionId%3A-1%3BsingleToolCode%3AmockedSalePrice%3BvoucherPricePlugin%3A0%3Btimestamp%3A1780167465147&ratingscore=4.46643109540636&request_id=2cc5dbdee968abe78d2a0a88c090c687&review=566&sale=1063&search=1&source=search&spm=a2o4j.searchlist.list.2&stock=1","","","2026-01-20"
"1780196625-435","https://www.lazada.co.id/products/pdp-i8608700849-s16013570474.html?c=&channelLpJumpArgs=&clickTrackInfo=query%253Ahp%252Bhdc%252Bvivo%253Bnid%253A8608700849%253Bsrc%253ALazadaMainSrp%253Brn%253A2cc5dbdee968abe78d2a0a88c090c687%253Bregion%253Aid%253Bsku%253A8608700849_ID%253Bprice%253A688000%253Bclient%253Adesktop%253Bsupplier_id%253A401099536002%253Bsession_id%253A%253Bbiz_source%253Ah5_internal%253Bslot%253A2%253Butlog_bucket_id%253A470687%253Basc_category_id%253A10100333%253Bitem_id%253A8608700849%253Bsku_id%253A16013570474%253Bshop_id%253A6307054%253BtemplateInfo%253A107879_A3_C_E%2523&freeshipping=1&fs_ab=2&fuse_fs=&lang=id&location=Kab.%20Tangerang&price=6.88E%205&priceCompare=skuId%3A16013570474%3Bsource%3Alazada-search-voucher%3Bsn%3A2cc5dbdee968abe78d2a0a88c090c687%3BoriginPrice%3A68800000%3BdisplayPrice%3A68800000%3BisGray%3Afalse%3BsinglePromotionId%3A-1%3BsingleToolCode%3AmockedSalePrice%3BvoucherPricePlugin%3A0%3Btimestamp%3A1780167465147&ratingscore=4.46643109540636&request_id=2cc5dbdee968abe78d2a0a88c090c687&review=566&sale=1063&search=1&source=search&spm=a2o4j.searchlist.list.2&stock=1","","","2 minggu lalu"
"1780196625-436","https://www.lazada.co.id/products/pdp-i8608700849-s16013570474.html?c=&channelLpJumpArgs=&clickTrackInfo=query%253Ahp%252Bhdc%252Bvivo%253Bnid%253A8608700849%253Bsrc%253ALazadaMainSrp%253Brn%253A2cc5dbdee968abe78d2a0a88c090c687%253Bregion%253Aid%253Bsku%253A8608700849_ID%253Bprice%253A688000%253Bclient%253Adesktop%253Bsupplier_id%253A401099536002%253Bsession_id%253A%253Bbiz_source%253Ah5_internal%253Bslot%253A2%253Butlog_bucket_id%253A470687%253Basc_category_id%253A10100333%253Bitem_id%253A8608700849%253Bsku_id%253A16013570474%253Bshop_id%253A6307054%253BtemplateInfo%253A107879_A3_C_E%2523&freeshipping=1&fs_ab=2&fuse_fs=&lang=id&location=Kab.%20Tangerang&price=6.88E%205&priceCompare=skuId%3A16013570474%3Bsource%3Alazada-search-voucher%3Bsn%3A2cc5dbdee968abe78d2a0a88c090c687%3BoriginPrice%3A68800000%3BdisplayPrice%3A68800000%3BisGray%3Afalse%3BsinglePromotionId%3A-1%3BsingleToolCode%3AmockedSalePrice%3BvoucherPricePlugin%3A0%3Btimestamp%3A1780167465147&ratingscore=4.46643109540636&request_id=2cc5dbdee968abe78d2a0a88c090c687&review=566&sale=1063&search=1&source=search&spm=a2o4j.searchlist.list.2&stock=1","","","2025-11-03"
"1780196625-437","https://www.lazada.co.id/products/pdp-i8608700849-s16013570474.html?c=&channelLpJumpArgs=&clickTrackInfo=query%253Ahp%252Bhdc%252Bvivo%253Bnid%253A8608700849%253Bsrc%253ALazadaMainSrp%253Brn%253A2cc5dbdee968abe78d2a0a88c090c687%253Bregion%253Aid%253Bsku%253A8608700849_ID%253Bprice%253A688000%253Bclient%253Adesktop%253Bsupplier_id%253A401099536002%253Bsession_id%253A%253Bbiz_source%253Ah5_internal%253Bslot%253A2%253Butlog_bucket_id%253A470687%253Basc_category_id%253A10100333%253Bitem_id%253A8608700849%253Bsku_id%253A16013570474%253Bshop_id%253A6307054%253BtemplateInfo%253A107879_A3_C_E%2523&freeshipping=1&fs_ab=2&fuse_fs=&lang=id&location=Kab.%20Tangerang&price=6.88E%205&priceCompare=skuId%3A16013570474%3Bsource%3Alazada-search-voucher%3Bsn%3A2cc5dbdee968abe78d2a0a88c090c687%3BoriginPrice%3A68800000%3BdisplayPrice%3A68800000%3BisGray%3Afalse%3BsinglePromotionId%3A-1%3BsingleToolCode%3AmockedSalePrice%3BvoucherPricePlugin%3A0%3Btimestamp%3A1780167465147&ratingscore=4.46643109540636&request_id=2cc5dbdee968abe78d2a0a88c090c687&review=566&sale=1063&search=1&source=search&spm=a2o4j.searchlist.list.2&stock=1","","","2025-12-01"
"1780196625-438","https://www.lazada.co.id/products/pdp-i8608700849-s16013570474.html?c=&channelLpJumpArgs=&clickTrackInfo=query%253Ahp%252Bhdc%252Bvivo%253Bnid%253A8608700849%253Bsrc%253ALazadaMainSrp%253Brn%253A2cc5dbdee968abe78d2a0a88c090c687%253Bregion%253Aid%253Bsku%253A8608700849_ID%253Bprice%253A688000%253Bclient%253Adesktop%253Bsupplier_id%253A401099536002%253Bsession_id%253A%253Bbiz_source%253Ah5_internal%253Bslot%253A2%253Butlog_bucket_id%253A470687%253Basc_category_id%253A10100333%253Bitem_id%253A8608700849%253Bsku_id%253A16013570474%253Bshop_id%253A6307054%253BtemplateInfo%253A107879_A3_C_E%2523&freeshipping=1&fs_ab=2&fuse_fs=&lang=id&location=Kab.%20Tangerang&price=6.88E%205&priceCompare=skuId%3A16013570474%3Bsource%3Alazada-search-voucher%3Bsn%3A2cc5dbdee968abe78d2a0a88c090c687%3BoriginPrice%3A68800000%3BdisplayPrice%3A68800000%3BisGray%3Afalse%3BsinglePromotionId%3A-1%3BsingleToolCode%3AmockedSalePrice%3BvoucherPricePlugin%3A0%3Btimestamp%3A1780167465147&ratingscore=4.46643109540636&request_id=2cc5dbdee968abe78d2a0a88c090c687&review=566&sale=1063&search=1&source=search&spm=a2o4j.searchlist.list.2&stock=1","","","2026-03-17"
"1780196625-439","https://www.lazada.co.id/products/pdp-i8608700849-s16013570474.html?c=&channelLpJumpArgs=&clickTrackInfo=query%253Ahp%252Bhdc%252Bvivo%253Bnid%253A8608700849%253Bsrc%253ALazadaMainSrp%253Brn%253A2cc5dbdee968abe78d2a0a88c090c687%253Bregion%253Aid%253Bsku%253A8608700849_ID%253Bprice%253A688000%253Bclient%253Adesktop%253Bsupplier_id%253A401099536002%253Bsession_id%253A%253Bbiz_source%253Ah5_internal%253Bslot%253A2%253Butlog_bucket_id%253A470687%253Basc_category_id%253A10100333%253Bitem_id%253A8608700849%253Bsku_id%253A16013570474%253Bshop_id%253A6307054%253BtemplateInfo%253A107879_A3_C_E%2523&freeshipping=1&fs_ab=2&fuse_fs=&lang=id&location=Kab.%20Tangerang&price=6.88E%205&priceCompare=skuId%3A16013570474%3Bsource%3Alazada-search-voucher%3Bsn%3A2cc5dbdee968abe78d2a0a88c090c687%3BoriginPrice%3A68800000%3BdisplayPrice%3A68800000%3BisGray%3Afalse%3BsinglePromotionId%3A-1%3BsingleToolCode%3AmockedSalePrice%3BvoucherPricePlugin%3A0%3Btimestamp%3A1780167465147&ratingscore=4.46643109540636&request_id=2cc5dbdee968abe78d2a0a88c090c687&review=566&sale=1063&search=1&source=search&spm=a2o4j.searchlist.list.2&stock=1","","","2025-10-16"
"1780196625-440","https://www.lazada.co.id/products/pdp-i8608700849-s16013570474.html?c=&channelLpJumpArgs=&clickTrackInfo=query%253Ahp%252Bhdc%252Bvivo%253Bnid%253A8608700849%253Bsrc%253ALazadaMainSrp%253Brn%253A2cc5dbdee968abe78d2a0a88c090c687%253Bregion%253Aid%253Bsku%253A8608700849_ID%253Bprice%253A688000%253Bclient%253Adesktop%253Bsupplier_id%253A401099536002%253Bsession_id%253A%253Bbiz_source%253Ah5_internal%253Bslot%253A2%253Butlog_bucket_id%253A470687%253Basc_category_id%253A10100333%253Bitem_id%253A8608700849%253Bsku_id%253A16013570474%253Bshop_id%253A6307054%253BtemplateInfo%253A107879_A3_C_E%2523&freeshipping=1&fs_ab=2&fuse_fs=&lang=id&location=Kab.%20Tangerang&price=6.88E%205&priceCompare=skuId%3A16013570474%3Bsource%3Alazada-search-voucher%3Bsn%3A2cc5dbdee968abe78d2a0a88c090c687%3BoriginPrice%3A68800000%3BdisplayPrice%3A68800000%3BisGray%3Afalse%3BsinglePromotionId%3A-1%3BsingleToolCode%3AmockedSalePrice%3BvoucherPricePlugin%3A0%3Btimestamp%3A1780167465147&ratingscore=4.46643109540636&request_id=2cc5dbdee968abe78d2a0a88c090c687&review=566&sale=1063&search=1&source=search&spm=a2o4j.searchlist.list.2&stock=1","","","2025-09-08"
"1780196625-441","https://www.lazada.co.id/products/pdp-i8608700849-s16013570474.html?c=&channelLpJumpArgs=&clickTrackInfo=query%253Ahp%252Bhdc%252Bvivo%253Bnid%253A8608700849%253Bsrc%253ALazadaMainSrp%253Brn%253A2cc5dbdee968abe78d2a0a88c090c687%253Bregion%253Aid%253Bsku%253A8608700849_ID%253Bprice%253A688000%253Bclient%253Adesktop%253Bsupplier_id%253A401099536002%253Bsession_id%253A%253Bbiz_source%253Ah5_internal%253Bslot%253A2%253Butlog_bucket_id%253A470687%253Basc_category_id%253A10100333%253Bitem_id%253A8608700849%253Bsku_id%253A16013570474%253Bshop_id%253A6307054%253BtemplateInfo%253A107879_A3_C_E%2523&freeshipping=1&fs_ab=2&fuse_fs=&lang=id&location=Kab.%20Tangerang&price=6.88E%205&priceCompare=skuId%3A16013570474%3Bsource%3Alazada-search-voucher%3Bsn%3A2cc5dbdee968abe78d2a0a88c090c687%3BoriginPrice%3A68800000%3BdisplayPrice%3A68800000%3BisGray%3Afalse%3BsinglePromotionId%3A-1%3BsingleToolCode%3AmockedSalePrice%3BvoucherPricePlugin%3A0%3Btimestamp%3A1780167465147&ratingscore=4.46643109540636&request_id=2cc5dbdee968abe78d2a0a88c090c687&review=566&sale=1063&search=1&source=search&spm=a2o4j.searchlist.list.2&stock=1","","","2025-09-17"
"1780196625-442","https://www.lazada.co.id/products/pdp-i8608700849-s16013570474.html?c=&channelLpJumpArgs=&clickTrackInfo=query%253Ahp%252Bhdc%252Bvivo%253Bnid%253A8608700849%253Bsrc%253ALazadaMainSrp%253Brn%253A2cc5dbdee968abe78d2a0a88c090c687%253Bregion%253Aid%253Bsku%253A8608700849_ID%253Bprice%253A688000%253Bclient%253Adesktop%253Bsupplier_id%253A401099536002%253Bsession_id%253A%253Bbiz_source%253Ah5_internal%253Bslot%253A2%253Butlog_bucket_id%253A470687%253Basc_category_id%253A10100333%253Bitem_id%253A8608700849%253Bsku_id%253A16013570474%253Bshop_id%253A6307054%253BtemplateInfo%253A107879_A3_C_E%2523&freeshipping=1&fs_ab=2&fuse_fs=&lang=id&location=Kab.%20Tangerang&price=6.88E%205&priceCompare=skuId%3A16013570474%3Bsource%3Alazada-search-voucher%3Bsn%3A2cc5dbdee968abe78d2a0a88c090c687%3BoriginPrice%3A68800000%3BdisplayPrice%3A68800000%3BisGray%3Afalse%3BsinglePromotionId%3A-1%3BsingleToolCode%3AmockedSalePrice%3BvoucherPricePlugin%3A0%3Btimestamp%3A1780167465147&ratingscore=4.46643109540636&request_id=2cc5dbdee968abe78d2a0a88c090c687&review=566&sale=1063&search=1&source=search&spm=a2o4j.searchlist.list.2&stock=1","","","2026-02-06"
"1780196625-443","https://www.lazada.co.id/products/pdp-i8608700849-s16013570474.html?c=&channelLpJumpArgs=&clickTrackInfo=query%253Ahp%252Bhdc%252Bvivo%253Bnid%253A8608700849%253Bsrc%253ALazadaMainSrp%253Brn%253A2cc5dbdee968abe78d2a0a88c090c687%253Bregion%253Aid%253Bsku%253A8608700849_ID%253Bprice%253A688000%253Bclient%253Adesktop%253Bsupplier_id%253A401099536002%253Bsession_id%253A%253Bbiz_source%253Ah5_internal%253Bslot%253A2%253Butlog_bucket_id%253A470687%253Basc_category_id%253A10100333%253Bitem_id%253A8608700849%253Bsku_id%253A16013570474%253Bshop_id%253A6307054%253BtemplateInfo%253A107879_A3_C_E%2523&freeshipping=1&fs_ab=2&fuse_fs=&lang=id&location=Kab.%20Tangerang&price=6.88E%205&priceCompare=skuId%3A16013570474%3Bsource%3Alazada-search-voucher%3Bsn%3A2cc5dbdee968abe78d2a0a88c090c687%3BoriginPrice%3A68800000%3BdisplayPrice%3A68800000%3BisGray%3Afalse%3BsinglePromotionId%3A-1%3BsingleToolCode%3AmockedSalePrice%3BvoucherPricePlugin%3A0%3Btimestamp%3A1780167465147&ratingscore=4.46643109540636&request_id=2cc5dbdee968abe78d2a0a88c090c687&review=566&sale=1063&search=1&source=search&spm=a2o4j.searchlist.list.2&stock=1","","","2025-12-04"
"1780196625-444","https://www.lazada.co.id/products/pdp-i8608700849-s16013570474.html?c=&channelLpJumpArgs=&clickTrackInfo=query%253Ahp%252Bhdc%252Bvivo%253Bnid%253A8608700849%253Bsrc%253ALazadaMainSrp%253Brn%253A2cc5dbdee968abe78d2a0a88c090c687%253Bregion%253Aid%253Bsku%253A8608700849_ID%253Bprice%253A688000%253Bclient%253Adesktop%253Bsupplier_id%253A401099536002%253Bsession_id%253A%253Bbiz_source%253Ah5_internal%253Bslot%253A2%253Butlog_bucket_id%253A470687%253Basc_category_id%253A10100333%253Bitem_id%253A8608700849%253Bsku_id%253A16013570474%253Bshop_id%253A6307054%253BtemplateInfo%253A107879_A3_C_E%2523&freeshipping=1&fs_ab=2&fuse_fs=&lang=id&location=Kab.%20Tangerang&price=6.88E%205&priceCompare=skuId%3A16013570474%3Bsource%3Alazada-search-voucher%3Bsn%3A2cc5dbdee968abe78d2a0a88c090c687%3BoriginPrice%3A68800000%3BdisplayPrice%3A68800000%3BisGray%3Afalse%3BsinglePromotionId%3A-1%3BsingleToolCode%3AmockedSalePrice%3BvoucherPricePlugin%3A0%3Btimestamp%3A1780167465147&ratingscore=4.46643109540636&request_id=2cc5dbdee968abe78d2a0a88c090c687&review=566&sale=1063&search=1&source=search&spm=a2o4j.searchlist.list.2&stock=1","","","2025-12-06"
"1780196625-445","https://www.lazada.co.id/products/pdp-i8608700849-s16013570474.html?c=&channelLpJumpArgs=&clickTrackInfo=query%253Ahp%252Bhdc%252Bvivo%253Bnid%253A8608700849%253Bsrc%253ALazadaMainSrp%253Brn%253A2cc5dbdee968abe78d2a0a88c090c687%253Bregion%253Aid%253Bsku%253A8608700849_ID%253Bprice%253A688000%253Bclient%253Adesktop%253Bsupplier_id%253A401099536002%253Bsession_id%253A%253Bbiz_source%253Ah5_internal%253Bslot%253A2%253Butlog_bucket_id%253A470687%253Basc_category_id%253A10100333%253Bitem_id%253A8608700849%253Bsku_id%253A16013570474%253Bshop_id%253A6307054%253BtemplateInfo%253A107879_A3_C_E%2523&freeshipping=1&fs_ab=2&fuse_fs=&lang=id&location=Kab.%20Tangerang&price=6.88E%205&priceCompare=skuId%3A16013570474%3Bsource%3Alazada-search-voucher%3Bsn%3A2cc5dbdee968abe78d2a0a88c090c687%3BoriginPrice%3A68800000%3BdisplayPrice%3A68800000%3BisGray%3Afalse%3BsinglePromotionId%3A-1%3BsingleToolCode%3AmockedSalePrice%3BvoucherPricePlugin%3A0%3Btimestamp%3A1780167465147&ratingscore=4.46643109540636&request_id=2cc5dbdee968abe78d2a0a88c090c687&review=566&sale=1063&search=1&source=search&spm=a2o4j.searchlist.list.2&stock=1","","","2026-01-18"
"1780196625-446","https://www.lazada.co.id/products/pdp-i8608700849-s16013570474.html?c=&channelLpJumpArgs=&clickTrackInfo=query%253Ahp%252Bhdc%252Bvivo%253Bnid%253A8608700849%253Bsrc%253ALazadaMainSrp%253Brn%253A2cc5dbdee968abe78d2a0a88c090c687%253Bregion%253Aid%253Bsku%253A8608700849_ID%253Bprice%253A688000%253Bclient%253Adesktop%253Bsupplier_id%253A401099536002%253Bsession_id%253A%253Bbiz_source%253Ah5_internal%253Bslot%253A2%253Butlog_bucket_id%253A470687%253Basc_category_id%253A10100333%253Bitem_id%253A8608700849%253Bsku_id%253A16013570474%253Bshop_id%253A6307054%253BtemplateInfo%253A107879_A3_C_E%2523&freeshipping=1&fs_ab=2&fuse_fs=&lang=id&location=Kab.%20Tangerang&price=6.88E%205&priceCompare=skuId%3A16013570474%3Bsource%3Alazada-search-voucher%3Bsn%3A2cc5dbdee968abe78d2a0a88c090c687%3BoriginPrice%3A68800000%3BdisplayPrice%3A68800000%3BisGray%3Afalse%3BsinglePromotionId%3A-1%3BsingleToolCode%3AmockedSalePrice%3BvoucherPricePlugin%3A0%3Btimestamp%3A1780167465147&ratingscore=4.46643109540636&request_id=2cc5dbdee968abe78d2a0a88c090c687&review=566&sale=1063&search=1&source=search&spm=a2o4j.searchlist.list.2&stock=1","","","2025-12-21"
"1780196625-447","https://www.lazada.co.id/products/pdp-i8608700849-s16013570474.html?c=&channelLpJumpArgs=&clickTrackInfo=query%253Ahp%252Bhdc%252Bvivo%253Bnid%253A8608700849%253Bsrc%253ALazadaMainSrp%253Brn%253A2cc5dbdee968abe78d2a0a88c090c687%253Bregion%253Aid%253Bsku%253A8608700849_ID%253Bprice%253A688000%253Bclient%253Adesktop%253Bsupplier_id%253A401099536002%253Bsession_id%253A%253Bbiz_source%253Ah5_internal%253Bslot%253A2%253Butlog_bucket_id%253A470687%253Basc_category_id%253A10100333%253Bitem_id%253A8608700849%253Bsku_id%253A16013570474%253Bshop_id%253A6307054%253BtemplateInfo%253A107879_A3_C_E%2523&freeshipping=1&fs_ab=2&fuse_fs=&lang=id&location=Kab.%20Tangerang&price=6.88E%205&priceCompare=skuId%3A16013570474%3Bsource%3Alazada-search-voucher%3Bsn%3A2cc5dbdee968abe78d2a0a88c090c687%3BoriginPrice%3A68800000%3BdisplayPrice%3A68800000%3BisGray%3Afalse%3BsinglePromotionId%3A-1%3BsingleToolCode%3AmockedSalePrice%3BvoucherPricePlugin%3A0%3Btimestamp%3A1780167465147&ratingscore=4.46643109540636&request_id=2cc5dbdee968abe78d2a0a88c090c687&review=566&sale=1063&search=1&source=search&spm=a2o4j.searchlist.list.2&stock=1","","","2025-10-28"
"1780196625-448","https://www.lazada.co.id/products/pdp-i8608700849-s16013570474.html?c=&channelLpJumpArgs=&clickTrackInfo=query%253Ahp%252Bhdc%252Bvivo%253Bnid%253A8608700849%253Bsrc%253ALazadaMainSrp%253Brn%253A2cc5dbdee968abe78d2a0a88c090c687%253Bregion%253Aid%253Bsku%253A8608700849_ID%253Bprice%253A688000%253Bclient%253Adesktop%253Bsupplier_id%253A401099536002%253Bsession_id%253A%253Bbiz_source%253Ah5_internal%253Bslot%253A2%253Butlog_bucket_id%253A470687%253Basc_category_id%253A10100333%253Bitem_id%253A8608700849%253Bsku_id%253A16013570474%253Bshop_id%253A6307054%253BtemplateInfo%253A107879_A3_C_E%2523&freeshipping=1&fs_ab=2&fuse_fs=&lang=id&location=Kab.%20Tangerang&price=6.88E%205&priceCompare=skuId%3A16013570474%3Bsource%3Alazada-search-voucher%3Bsn%3A2cc5dbdee968abe78d2a0a88c090c687%3BoriginPrice%3A68800000%3BdisplayPrice%3A68800000%3BisGray%3Afalse%3BsinglePromotionId%3A-1%3BsingleToolCode%3AmockedSalePrice%3BvoucherPricePlugin%3A0%3Btimestamp%3A1780167465147&ratingscore=4.46643109540636&request_id=2cc5dbdee968abe78d2a0a88c090c687&review=566&sale=1063&search=1&source=search&spm=a2o4j.searchlist.list.2&stock=1","","","2025-11-25"
"1780196625-449","https://www.lazada.co.id/products/pdp-i8608700849-s16013570474.html?c=&channelLpJumpArgs=&clickTrackInfo=query%253Ahp%252Bhdc%252Bvivo%253Bnid%253A8608700849%253Bsrc%253ALazadaMainSrp%253Brn%253A2cc5dbdee968abe78d2a0a88c090c687%253Bregion%253Aid%253Bsku%253A8608700849_ID%253Bprice%253A688000%253Bclient%253Adesktop%253Bsupplier_id%253A401099536002%253Bsession_id%253A%253Bbiz_source%253Ah5_internal%253Bslot%253A2%253Butlog_bucket_id%253A470687%253Basc_category_id%253A10100333%253Bitem_id%253A8608700849%253Bsku_id%253A16013570474%253Bshop_id%253A6307054%253BtemplateInfo%253A107879_A3_C_E%2523&freeshipping=1&fs_ab=2&fuse_fs=&lang=id&location=Kab.%20Tangerang&price=6.88E%205&priceCompare=skuId%3A16013570474%3Bsource%3Alazada-search-voucher%3Bsn%3A2cc5dbdee968abe78d2a0a88c090c687%3BoriginPrice%3A68800000%3BdisplayPrice%3A68800000%3BisGray%3Afalse%3BsinglePromotionId%3A-1%3BsingleToolCode%3AmockedSalePrice%3BvoucherPricePlugin%3A0%3Btimestamp%3A1780167465147&ratingscore=4.46643109540636&request_id=2cc5dbdee968abe78d2a0a88c090c687&review=566&sale=1063&search=1&source=search&spm=a2o4j.searchlist.list.2&stock=1","","","2025-11-11"
"1780196625-450","https://www.lazada.co.id/products/pdp-i8608700849-s16013570474.html?c=&channelLpJumpArgs=&clickTrackInfo=query%253Ahp%252Bhdc%252Bvivo%253Bnid%253A8608700849%253Bsrc%253ALazadaMainSrp%253Brn%253A2cc5dbdee968abe78d2a0a88c090c687%253Bregion%253Aid%253Bsku%253A8608700849_ID%253Bprice%253A688000%253Bclient%253Adesktop%253Bsupplier_id%253A401099536002%253Bsession_id%253A%253Bbiz_source%253Ah5_internal%253Bslot%253A2%253Butlog_bucket_id%253A470687%253Basc_category_id%253A10100333%253Bitem_id%253A8608700849%253Bsku_id%253A16013570474%253Bshop_id%253A6307054%253BtemplateInfo%253A107879_A3_C_E%2523&freeshipping=1&fs_ab=2&fuse_fs=&lang=id&location=Kab.%20Tangerang&price=6.88E%205&priceCompare=skuId%3A16013570474%3Bsource%3Alazada-search-voucher%3Bsn%3A2cc5dbdee968abe78d2a0a88c090c687%3BoriginPrice%3A68800000%3BdisplayPrice%3A68800000%3BisGray%3Afalse%3BsinglePromotionId%3A-1%3BsingleToolCode%3AmockedSalePrice%3BvoucherPricePlugin%3A0%3Btimestamp%3A1780167465147&ratingscore=4.46643109540636&request_id=2cc5dbdee968abe78d2a0a88c090c687&review=566&sale=1063&search=1&source=search&spm=a2o4j.searchlist.list.2&stock=1","","","2026-02-14"
"1780196625-451","https://www.lazada.co.id/products/pdp-i8608700849-s16013570474.html?c=&channelLpJumpArgs=&clickTrackInfo=query%253Ahp%252Bhdc%252Bvivo%253Bnid%253A8608700849%253Bsrc%253ALazadaMainSrp%253Brn%253A2cc5dbdee968abe78d2a0a88c090c687%253Bregion%253Aid%253Bsku%253A8608700849_ID%253Bprice%253A688000%253Bclient%253Adesktop%253Bsupplier_id%253A401099536002%253Bsession_id%253A%253Bbiz_source%253Ah5_internal%253Bslot%253A2%253Butlog_bucket_id%253A470687%253Basc_category_id%253A10100333%253Bitem_id%253A8608700849%253Bsku_id%253A16013570474%253Bshop_id%253A6307054%253BtemplateInfo%253A107879_A3_C_E%2523&freeshipping=1&fs_ab=2&fuse_fs=&lang=id&location=Kab.%20Tangerang&price=6.88E%205&priceCompare=skuId%3A16013570474%3Bsource%3Alazada-search-voucher%3Bsn%3A2cc5dbdee968abe78d2a0a88c090c687%3BoriginPrice%3A68800000%3BdisplayPrice%3A68800000%3BisGray%3Afalse%3BsinglePromotionId%3A-1%3BsingleToolCode%3AmockedSalePrice%3BvoucherPricePlugin%3A0%3Btimestamp%3A1780167465147&ratingscore=4.46643109540636&request_id=2cc5dbdee968abe78d2a0a88c090c687&review=566&sale=1063&search=1&source=search&spm=a2o4j.searchlist.list.2&stock=1","","","2026-04-25"
"1780196625-452","https://www.lazada.co.id/products/pdp-i8608700849-s16013570474.html?c=&channelLpJumpArgs=&clickTrackInfo=query%253Ahp%252Bhdc%252Bvivo%253Bnid%253A8608700849%253Bsrc%253ALazadaMainSrp%253Brn%253A2cc5dbdee968abe78d2a0a88c090c687%253Bregion%253Aid%253Bsku%253A8608700849_ID%253Bprice%253A688000%253Bclient%253Adesktop%253Bsupplier_id%253A401099536002%253Bsession_id%253A%253Bbiz_source%253Ah5_internal%253Bslot%253A2%253Butlog_bucket_id%253A470687%253Basc_category_id%253A10100333%253Bitem_id%253A8608700849%253Bsku_id%253A16013570474%253Bshop_id%253A6307054%253BtemplateInfo%253A107879_A3_C_E%2523&freeshipping=1&fs_ab=2&fuse_fs=&lang=id&location=Kab.%20Tangerang&price=6.88E%205&priceCompare=skuId%3A16013570474%3Bsource%3Alazada-search-voucher%3Bsn%3A2cc5dbdee968abe78d2a0a88c090c687%3BoriginPrice%3A68800000%3BdisplayPrice%3A68800000%3BisGray%3Afalse%3BsinglePromotionId%3A-1%3BsingleToolCode%3AmockedSalePrice%3BvoucherPricePlugin%3A0%3Btimestamp%3A1780167465147&ratingscore=4.46643109540636&request_id=2cc5dbdee968abe78d2a0a88c090c687&review=566&sale=1063&search=1&source=search&spm=a2o4j.searchlist.list.2&stock=1","","","2026-01-04"
"1780196625-453","https://www.lazada.co.id/products/pdp-i8608700849-s16013570474.html?c=&channelLpJumpArgs=&clickTrackInfo=query%253Ahp%252Bhdc%252Bvivo%253Bnid%253A8608700849%253Bsrc%253ALazadaMainSrp%253Brn%253A2cc5dbdee968abe78d2a0a88c090c687%253Bregion%253Aid%253Bsku%253A8608700849_ID%253Bprice%253A688000%253Bclient%253Adesktop%253Bsupplier_id%253A401099536002%253Bsession_id%253A%253Bbiz_source%253Ah5_internal%253Bslot%253A2%253Butlog_bucket_id%253A470687%253Basc_category_id%253A10100333%253Bitem_id%253A8608700849%253Bsku_id%253A16013570474%253Bshop_id%253A6307054%253BtemplateInfo%253A107879_A3_C_E%2523&freeshipping=1&fs_ab=2&fuse_fs=&lang=id&location=Kab.%20Tangerang&price=6.88E%205&priceCompare=skuId%3A16013570474%3Bsource%3Alazada-search-voucher%3Bsn%3A2cc5dbdee968abe78d2a0a88c090c687%3BoriginPrice%3A68800000%3BdisplayPrice%3A68800000%3BisGray%3Afalse%3BsinglePromotionId%3A-1%3BsingleToolCode%3AmockedSalePrice%3BvoucherPricePlugin%3A0%3Btimestamp%3A1780167465147&ratingscore=4.46643109540636&request_id=2cc5dbdee968abe78d2a0a88c090c687&review=566&sale=1063&search=1&source=search&spm=a2o4j.searchlist.list.2&stock=1","","","2025-11-19"
"1780196625-454","https://www.lazada.co.id/products/pdp-i8608700849-s16013570474.html?c=&channelLpJumpArgs=&clickTrackInfo=query%253Ahp%252Bhdc%252Bvivo%253Bnid%253A8608700849%253Bsrc%253ALazadaMainSrp%253Brn%253A2cc5dbdee968abe78d2a0a88c090c687%253Bregion%253Aid%253Bsku%253A8608700849_ID%253Bprice%253A688000%253Bclient%253Adesktop%253Bsupplier_id%253A401099536002%253Bsession_id%253A%253Bbiz_source%253Ah5_internal%253Bslot%253A2%253Butlog_bucket_id%253A470687%253Basc_category_id%253A10100333%253Bitem_id%253A8608700849%253Bsku_id%253A16013570474%253Bshop_id%253A6307054%253BtemplateInfo%253A107879_A3_C_E%2523&freeshipping=1&fs_ab=2&fuse_fs=&lang=id&location=Kab.%20Tangerang&price=6.88E%205&priceCompare=skuId%3A16013570474%3Bsource%3Alazada-search-voucher%3Bsn%3A2cc5dbdee968abe78d2a0a88c090c687%3BoriginPrice%3A68800000%3BdisplayPrice%3A68800000%3BisGray%3Afalse%3BsinglePromotionId%3A-1%3BsingleToolCode%3AmockedSalePrice%3BvoucherPricePlugin%3A0%3Btimestamp%3A1780167465147&ratingscore=4.46643109540636&request_id=2cc5dbdee968abe78d2a0a88c090c687&review=566&sale=1063&search=1&source=search&spm=a2o4j.searchlist.list.2&stock=1","","","2025-06-26"
"1780196625-455","https://www.lazada.co.id/products/pdp-i8608700849-s16013570474.html?c=&channelLpJumpArgs=&clickTrackInfo=query%253Ahp%252Bhdc%252Bvivo%253Bnid%253A8608700849%253Bsrc%253ALazadaMainSrp%253Brn%253A2cc5dbdee968abe78d2a0a88c090c687%253Bregion%253Aid%253Bsku%253A8608700849_ID%253Bprice%253A688000%253Bclient%253Adesktop%253Bsupplier_id%253A401099536002%253Bsession_id%253A%253Bbiz_source%253Ah5_internal%253Bslot%253A2%253Butlog_bucket_id%253A470687%253Basc_category_id%253A10100333%253Bitem_id%253A8608700849%253Bsku_id%253A16013570474%253Bshop_id%253A6307054%253BtemplateInfo%253A107879_A3_C_E%2523&freeshipping=1&fs_ab=2&fuse_fs=&lang=id&location=Kab.%20Tangerang&price=6.88E%205&priceCompare=skuId%3A16013570474%3Bsource%3Alazada-search-voucher%3Bsn%3A2cc5dbdee968abe78d2a0a88c090c687%3BoriginPrice%3A68800000%3BdisplayPrice%3A68800000%3BisGray%3Afalse%3BsinglePromotionId%3A-1%3BsingleToolCode%3AmockedSalePrice%3BvoucherPricePlugin%3A0%3Btimestamp%3A1780167465147&ratingscore=4.46643109540636&request_id=2cc5dbdee968abe78d2a0a88c090c687&review=566&sale=1063&search=1&source=search&spm=a2o4j.searchlist.list.2&stock=1","","","2025-10-08"
"1780196625-456","https://www.lazada.co.id/products/pdp-i8608700849-s16013570474.html?c=&channelLpJumpArgs=&clickTrackInfo=query%253Ahp%252Bhdc%252Bvivo%253Bnid%253A8608700849%253Bsrc%253ALazadaMainSrp%253Brn%253A2cc5dbdee968abe78d2a0a88c090c687%253Bregion%253Aid%253Bsku%253A8608700849_ID%253Bprice%253A688000%253Bclient%253Adesktop%253Bsupplier_id%253A401099536002%253Bsession_id%253A%253Bbiz_source%253Ah5_internal%253Bslot%253A2%253Butlog_bucket_id%253A470687%253Basc_category_id%253A10100333%253Bitem_id%253A8608700849%253Bsku_id%253A16013570474%253Bshop_id%253A6307054%253BtemplateInfo%253A107879_A3_C_E%2523&freeshipping=1&fs_ab=2&fuse_fs=&lang=id&location=Kab.%20Tangerang&price=6.88E%205&priceCompare=skuId%3A16013570474%3Bsource%3Alazada-search-voucher%3Bsn%3A2cc5dbdee968abe78d2a0a88c090c687%3BoriginPrice%3A68800000%3BdisplayPrice%3A68800000%3BisGray%3Afalse%3BsinglePromotionId%3A-1%3BsingleToolCode%3AmockedSalePrice%3BvoucherPricePlugin%3A0%3Btimestamp%3A1780167465147&ratingscore=4.46643109540636&request_id=2cc5dbdee968abe78d2a0a88c090c687&review=566&sale=1063&search=1&source=search&spm=a2o4j.searchlist.list.2&stock=1","","","2025-12-13"
"1780196625-457","https://www.lazada.co.id/products/pdp-i8608700849-s16013570474.html?c=&channelLpJumpArgs=&clickTrackInfo=query%253Ahp%252Bhdc%252Bvivo%253Bnid%253A8608700849%253Bsrc%253ALazadaMainSrp%253Brn%253A2cc5dbdee968abe78d2a0a88c090c687%253Bregion%253Aid%253Bsku%253A8608700849_ID%253Bprice%253A688000%253Bclient%253Adesktop%253Bsupplier_id%253A401099536002%253Bsession_id%253A%253Bbiz_source%253Ah5_internal%253Bslot%253A2%253Butlog_bucket_id%253A470687%253Basc_category_id%253A10100333%253Bitem_id%253A8608700849%253Bsku_id%253A16013570474%253Bshop_id%253A6307054%253BtemplateInfo%253A107879_A3_C_E%2523&freeshipping=1&fs_ab=2&fuse_fs=&lang=id&location=Kab.%20Tangerang&price=6.88E%205&priceCompare=skuId%3A16013570474%3Bsource%3Alazada-search-voucher%3Bsn%3A2cc5dbdee968abe78d2a0a88c090c687%3BoriginPrice%3A68800000%3BdisplayPrice%3A68800000%3BisGray%3Afalse%3BsinglePromotionId%3A-1%3BsingleToolCode%3AmockedSalePrice%3BvoucherPricePlugin%3A0%3Btimestamp%3A1780167465147&ratingscore=4.46643109540636&request_id=2cc5dbdee968abe78d2a0a88c090c687&review=566&sale=1063&search=1&source=search&spm=a2o4j.searchlist.list.2&stock=1","","","2026-02-26"
"1780196625-458","https://www.lazada.co.id/products/pdp-i8608700849-s16013570474.html?c=&channelLpJumpArgs=&clickTrackInfo=query%253Ahp%252Bhdc%252Bvivo%253Bnid%253A8608700849%253Bsrc%253ALazadaMainSrp%253Brn%253A2cc5dbdee968abe78d2a0a88c090c687%253Bregion%253Aid%253Bsku%253A8608700849_ID%253Bprice%253A688000%253Bclient%253Adesktop%253Bsupplier_id%253A401099536002%253Bsession_id%253A%253Bbiz_source%253Ah5_internal%253Bslot%253A2%253Butlog_bucket_id%253A470687%253Basc_category_id%253A10100333%253Bitem_id%253A8608700849%253Bsku_id%253A16013570474%253Bshop_id%253A6307054%253BtemplateInfo%253A107879_A3_C_E%2523&freeshipping=1&fs_ab=2&fuse_fs=&lang=id&location=Kab.%20Tangerang&price=6.88E%205&priceCompare=skuId%3A16013570474%3Bsource%3Alazada-search-voucher%3Bsn%3A2cc5dbdee968abe78d2a0a88c090c687%3BoriginPrice%3A68800000%3BdisplayPrice%3A68800000%3BisGray%3Afalse%3BsinglePromotionId%3A-1%3BsingleToolCode%3AmockedSalePrice%3BvoucherPricePlugin%3A0%3Btimestamp%3A1780167465147&ratingscore=4.46643109540636&request_id=2cc5dbdee968abe78d2a0a88c090c687&review=566&sale=1063&search=1&source=search&spm=a2o4j.searchlist.list.2&stock=1","","","2026-04-15"
"1780196625-459","https://www.lazada.co.id/products/pdp-i8608700849-s16013570474.html?c=&channelLpJumpArgs=&clickTrackInfo=query%253Ahp%252Bhdc%252Bvivo%253Bnid%253A8608700849%253Bsrc%253ALazadaMainSrp%253Brn%253A2cc5dbdee968abe78d2a0a88c090c687%253Bregion%253Aid%253Bsku%253A8608700849_ID%253Bprice%253A688000%253Bclient%253Adesktop%253Bsupplier_id%253A401099536002%253Bsession_id%253A%253Bbiz_source%253Ah5_internal%253Bslot%253A2%253Butlog_bucket_id%253A470687%253Basc_category_id%253A10100333%253Bitem_id%253A8608700849%253Bsku_id%253A16013570474%253Bshop_id%253A6307054%253BtemplateInfo%253A107879_A3_C_E%2523&freeshipping=1&fs_ab=2&fuse_fs=&lang=id&location=Kab.%20Tangerang&price=6.88E%205&priceCompare=skuId%3A16013570474%3Bsource%3Alazada-search-voucher%3Bsn%3A2cc5dbdee968abe78d2a0a88c090c687%3BoriginPrice%3A68800000%3BdisplayPrice%3A68800000%3BisGray%3Afalse%3BsinglePromotionId%3A-1%3BsingleToolCode%3AmockedSalePrice%3BvoucherPricePlugin%3A0%3Btimestamp%3A1780167465147&ratingscore=4.46643109540636&request_id=2cc5dbdee968abe78d2a0a88c090c687&review=566&sale=1063&search=1&source=search&spm=a2o4j.searchlist.list.2&stock=1","","","2025-12-13"
"1780196625-460","https://www.lazada.co.id/products/pdp-i8608700849-s16013570474.html?c=&channelLpJumpArgs=&clickTrackInfo=query%253Ahp%252Bhdc%252Bvivo%253Bnid%253A8608700849%253Bsrc%253ALazadaMainSrp%253Brn%253A2cc5dbdee968abe78d2a0a88c090c687%253Bregion%253Aid%253Bsku%253A8608700849_ID%253Bprice%253A688000%253Bclient%253Adesktop%253Bsupplier_id%253A401099536002%253Bsession_id%253A%253Bbiz_source%253Ah5_internal%253Bslot%253A2%253Butlog_bucket_id%253A470687%253Basc_category_id%253A10100333%253Bitem_id%253A8608700849%253Bsku_id%253A16013570474%253Bshop_id%253A6307054%253BtemplateInfo%253A107879_A3_C_E%2523&freeshipping=1&fs_ab=2&fuse_fs=&lang=id&location=Kab.%20Tangerang&price=6.88E%205&priceCompare=skuId%3A16013570474%3Bsource%3Alazada-search-voucher%3Bsn%3A2cc5dbdee968abe78d2a0a88c090c687%3BoriginPrice%3A68800000%3BdisplayPrice%3A68800000%3BisGray%3Afalse%3BsinglePromotionId%3A-1%3BsingleToolCode%3AmockedSalePrice%3BvoucherPricePlugin%3A0%3Btimestamp%3A1780167465147&ratingscore=4.46643109540636&request_id=2cc5dbdee968abe78d2a0a88c090c687&review=566&sale=1063&search=1&source=search&spm=a2o4j.searchlist.list.2&stock=1","","","2025-09-13"
"1780196625-461","https://www.lazada.co.id/products/pdp-i8608700849-s16013570474.html?c=&channelLpJumpArgs=&clickTrackInfo=query%253Ahp%252Bhdc%252Bvivo%253Bnid%253A8608700849%253Bsrc%253ALazadaMainSrp%253Brn%253A2cc5dbdee968abe78d2a0a88c090c687%253Bregion%253Aid%253Bsku%253A8608700849_ID%253Bprice%253A688000%253Bclient%253Adesktop%253Bsupplier_id%253A401099536002%253Bsession_id%253A%253Bbiz_source%253Ah5_internal%253Bslot%253A2%253Butlog_bucket_id%253A470687%253Basc_category_id%253A10100333%253Bitem_id%253A8608700849%253Bsku_id%253A16013570474%253Bshop_id%253A6307054%253BtemplateInfo%253A107879_A3_C_E%2523&freeshipping=1&fs_ab=2&fuse_fs=&lang=id&location=Kab.%20Tangerang&price=6.88E%205&priceCompare=skuId%3A16013570474%3Bsource%3Alazada-search-voucher%3Bsn%3A2cc5dbdee968abe78d2a0a88c090c687%3BoriginPrice%3A68800000%3BdisplayPrice%3A68800000%3BisGray%3Afalse%3BsinglePromotionId%3A-1%3BsingleToolCode%3AmockedSalePrice%3BvoucherPricePlugin%3A0%3Btimestamp%3A1780167465147&ratingscore=4.46643109540636&request_id=2cc5dbdee968abe78d2a0a88c090c687&review=566&sale=1063&search=1&source=search&spm=a2o4j.searchlist.list.2&stock=1","","","2025-08-20"
"1780196625-462","https://www.lazada.co.id/products/pdp-i8608700849-s16013570474.html?c=&channelLpJumpArgs=&clickTrackInfo=query%253Ahp%252Bhdc%252Bvivo%253Bnid%253A8608700849%253Bsrc%253ALazadaMainSrp%253Brn%253A2cc5dbdee968abe78d2a0a88c090c687%253Bregion%253Aid%253Bsku%253A8608700849_ID%253Bprice%253A688000%253Bclient%253Adesktop%253Bsupplier_id%253A401099536002%253Bsession_id%253A%253Bbiz_source%253Ah5_internal%253Bslot%253A2%253Butlog_bucket_id%253A470687%253Basc_category_id%253A10100333%253Bitem_id%253A8608700849%253Bsku_id%253A16013570474%253Bshop_id%253A6307054%253BtemplateInfo%253A107879_A3_C_E%2523&freeshipping=1&fs_ab=2&fuse_fs=&lang=id&location=Kab.%20Tangerang&price=6.88E%205&priceCompare=skuId%3A16013570474%3Bsource%3Alazada-search-voucher%3Bsn%3A2cc5dbdee968abe78d2a0a88c090c687%3BoriginPrice%3A68800000%3BdisplayPrice%3A68800000%3BisGray%3Afalse%3BsinglePromotionId%3A-1%3BsingleToolCode%3AmockedSalePrice%3BvoucherPricePlugin%3A0%3Btimestamp%3A1780167465147&ratingscore=4.46643109540636&request_id=2cc5dbdee968abe78d2a0a88c090c687&review=566&sale=1063&search=1&source=search&spm=a2o4j.searchlist.list.2&stock=1","","","2025-12-04"
"1780196625-463","https://www.lazada.co.id/products/pdp-i8608700849-s16013570474.html?c=&channelLpJumpArgs=&clickTrackInfo=query%253Ahp%252Bhdc%252Bvivo%253Bnid%253A8608700849%253Bsrc%253ALazadaMainSrp%253Brn%253A2cc5dbdee968abe78d2a0a88c090c687%253Bregion%253Aid%253Bsku%253A8608700849_ID%253Bprice%253A688000%253Bclient%253Adesktop%253Bsupplier_id%253A401099536002%253Bsession_id%253A%253Bbiz_source%253Ah5_internal%253Bslot%253A2%253Butlog_bucket_id%253A470687%253Basc_category_id%253A10100333%253Bitem_id%253A8608700849%253Bsku_id%253A16013570474%253Bshop_id%253A6307054%253BtemplateInfo%253A107879_A3_C_E%2523&freeshipping=1&fs_ab=2&fuse_fs=&lang=id&location=Kab.%20Tangerang&price=6.88E%205&priceCompare=skuId%3A16013570474%3Bsource%3Alazada-search-voucher%3Bsn%3A2cc5dbdee968abe78d2a0a88c090c687%3BoriginPrice%3A68800000%3BdisplayPrice%3A68800000%3BisGray%3Afalse%3BsinglePromotionId%3A-1%3BsingleToolCode%3AmockedSalePrice%3BvoucherPricePlugin%3A0%3Btimestamp%3A1780167465147&ratingscore=4.46643109540636&request_id=2cc5dbdee968abe78d2a0a88c090c687&review=566&sale=1063&search=1&source=search&spm=a2o4j.searchlist.list.2&stock=1","","","2025-11-27"
"1780196625-464","https://www.lazada.co.id/products/pdp-i8608700849-s16013570474.html?c=&channelLpJumpArgs=&clickTrackInfo=query%253Ahp%252Bhdc%252Bvivo%253Bnid%253A8608700849%253Bsrc%253ALazadaMainSrp%253Brn%253A2cc5dbdee968abe78d2a0a88c090c687%253Bregion%253Aid%253Bsku%253A8608700849_ID%253Bprice%253A688000%253Bclient%253Adesktop%253Bsupplier_id%253A401099536002%253Bsession_id%253A%253Bbiz_source%253Ah5_internal%253Bslot%253A2%253Butlog_bucket_id%253A470687%253Basc_category_id%253A10100333%253Bitem_id%253A8608700849%253Bsku_id%253A16013570474%253Bshop_id%253A6307054%253BtemplateInfo%253A107879_A3_C_E%2523&freeshipping=1&fs_ab=2&fuse_fs=&lang=id&location=Kab.%20Tangerang&price=6.88E%205&priceCompare=skuId%3A16013570474%3Bsource%3Alazada-search-voucher%3Bsn%3A2cc5dbdee968abe78d2a0a88c090c687%3BoriginPrice%3A68800000%3BdisplayPrice%3A68800000%3BisGray%3Afalse%3BsinglePromotionId%3A-1%3BsingleToolCode%3AmockedSalePrice%3BvoucherPricePlugin%3A0%3Btimestamp%3A1780167465147&ratingscore=4.46643109540636&request_id=2cc5dbdee968abe78d2a0a88c090c687&review=566&sale=1063&search=1&source=search&spm=a2o4j.searchlist.list.2&stock=1","","","2025-12-28"
"1780196625-465","https://www.lazada.co.id/products/pdp-i8608700849-s16013570474.html?c=&channelLpJumpArgs=&clickTrackInfo=query%253Ahp%252Bhdc%252Bvivo%253Bnid%253A8608700849%253Bsrc%253ALazadaMainSrp%253Brn%253A2cc5dbdee968abe78d2a0a88c090c687%253Bregion%253Aid%253Bsku%253A8608700849_ID%253Bprice%253A688000%253Bclient%253Adesktop%253Bsupplier_id%253A401099536002%253Bsession_id%253A%253Bbiz_source%253Ah5_internal%253Bslot%253A2%253Butlog_bucket_id%253A470687%253Basc_category_id%253A10100333%253Bitem_id%253A8608700849%253Bsku_id%253A16013570474%253Bshop_id%253A6307054%253BtemplateInfo%253A107879_A3_C_E%2523&freeshipping=1&fs_ab=2&fuse_fs=&lang=id&location=Kab.%20Tangerang&price=6.88E%205&priceCompare=skuId%3A16013570474%3Bsource%3Alazada-search-voucher%3Bsn%3A2cc5dbdee968abe78d2a0a88c090c687%3BoriginPrice%3A68800000%3BdisplayPrice%3A68800000%3BisGray%3Afalse%3BsinglePromotionId%3A-1%3BsingleToolCode%3AmockedSalePrice%3BvoucherPricePlugin%3A0%3Btimestamp%3A1780167465147&ratingscore=4.46643109540636&request_id=2cc5dbdee968abe78d2a0a88c090c687&review=566&sale=1063&search=1&source=search&spm=a2o4j.searchlist.list.2&stock=1","","","2025-10-26"
"1780196625-466","https://www.lazada.co.id/products/pdp-i8608700849-s16013570474.html?c=&channelLpJumpArgs=&clickTrackInfo=query%253Ahp%252Bhdc%252Bvivo%253Bnid%253A8608700849%253Bsrc%253ALazadaMainSrp%253Brn%253A2cc5dbdee968abe78d2a0a88c090c687%253Bregion%253Aid%253Bsku%253A8608700849_ID%253Bprice%253A688000%253Bclient%253Adesktop%253Bsupplier_id%253A401099536002%253Bsession_id%253A%253Bbiz_source%253Ah5_internal%253Bslot%253A2%253Butlog_bucket_id%253A470687%253Basc_category_id%253A10100333%253Bitem_id%253A8608700849%253Bsku_id%253A16013570474%253Bshop_id%253A6307054%253BtemplateInfo%253A107879_A3_C_E%2523&freeshipping=1&fs_ab=2&fuse_fs=&lang=id&location=Kab.%20Tangerang&price=6.88E%205&priceCompare=skuId%3A16013570474%3Bsource%3Alazada-search-voucher%3Bsn%3A2cc5dbdee968abe78d2a0a88c090c687%3BoriginPrice%3A68800000%3BdisplayPrice%3A68800000%3BisGray%3Afalse%3BsinglePromotionId%3A-1%3BsingleToolCode%3AmockedSalePrice%3BvoucherPricePlugin%3A0%3Btimestamp%3A1780167465147&ratingscore=4.46643109540636&request_id=2cc5dbdee968abe78d2a0a88c090c687&review=566&sale=1063&search=1&source=search&spm=a2o4j.searchlist.list.2&stock=1","","","2026-03-06"
"1780196625-467","https://www.lazada.co.id/products/pdp-i8608700849-s16013570474.html?c=&channelLpJumpArgs=&clickTrackInfo=query%253Ahp%252Bhdc%252Bvivo%253Bnid%253A8608700849%253Bsrc%253ALazadaMainSrp%253Brn%253A2cc5dbdee968abe78d2a0a88c090c687%253Bregion%253Aid%253Bsku%253A8608700849_ID%253Bprice%253A688000%253Bclient%253Adesktop%253Bsupplier_id%253A401099536002%253Bsession_id%253A%253Bbiz_source%253Ah5_internal%253Bslot%253A2%253Butlog_bucket_id%253A470687%253Basc_category_id%253A10100333%253Bitem_id%253A8608700849%253Bsku_id%253A16013570474%253Bshop_id%253A6307054%253BtemplateInfo%253A107879_A3_C_E%2523&freeshipping=1&fs_ab=2&fuse_fs=&lang=id&location=Kab.%20Tangerang&price=6.88E%205&priceCompare=skuId%3A16013570474%3Bsource%3Alazada-search-voucher%3Bsn%3A2cc5dbdee968abe78d2a0a88c090c687%3BoriginPrice%3A68800000%3BdisplayPrice%3A68800000%3BisGray%3Afalse%3BsinglePromotionId%3A-1%3BsingleToolCode%3AmockedSalePrice%3BvoucherPricePlugin%3A0%3Btimestamp%3A1780167465147&ratingscore=4.46643109540636&request_id=2cc5dbdee968abe78d2a0a88c090c687&review=566&sale=1063&search=1&source=search&spm=a2o4j.searchlist.list.2&stock=1","","","2025-12-14"
"1780196625-468","https://www.lazada.co.id/products/pdp-i8608700849-s16013570474.html?c=&channelLpJumpArgs=&clickTrackInfo=query%253Ahp%252Bhdc%252Bvivo%253Bnid%253A8608700849%253Bsrc%253ALazadaMainSrp%253Brn%253A2cc5dbdee968abe78d2a0a88c090c687%253Bregion%253Aid%253Bsku%253A8608700849_ID%253Bprice%253A688000%253Bclient%253Adesktop%253Bsupplier_id%253A401099536002%253Bsession_id%253A%253Bbiz_source%253Ah5_internal%253Bslot%253A2%253Butlog_bucket_id%253A470687%253Basc_category_id%253A10100333%253Bitem_id%253A8608700849%253Bsku_id%253A16013570474%253Bshop_id%253A6307054%253BtemplateInfo%253A107879_A3_C_E%2523&freeshipping=1&fs_ab=2&fuse_fs=&lang=id&location=Kab.%20Tangerang&price=6.88E%205&priceCompare=skuId%3A16013570474%3Bsource%3Alazada-search-voucher%3Bsn%3A2cc5dbdee968abe78d2a0a88c090c687%3BoriginPrice%3A68800000%3BdisplayPrice%3A68800000%3BisGray%3Afalse%3BsinglePromotionId%3A-1%3BsingleToolCode%3AmockedSalePrice%3BvoucherPricePlugin%3A0%3Btimestamp%3A1780167465147&ratingscore=4.46643109540636&request_id=2cc5dbdee968abe78d2a0a88c090c687&review=566&sale=1063&search=1&source=search&spm=a2o4j.searchlist.list.2&stock=1","","","2025-10-09"
"1780196625-469","https://www.lazada.co.id/products/pdp-i8608700849-s16013570474.html?c=&channelLpJumpArgs=&clickTrackInfo=query%253Ahp%252Bhdc%252Bvivo%253Bnid%253A8608700849%253Bsrc%253ALazadaMainSrp%253Brn%253A2cc5dbdee968abe78d2a0a88c090c687%253Bregion%253Aid%253Bsku%253A8608700849_ID%253Bprice%253A688000%253Bclient%253Adesktop%253Bsupplier_id%253A401099536002%253Bsession_id%253A%253Bbiz_source%253Ah5_internal%253Bslot%253A2%253Butlog_bucket_id%253A470687%253Basc_category_id%253A10100333%253Bitem_id%253A8608700849%253Bsku_id%253A16013570474%253Bshop_id%253A6307054%253BtemplateInfo%253A107879_A3_C_E%2523&freeshipping=1&fs_ab=2&fuse_fs=&lang=id&location=Kab.%20Tangerang&price=6.88E%205&priceCompare=skuId%3A16013570474%3Bsource%3Alazada-search-voucher%3Bsn%3A2cc5dbdee968abe78d2a0a88c090c687%3BoriginPrice%3A68800000%3BdisplayPrice%3A68800000%3BisGray%3Afalse%3BsinglePromotionId%3A-1%3BsingleToolCode%3AmockedSalePrice%3BvoucherPricePlugin%3A0%3Btimestamp%3A1780167465147&ratingscore=4.46643109540636&request_id=2cc5dbdee968abe78d2a0a88c090c687&review=566&sale=1063&search=1&source=search&spm=a2o4j.searchlist.list.2&stock=1","","","2025-09-14"
"1780196625-470","https://www.lazada.co.id/products/pdp-i8608700849-s16013570474.html?c=&channelLpJumpArgs=&clickTrackInfo=query%253Ahp%252Bhdc%252Bvivo%253Bnid%253A8608700849%253Bsrc%253ALazadaMainSrp%253Brn%253A2cc5dbdee968abe78d2a0a88c090c687%253Bregion%253Aid%253Bsku%253A8608700849_ID%253Bprice%253A688000%253Bclient%253Adesktop%253Bsupplier_id%253A401099536002%253Bsession_id%253A%253Bbiz_source%253Ah5_internal%253Bslot%253A2%253Butlog_bucket_id%253A470687%253Basc_category_id%253A10100333%253Bitem_id%253A8608700849%253Bsku_id%253A16013570474%253Bshop_id%253A6307054%253BtemplateInfo%253A107879_A3_C_E%2523&freeshipping=1&fs_ab=2&fuse_fs=&lang=id&location=Kab.%20Tangerang&price=6.88E%205&priceCompare=skuId%3A16013570474%3Bsource%3Alazada-search-voucher%3Bsn%3A2cc5dbdee968abe78d2a0a88c090c687%3BoriginPrice%3A68800000%3BdisplayPrice%3A68800000%3BisGray%3Afalse%3BsinglePromotionId%3A-1%3BsingleToolCode%3AmockedSalePrice%3BvoucherPricePlugin%3A0%3Btimestamp%3A1780167465147&ratingscore=4.46643109540636&request_id=2cc5dbdee968abe78d2a0a88c090c687&review=566&sale=1063&search=1&source=search&spm=a2o4j.searchlist.list.2&stock=1","","","2026-01-23"
"1780196625-471","https://www.lazada.co.id/products/pdp-i8608700849-s16013570474.html?c=&channelLpJumpArgs=&clickTrackInfo=query%253Ahp%252Bhdc%252Bvivo%253Bnid%253A8608700849%253Bsrc%253ALazadaMainSrp%253Brn%253A2cc5dbdee968abe78d2a0a88c090c687%253Bregion%253Aid%253Bsku%253A8608700849_ID%253Bprice%253A688000%253Bclient%253Adesktop%253Bsupplier_id%253A401099536002%253Bsession_id%253A%253Bbiz_source%253Ah5_internal%253Bslot%253A2%253Butlog_bucket_id%253A470687%253Basc_category_id%253A10100333%253Bitem_id%253A8608700849%253Bsku_id%253A16013570474%253Bshop_id%253A6307054%253BtemplateInfo%253A107879_A3_C_E%2523&freeshipping=1&fs_ab=2&fuse_fs=&lang=id&location=Kab.%20Tangerang&price=6.88E%205&priceCompare=skuId%3A16013570474%3Bsource%3Alazada-search-voucher%3Bsn%3A2cc5dbdee968abe78d2a0a88c090c687%3BoriginPrice%3A68800000%3BdisplayPrice%3A68800000%3BisGray%3Afalse%3BsinglePromotionId%3A-1%3BsingleToolCode%3AmockedSalePrice%3BvoucherPricePlugin%3A0%3Btimestamp%3A1780167465147&ratingscore=4.46643109540636&request_id=2cc5dbdee968abe78d2a0a88c090c687&review=566&sale=1063&search=1&source=search&spm=a2o4j.searchlist.list.2&stock=1","","","2025-10-07"
"1780196625-472","https://www.lazada.co.id/products/pdp-i8608700849-s16013570474.html?c=&channelLpJumpArgs=&clickTrackInfo=query%253Ahp%252Bhdc%252Bvivo%253Bnid%253A8608700849%253Bsrc%253ALazadaMainSrp%253Brn%253A2cc5dbdee968abe78d2a0a88c090c687%253Bregion%253Aid%253Bsku%253A8608700849_ID%253Bprice%253A688000%253Bclient%253Adesktop%253Bsupplier_id%253A401099536002%253Bsession_id%253A%253Bbiz_source%253Ah5_internal%253Bslot%253A2%253Butlog_bucket_id%253A470687%253Basc_category_id%253A10100333%253Bitem_id%253A8608700849%253Bsku_id%253A16013570474%253Bshop_id%253A6307054%253BtemplateInfo%253A107879_A3_C_E%2523&freeshipping=1&fs_ab=2&fuse_fs=&lang=id&location=Kab.%20Tangerang&price=6.88E%205&priceCompare=skuId%3A16013570474%3Bsource%3Alazada-search-voucher%3Bsn%3A2cc5dbdee968abe78d2a0a88c090c687%3BoriginPrice%3A68800000%3BdisplayPrice%3A68800000%3BisGray%3Afalse%3BsinglePromotionId%3A-1%3BsingleToolCode%3AmockedSalePrice%3BvoucherPricePlugin%3A0%3Btimestamp%3A1780167465147&ratingscore=4.46643109540636&request_id=2cc5dbdee968abe78d2a0a88c090c687&review=566&sale=1063&search=1&source=search&spm=a2o4j.searchlist.list.2&stock=1","","","2025-08-12"
"1780196625-473","https://www.lazada.co.id/products/pdp-i8608700849-s16013570474.html?c=&channelLpJumpArgs=&clickTrackInfo=query%253Ahp%252Bhdc%252Bvivo%253Bnid%253A8608700849%253Bsrc%253ALazadaMainSrp%253Brn%253A2cc5dbdee968abe78d2a0a88c090c687%253Bregion%253Aid%253Bsku%253A8608700849_ID%253Bprice%253A688000%253Bclient%253Adesktop%253Bsupplier_id%253A401099536002%253Bsession_id%253A%253Bbiz_source%253Ah5_internal%253Bslot%253A2%253Butlog_bucket_id%253A470687%253Basc_category_id%253A10100333%253Bitem_id%253A8608700849%253Bsku_id%253A16013570474%253Bshop_id%253A6307054%253BtemplateInfo%253A107879_A3_C_E%2523&freeshipping=1&fs_ab=2&fuse_fs=&lang=id&location=Kab.%20Tangerang&price=6.88E%205&priceCompare=skuId%3A16013570474%3Bsource%3Alazada-search-voucher%3Bsn%3A2cc5dbdee968abe78d2a0a88c090c687%3BoriginPrice%3A68800000%3BdisplayPrice%3A68800000%3BisGray%3Afalse%3BsinglePromotionId%3A-1%3BsingleToolCode%3AmockedSalePrice%3BvoucherPricePlugin%3A0%3Btimestamp%3A1780167465147&ratingscore=4.46643109540636&request_id=2cc5dbdee968abe78d2a0a88c090c687&review=566&sale=1063&search=1&source=search&spm=a2o4j.searchlist.list.2&stock=1","","","2026-03-13"
"1780196625-474","https://www.lazada.co.id/products/pdp-i8608700849-s16013570474.html?c=&channelLpJumpArgs=&clickTrackInfo=query%253Ahp%252Bhdc%252Bvivo%253Bnid%253A8608700849%253Bsrc%253ALazadaMainSrp%253Brn%253A2cc5dbdee968abe78d2a0a88c090c687%253Bregion%253Aid%253Bsku%253A8608700849_ID%253Bprice%253A688000%253Bclient%253Adesktop%253Bsupplier_id%253A401099536002%253Bsession_id%253A%253Bbiz_source%253Ah5_internal%253Bslot%253A2%253Butlog_bucket_id%253A470687%253Basc_category_id%253A10100333%253Bitem_id%253A8608700849%253Bsku_id%253A16013570474%253Bshop_id%253A6307054%253BtemplateInfo%253A107879_A3_C_E%2523&freeshipping=1&fs_ab=2&fuse_fs=&lang=id&location=Kab.%20Tangerang&price=6.88E%205&priceCompare=skuId%3A16013570474%3Bsource%3Alazada-search-voucher%3Bsn%3A2cc5dbdee968abe78d2a0a88c090c687%3BoriginPrice%3A68800000%3BdisplayPrice%3A68800000%3BisGray%3Afalse%3BsinglePromotionId%3A-1%3BsingleToolCode%3AmockedSalePrice%3BvoucherPricePlugin%3A0%3Btimestamp%3A1780167465147&ratingscore=4.46643109540636&request_id=2cc5dbdee968abe78d2a0a88c090c687&review=566&sale=1063&search=1&source=search&spm=a2o4j.searchlist.list.2&stock=1","","","2025-12-08"
"1780196625-475","https://www.lazada.co.id/products/pdp-i8608700849-s16013570474.html?c=&channelLpJumpArgs=&clickTrackInfo=query%253Ahp%252Bhdc%252Bvivo%253Bnid%253A8608700849%253Bsrc%253ALazadaMainSrp%253Brn%253A2cc5dbdee968abe78d2a0a88c090c687%253Bregion%253Aid%253Bsku%253A8608700849_ID%253Bprice%253A688000%253Bclient%253Adesktop%253Bsupplier_id%253A401099536002%253Bsession_id%253A%253Bbiz_source%253Ah5_internal%253Bslot%253A2%253Butlog_bucket_id%253A470687%253Basc_category_id%253A10100333%253Bitem_id%253A8608700849%253Bsku_id%253A16013570474%253Bshop_id%253A6307054%253BtemplateInfo%253A107879_A3_C_E%2523&freeshipping=1&fs_ab=2&fuse_fs=&lang=id&location=Kab.%20Tangerang&price=6.88E%205&priceCompare=skuId%3A16013570474%3Bsource%3Alazada-search-voucher%3Bsn%3A2cc5dbdee968abe78d2a0a88c090c687%3BoriginPrice%3A68800000%3BdisplayPrice%3A68800000%3BisGray%3Afalse%3BsinglePromotionId%3A-1%3BsingleToolCode%3AmockedSalePrice%3BvoucherPricePlugin%3A0%3Btimestamp%3A1780167465147&ratingscore=4.46643109540636&request_id=2cc5dbdee968abe78d2a0a88c090c687&review=566&sale=1063&search=1&source=search&spm=a2o4j.searchlist.list.2&stock=1","","","2025-09-08"
"1780196625-476","https://www.lazada.co.id/products/pdp-i8608700849-s16013570474.html?c=&channelLpJumpArgs=&clickTrackInfo=query%253Ahp%252Bhdc%252Bvivo%253Bnid%253A8608700849%253Bsrc%253ALazadaMainSrp%253Brn%253A2cc5dbdee968abe78d2a0a88c090c687%253Bregion%253Aid%253Bsku%253A8608700849_ID%253Bprice%253A688000%253Bclient%253Adesktop%253Bsupplier_id%253A401099536002%253Bsession_id%253A%253Bbiz_source%253Ah5_internal%253Bslot%253A2%253Butlog_bucket_id%253A470687%253Basc_category_id%253A10100333%253Bitem_id%253A8608700849%253Bsku_id%253A16013570474%253Bshop_id%253A6307054%253BtemplateInfo%253A107879_A3_C_E%2523&freeshipping=1&fs_ab=2&fuse_fs=&lang=id&location=Kab.%20Tangerang&price=6.88E%205&priceCompare=skuId%3A16013570474%3Bsource%3Alazada-search-voucher%3Bsn%3A2cc5dbdee968abe78d2a0a88c090c687%3BoriginPrice%3A68800000%3BdisplayPrice%3A68800000%3BisGray%3Afalse%3BsinglePromotionId%3A-1%3BsingleToolCode%3AmockedSalePrice%3BvoucherPricePlugin%3A0%3Btimestamp%3A1780167465147&ratingscore=4.46643109540636&request_id=2cc5dbdee968abe78d2a0a88c090c687&review=566&sale=1063&search=1&source=search&spm=a2o4j.searchlist.list.2&stock=1","","","2025-08-25"
"1780196625-477","https://www.lazada.co.id/products/pdp-i8608700849-s16013570474.html?c=&channelLpJumpArgs=&clickTrackInfo=query%253Ahp%252Bhdc%252Bvivo%253Bnid%253A8608700849%253Bsrc%253ALazadaMainSrp%253Brn%253A2cc5dbdee968abe78d2a0a88c090c687%253Bregion%253Aid%253Bsku%253A8608700849_ID%253Bprice%253A688000%253Bclient%253Adesktop%253Bsupplier_id%253A401099536002%253Bsession_id%253A%253Bbiz_source%253Ah5_internal%253Bslot%253A2%253Butlog_bucket_id%253A470687%253Basc_category_id%253A10100333%253Bitem_id%253A8608700849%253Bsku_id%253A16013570474%253Bshop_id%253A6307054%253BtemplateInfo%253A107879_A3_C_E%2523&freeshipping=1&fs_ab=2&fuse_fs=&lang=id&location=Kab.%20Tangerang&price=6.88E%205&priceCompare=skuId%3A16013570474%3Bsource%3Alazada-search-voucher%3Bsn%3A2cc5dbdee968abe78d2a0a88c090c687%3BoriginPrice%3A68800000%3BdisplayPrice%3A68800000%3BisGray%3Afalse%3BsinglePromotionId%3A-1%3BsingleToolCode%3AmockedSalePrice%3BvoucherPricePlugin%3A0%3Btimestamp%3A1780167465147&ratingscore=4.46643109540636&request_id=2cc5dbdee968abe78d2a0a88c090c687&review=566&sale=1063&search=1&source=search&spm=a2o4j.searchlist.list.2&stock=1","","","2025-07-13"
"1780196625-478","https://www.lazada.co.id/products/pdp-i8608700849-s16013570474.html?c=&channelLpJumpArgs=&clickTrackInfo=query%253Ahp%252Bhdc%252Bvivo%253Bnid%253A8608700849%253Bsrc%253ALazadaMainSrp%253Brn%253A2cc5dbdee968abe78d2a0a88c090c687%253Bregion%253Aid%253Bsku%253A8608700849_ID%253Bprice%253A688000%253Bclient%253Adesktop%253Bsupplier_id%253A401099536002%253Bsession_id%253A%253Bbiz_source%253Ah5_internal%253Bslot%253A2%253Butlog_bucket_id%253A470687%253Basc_category_id%253A10100333%253Bitem_id%253A8608700849%253Bsku_id%253A16013570474%253Bshop_id%253A6307054%253BtemplateInfo%253A107879_A3_C_E%2523&freeshipping=1&fs_ab=2&fuse_fs=&lang=id&location=Kab.%20Tangerang&price=6.88E%205&priceCompare=skuId%3A16013570474%3Bsource%3Alazada-search-voucher%3Bsn%3A2cc5dbdee968abe78d2a0a88c090c687%3BoriginPrice%3A68800000%3BdisplayPrice%3A68800000%3BisGray%3Afalse%3BsinglePromotionId%3A-1%3BsingleToolCode%3AmockedSalePrice%3BvoucherPricePlugin%3A0%3Btimestamp%3A1780167465147&ratingscore=4.46643109540636&request_id=2cc5dbdee968abe78d2a0a88c090c687&review=566&sale=1063&search=1&source=search&spm=a2o4j.searchlist.list.2&stock=1","","","2025-11-28"
"1780196625-479","https://www.lazada.co.id/products/pdp-i8608700849-s16013570474.html?c=&channelLpJumpArgs=&clickTrackInfo=query%253Ahp%252Bhdc%252Bvivo%253Bnid%253A8608700849%253Bsrc%253ALazadaMainSrp%253Brn%253A2cc5dbdee968abe78d2a0a88c090c687%253Bregion%253Aid%253Bsku%253A8608700849_ID%253Bprice%253A688000%253Bclient%253Adesktop%253Bsupplier_id%253A401099536002%253Bsession_id%253A%253Bbiz_source%253Ah5_internal%253Bslot%253A2%253Butlog_bucket_id%253A470687%253Basc_category_id%253A10100333%253Bitem_id%253A8608700849%253Bsku_id%253A16013570474%253Bshop_id%253A6307054%253BtemplateInfo%253A107879_A3_C_E%2523&freeshipping=1&fs_ab=2&fuse_fs=&lang=id&location=Kab.%20Tangerang&price=6.88E%205&priceCompare=skuId%3A16013570474%3Bsource%3Alazada-search-voucher%3Bsn%3A2cc5dbdee968abe78d2a0a88c090c687%3BoriginPrice%3A68800000%3BdisplayPrice%3A68800000%3BisGray%3Afalse%3BsinglePromotionId%3A-1%3BsingleToolCode%3AmockedSalePrice%3BvoucherPricePlugin%3A0%3Btimestamp%3A1780167465147&ratingscore=4.46643109540636&request_id=2cc5dbdee968abe78d2a0a88c090c687&review=566&sale=1063&search=1&source=search&spm=a2o4j.searchlist.list.2&stock=1","","","2025-09-27"
"1780196625-480","https://www.lazada.co.id/products/pdp-i8608700849-s16013570474.html?c=&channelLpJumpArgs=&clickTrackInfo=query%253Ahp%252Bhdc%252Bvivo%253Bnid%253A8608700849%253Bsrc%253ALazadaMainSrp%253Brn%253A2cc5dbdee968abe78d2a0a88c090c687%253Bregion%253Aid%253Bsku%253A8608700849_ID%253Bprice%253A688000%253Bclient%253Adesktop%253Bsupplier_id%253A401099536002%253Bsession_id%253A%253Bbiz_source%253Ah5_internal%253Bslot%253A2%253Butlog_bucket_id%253A470687%253Basc_category_id%253A10100333%253Bitem_id%253A8608700849%253Bsku_id%253A16013570474%253Bshop_id%253A6307054%253BtemplateInfo%253A107879_A3_C_E%2523&freeshipping=1&fs_ab=2&fuse_fs=&lang=id&location=Kab.%20Tangerang&price=6.88E%205&priceCompare=skuId%3A16013570474%3Bsource%3Alazada-search-voucher%3Bsn%3A2cc5dbdee968abe78d2a0a88c090c687%3BoriginPrice%3A68800000%3BdisplayPrice%3A68800000%3BisGray%3Afalse%3BsinglePromotionId%3A-1%3BsingleToolCode%3AmockedSalePrice%3BvoucherPricePlugin%3A0%3Btimestamp%3A1780167465147&ratingscore=4.46643109540636&request_id=2cc5dbdee968abe78d2a0a88c090c687&review=566&sale=1063&search=1&source=search&spm=a2o4j.searchlist.list.2&stock=1","","","2025-09-30"
"1780196625-481","https://www.lazada.co.id/products/pdp-i8608700849-s16013570474.html?c=&channelLpJumpArgs=&clickTrackInfo=query%253Ahp%252Bhdc%252Bvivo%253Bnid%253A8608700849%253Bsrc%253ALazadaMainSrp%253Brn%253A2cc5dbdee968abe78d2a0a88c090c687%253Bregion%253Aid%253Bsku%253A8608700849_ID%253Bprice%253A688000%253Bclient%253Adesktop%253Bsupplier_id%253A401099536002%253Bsession_id%253A%253Bbiz_source%253Ah5_internal%253Bslot%253A2%253Butlog_bucket_id%253A470687%253Basc_category_id%253A10100333%253Bitem_id%253A8608700849%253Bsku_id%253A16013570474%253Bshop_id%253A6307054%253BtemplateInfo%253A107879_A3_C_E%2523&freeshipping=1&fs_ab=2&fuse_fs=&lang=id&location=Kab.%20Tangerang&price=6.88E%205&priceCompare=skuId%3A16013570474%3Bsource%3Alazada-search-voucher%3Bsn%3A2cc5dbdee968abe78d2a0a88c090c687%3BoriginPrice%3A68800000%3BdisplayPrice%3A68800000%3BisGray%3Afalse%3BsinglePromotionId%3A-1%3BsingleToolCode%3AmockedSalePrice%3BvoucherPricePlugin%3A0%3Btimestamp%3A1780167465147&ratingscore=4.46643109540636&request_id=2cc5dbdee968abe78d2a0a88c090c687&review=566&sale=1063&search=1&source=search&spm=a2o4j.searchlist.list.2&stock=1","","","2025-10-25"
"1780196625-482","https://www.lazada.co.id/products/pdp-i8608700849-s16013570474.html?c=&channelLpJumpArgs=&clickTrackInfo=query%253Ahp%252Bhdc%252Bvivo%253Bnid%253A8608700849%253Bsrc%253ALazadaMainSrp%253Brn%253A2cc5dbdee968abe78d2a0a88c090c687%253Bregion%253Aid%253Bsku%253A8608700849_ID%253Bprice%253A688000%253Bclient%253Adesktop%253Bsupplier_id%253A401099536002%253Bsession_id%253A%253Bbiz_source%253Ah5_internal%253Bslot%253A2%253Butlog_bucket_id%253A470687%253Basc_category_id%253A10100333%253Bitem_id%253A8608700849%253Bsku_id%253A16013570474%253Bshop_id%253A6307054%253BtemplateInfo%253A107879_A3_C_E%2523&freeshipping=1&fs_ab=2&fuse_fs=&lang=id&location=Kab.%20Tangerang&price=6.88E%205&priceCompare=skuId%3A16013570474%3Bsource%3Alazada-search-voucher%3Bsn%3A2cc5dbdee968abe78d2a0a88c090c687%3BoriginPrice%3A68800000%3BdisplayPrice%3A68800000%3BisGray%3Afalse%3BsinglePromotionId%3A-1%3BsingleToolCode%3AmockedSalePrice%3BvoucherPricePlugin%3A0%3Btimestamp%3A1780167465147&ratingscore=4.46643109540636&request_id=2cc5dbdee968abe78d2a0a88c090c687&review=566&sale=1063&search=1&source=search&spm=a2o4j.searchlist.list.2&stock=1","","","2025-10-29"
"1780196625-483","https://www.lazada.co.id/products/pdp-i8608700849-s16013570474.html?c=&channelLpJumpArgs=&clickTrackInfo=query%253Ahp%252Bhdc%252Bvivo%253Bnid%253A8608700849%253Bsrc%253ALazadaMainSrp%253Brn%253A2cc5dbdee968abe78d2a0a88c090c687%253Bregion%253Aid%253Bsku%253A8608700849_ID%253Bprice%253A688000%253Bclient%253Adesktop%253Bsupplier_id%253A401099536002%253Bsession_id%253A%253Bbiz_source%253Ah5_internal%253Bslot%253A2%253Butlog_bucket_id%253A470687%253Basc_category_id%253A10100333%253Bitem_id%253A8608700849%253Bsku_id%253A16013570474%253Bshop_id%253A6307054%253BtemplateInfo%253A107879_A3_C_E%2523&freeshipping=1&fs_ab=2&fuse_fs=&lang=id&location=Kab.%20Tangerang&price=6.88E%205&priceCompare=skuId%3A16013570474%3Bsource%3Alazada-search-voucher%3Bsn%3A2cc5dbdee968abe78d2a0a88c090c687%3BoriginPrice%3A68800000%3BdisplayPrice%3A68800000%3BisGray%3Afalse%3BsinglePromotionId%3A-1%3BsingleToolCode%3AmockedSalePrice%3BvoucherPricePlugin%3A0%3Btimestamp%3A1780167465147&ratingscore=4.46643109540636&request_id=2cc5dbdee968abe78d2a0a88c090c687&review=566&sale=1063&search=1&source=search&spm=a2o4j.searchlist.list.2&stock=1","","","2025-12-19"
"1780196625-484","https://www.lazada.co.id/products/pdp-i8608700849-s16013570474.html?c=&channelLpJumpArgs=&clickTrackInfo=query%253Ahp%252Bhdc%252Bvivo%253Bnid%253A8608700849%253Bsrc%253ALazadaMainSrp%253Brn%253A2cc5dbdee968abe78d2a0a88c090c687%253Bregion%253Aid%253Bsku%253A8608700849_ID%253Bprice%253A688000%253Bclient%253Adesktop%253Bsupplier_id%253A401099536002%253Bsession_id%253A%253Bbiz_source%253Ah5_internal%253Bslot%253A2%253Butlog_bucket_id%253A470687%253Basc_category_id%253A10100333%253Bitem_id%253A8608700849%253Bsku_id%253A16013570474%253Bshop_id%253A6307054%253BtemplateInfo%253A107879_A3_C_E%2523&freeshipping=1&fs_ab=2&fuse_fs=&lang=id&location=Kab.%20Tangerang&price=6.88E%205&priceCompare=skuId%3A16013570474%3Bsource%3Alazada-search-voucher%3Bsn%3A2cc5dbdee968abe78d2a0a88c090c687%3BoriginPrice%3A68800000%3BdisplayPrice%3A68800000%3BisGray%3Afalse%3BsinglePromotionId%3A-1%3BsingleToolCode%3AmockedSalePrice%3BvoucherPricePlugin%3A0%3Btimestamp%3A1780167465147&ratingscore=4.46643109540636&request_id=2cc5dbdee968abe78d2a0a88c090c687&review=566&sale=1063&search=1&source=search&spm=a2o4j.searchlist.list.2&stock=1","","","2026-01-03"
"1780196625-485","https://www.lazada.co.id/products/pdp-i8608700849-s16013570474.html?c=&channelLpJumpArgs=&clickTrackInfo=query%253Ahp%252Bhdc%252Bvivo%253Bnid%253A8608700849%253Bsrc%253ALazadaMainSrp%253Brn%253A2cc5dbdee968abe78d2a0a88c090c687%253Bregion%253Aid%253Bsku%253A8608700849_ID%253Bprice%253A688000%253Bclient%253Adesktop%253Bsupplier_id%253A401099536002%253Bsession_id%253A%253Bbiz_source%253Ah5_internal%253Bslot%253A2%253Butlog_bucket_id%253A470687%253Basc_category_id%253A10100333%253Bitem_id%253A8608700849%253Bsku_id%253A16013570474%253Bshop_id%253A6307054%253BtemplateInfo%253A107879_A3_C_E%2523&freeshipping=1&fs_ab=2&fuse_fs=&lang=id&location=Kab.%20Tangerang&price=6.88E%205&priceCompare=skuId%3A16013570474%3Bsource%3Alazada-search-voucher%3Bsn%3A2cc5dbdee968abe78d2a0a88c090c687%3BoriginPrice%3A68800000%3BdisplayPrice%3A68800000%3BisGray%3Afalse%3BsinglePromotionId%3A-1%3BsingleToolCode%3AmockedSalePrice%3BvoucherPricePlugin%3A0%3Btimestamp%3A1780167465147&ratingscore=4.46643109540636&request_id=2cc5dbdee968abe78d2a0a88c090c687&review=566&sale=1063&search=1&source=search&spm=a2o4j.searchlist.list.2&stock=1","","","2025-11-26"
"1780196625-486","https://www.lazada.co.id/products/pdp-i8608700849-s16013570474.html?c=&channelLpJumpArgs=&clickTrackInfo=query%253Ahp%252Bhdc%252Bvivo%253Bnid%253A8608700849%253Bsrc%253ALazadaMainSrp%253Brn%253A2cc5dbdee968abe78d2a0a88c090c687%253Bregion%253Aid%253Bsku%253A8608700849_ID%253Bprice%253A688000%253Bclient%253Adesktop%253Bsupplier_id%253A401099536002%253Bsession_id%253A%253Bbiz_source%253Ah5_internal%253Bslot%253A2%253Butlog_bucket_id%253A470687%253Basc_category_id%253A10100333%253Bitem_id%253A8608700849%253Bsku_id%253A16013570474%253Bshop_id%253A6307054%253BtemplateInfo%253A107879_A3_C_E%2523&freeshipping=1&fs_ab=2&fuse_fs=&lang=id&location=Kab.%20Tangerang&price=6.88E%205&priceCompare=skuId%3A16013570474%3Bsource%3Alazada-search-voucher%3Bsn%3A2cc5dbdee968abe78d2a0a88c090c687%3BoriginPrice%3A68800000%3BdisplayPrice%3A68800000%3BisGray%3Afalse%3BsinglePromotionId%3A-1%3BsingleToolCode%3AmockedSalePrice%3BvoucherPricePlugin%3A0%3Btimestamp%3A1780167465147&ratingscore=4.46643109540636&request_id=2cc5dbdee968abe78d2a0a88c090c687&review=566&sale=1063&search=1&source=search&spm=a2o4j.searchlist.list.2&stock=1","","","2025-10-29"
"1780196625-487","https://www.lazada.co.id/products/pdp-i8608700849-s16013570474.html?c=&channelLpJumpArgs=&clickTrackInfo=query%253Ahp%252Bhdc%252Bvivo%253Bnid%253A8608700849%253Bsrc%253ALazadaMainSrp%253Brn%253A2cc5dbdee968abe78d2a0a88c090c687%253Bregion%253Aid%253Bsku%253A8608700849_ID%253Bprice%253A688000%253Bclient%253Adesktop%253Bsupplier_id%253A401099536002%253Bsession_id%253A%253Bbiz_source%253Ah5_internal%253Bslot%253A2%253Butlog_bucket_id%253A470687%253Basc_category_id%253A10100333%253Bitem_id%253A8608700849%253Bsku_id%253A16013570474%253Bshop_id%253A6307054%253BtemplateInfo%253A107879_A3_C_E%2523&freeshipping=1&fs_ab=2&fuse_fs=&lang=id&location=Kab.%20Tangerang&price=6.88E%205&priceCompare=skuId%3A16013570474%3Bsource%3Alazada-search-voucher%3Bsn%3A2cc5dbdee968abe78d2a0a88c090c687%3BoriginPrice%3A68800000%3BdisplayPrice%3A68800000%3BisGray%3Afalse%3BsinglePromotionId%3A-1%3BsingleToolCode%3AmockedSalePrice%3BvoucherPricePlugin%3A0%3Btimestamp%3A1780167465147&ratingscore=4.46643109540636&request_id=2cc5dbdee968abe78d2a0a88c090c687&review=566&sale=1063&search=1&source=search&spm=a2o4j.searchlist.list.2&stock=1","","","2026-01-13"
"1780196625-488","https://www.lazada.co.id/products/pdp-i8608700849-s16013570474.html?c=&channelLpJumpArgs=&clickTrackInfo=query%253Ahp%252Bhdc%252Bvivo%253Bnid%253A8608700849%253Bsrc%253ALazadaMainSrp%253Brn%253A2cc5dbdee968abe78d2a0a88c090c687%253Bregion%253Aid%253Bsku%253A8608700849_ID%253Bprice%253A688000%253Bclient%253Adesktop%253Bsupplier_id%253A401099536002%253Bsession_id%253A%253Bbiz_source%253Ah5_internal%253Bslot%253A2%253Butlog_bucket_id%253A470687%253Basc_category_id%253A10100333%253Bitem_id%253A8608700849%253Bsku_id%253A16013570474%253Bshop_id%253A6307054%253BtemplateInfo%253A107879_A3_C_E%2523&freeshipping=1&fs_ab=2&fuse_fs=&lang=id&location=Kab.%20Tangerang&price=6.88E%205&priceCompare=skuId%3A16013570474%3Bsource%3Alazada-search-voucher%3Bsn%3A2cc5dbdee968abe78d2a0a88c090c687%3BoriginPrice%3A68800000%3BdisplayPrice%3A68800000%3BisGray%3Afalse%3BsinglePromotionId%3A-1%3BsingleToolCode%3AmockedSalePrice%3BvoucherPricePlugin%3A0%3Btimestamp%3A1780167465147&ratingscore=4.46643109540636&request_id=2cc5dbdee968abe78d2a0a88c090c687&review=566&sale=1063&search=1&source=search&spm=a2o4j.searchlist.list.2&stock=1","","","2026-03-04"
"1780196625-489","https://www.lazada.co.id/products/pdp-i8608700849-s16013570474.html?c=&channelLpJumpArgs=&clickTrackInfo=query%253Ahp%252Bhdc%252Bvivo%253Bnid%253A8608700849%253Bsrc%253ALazadaMainSrp%253Brn%253A2cc5dbdee968abe78d2a0a88c090c687%253Bregion%253Aid%253Bsku%253A8608700849_ID%253Bprice%253A688000%253Bclient%253Adesktop%253Bsupplier_id%253A401099536002%253Bsession_id%253A%253Bbiz_source%253Ah5_internal%253Bslot%253A2%253Butlog_bucket_id%253A470687%253Basc_category_id%253A10100333%253Bitem_id%253A8608700849%253Bsku_id%253A16013570474%253Bshop_id%253A6307054%253BtemplateInfo%253A107879_A3_C_E%2523&freeshipping=1&fs_ab=2&fuse_fs=&lang=id&location=Kab.%20Tangerang&price=6.88E%205&priceCompare=skuId%3A16013570474%3Bsource%3Alazada-search-voucher%3Bsn%3A2cc5dbdee968abe78d2a0a88c090c687%3BoriginPrice%3A68800000%3BdisplayPrice%3A68800000%3BisGray%3Afalse%3BsinglePromotionId%3A-1%3BsingleToolCode%3AmockedSalePrice%3BvoucherPricePlugin%3A0%3Btimestamp%3A1780167465147&ratingscore=4.46643109540636&request_id=2cc5dbdee968abe78d2a0a88c090c687&review=566&sale=1063&search=1&source=search&spm=a2o4j.searchlist.list.2&stock=1","","","2025-11-17"
"1780196625-490","https://www.lazada.co.id/products/pdp-i8608700849-s16013570474.html?c=&channelLpJumpArgs=&clickTrackInfo=query%253Ahp%252Bhdc%252Bvivo%253Bnid%253A8608700849%253Bsrc%253ALazadaMainSrp%253Brn%253A2cc5dbdee968abe78d2a0a88c090c687%253Bregion%253Aid%253Bsku%253A8608700849_ID%253Bprice%253A688000%253Bclient%253Adesktop%253Bsupplier_id%253A401099536002%253Bsession_id%253A%253Bbiz_source%253Ah5_internal%253Bslot%253A2%253Butlog_bucket_id%253A470687%253Basc_category_id%253A10100333%253Bitem_id%253A8608700849%253Bsku_id%253A16013570474%253Bshop_id%253A6307054%253BtemplateInfo%253A107879_A3_C_E%2523&freeshipping=1&fs_ab=2&fuse_fs=&lang=id&location=Kab.%20Tangerang&price=6.88E%205&priceCompare=skuId%3A16013570474%3Bsource%3Alazada-search-voucher%3Bsn%3A2cc5dbdee968abe78d2a0a88c090c687%3BoriginPrice%3A68800000%3BdisplayPrice%3A68800000%3BisGray%3Afalse%3BsinglePromotionId%3A-1%3BsingleToolCode%3AmockedSalePrice%3BvoucherPricePlugin%3A0%3Btimestamp%3A1780167465147&ratingscore=4.46643109540636&request_id=2cc5dbdee968abe78d2a0a88c090c687&review=566&sale=1063&search=1&source=search&spm=a2o4j.searchlist.list.2&stock=1","","","2025-08-30"
"1780196625-491","https://www.lazada.co.id/products/pdp-i8608700849-s16013570474.html?c=&channelLpJumpArgs=&clickTrackInfo=query%253Ahp%252Bhdc%252Bvivo%253Bnid%253A8608700849%253Bsrc%253ALazadaMainSrp%253Brn%253A2cc5dbdee968abe78d2a0a88c090c687%253Bregion%253Aid%253Bsku%253A8608700849_ID%253Bprice%253A688000%253Bclient%253Adesktop%253Bsupplier_id%253A401099536002%253Bsession_id%253A%253Bbiz_source%253Ah5_internal%253Bslot%253A2%253Butlog_bucket_id%253A470687%253Basc_category_id%253A10100333%253Bitem_id%253A8608700849%253Bsku_id%253A16013570474%253Bshop_id%253A6307054%253BtemplateInfo%253A107879_A3_C_E%2523&freeshipping=1&fs_ab=2&fuse_fs=&lang=id&location=Kab.%20Tangerang&price=6.88E%205&priceCompare=skuId%3A16013570474%3Bsource%3Alazada-search-voucher%3Bsn%3A2cc5dbdee968abe78d2a0a88c090c687%3BoriginPrice%3A68800000%3BdisplayPrice%3A68800000%3BisGray%3Afalse%3BsinglePromotionId%3A-1%3BsingleToolCode%3AmockedSalePrice%3BvoucherPricePlugin%3A0%3Btimestamp%3A1780167465147&ratingscore=4.46643109540636&request_id=2cc5dbdee968abe78d2a0a88c090c687&review=566&sale=1063&search=1&source=search&spm=a2o4j.searchlist.list.2&stock=1","","","2025-09-15"
"1780196625-492","https://www.lazada.co.id/products/pdp-i8608700849-s16013570474.html?c=&channelLpJumpArgs=&clickTrackInfo=query%253Ahp%252Bhdc%252Bvivo%253Bnid%253A8608700849%253Bsrc%253ALazadaMainSrp%253Brn%253A2cc5dbdee968abe78d2a0a88c090c687%253Bregion%253Aid%253Bsku%253A8608700849_ID%253Bprice%253A688000%253Bclient%253Adesktop%253Bsupplier_id%253A401099536002%253Bsession_id%253A%253Bbiz_source%253Ah5_internal%253Bslot%253A2%253Butlog_bucket_id%253A470687%253Basc_category_id%253A10100333%253Bitem_id%253A8608700849%253Bsku_id%253A16013570474%253Bshop_id%253A6307054%253BtemplateInfo%253A107879_A3_C_E%2523&freeshipping=1&fs_ab=2&fuse_fs=&lang=id&location=Kab.%20Tangerang&price=6.88E%205&priceCompare=skuId%3A16013570474%3Bsource%3Alazada-search-voucher%3Bsn%3A2cc5dbdee968abe78d2a0a88c090c687%3BoriginPrice%3A68800000%3BdisplayPrice%3A68800000%3BisGray%3Afalse%3BsinglePromotionId%3A-1%3BsingleToolCode%3AmockedSalePrice%3BvoucherPricePlugin%3A0%3Btimestamp%3A1780167465147&ratingscore=4.46643109540636&request_id=2cc5dbdee968abe78d2a0a88c090c687&review=566&sale=1063&search=1&source=search&spm=a2o4j.searchlist.list.2&stock=1","","","2025-12-16"
"1780196625-493","https://www.lazada.co.id/products/pdp-i8608700849-s16013570474.html?c=&channelLpJumpArgs=&clickTrackInfo=query%253Ahp%252Bhdc%252Bvivo%253Bnid%253A8608700849%253Bsrc%253ALazadaMainSrp%253Brn%253A2cc5dbdee968abe78d2a0a88c090c687%253Bregion%253Aid%253Bsku%253A8608700849_ID%253Bprice%253A688000%253Bclient%253Adesktop%253Bsupplier_id%253A401099536002%253Bsession_id%253A%253Bbiz_source%253Ah5_internal%253Bslot%253A2%253Butlog_bucket_id%253A470687%253Basc_category_id%253A10100333%253Bitem_id%253A8608700849%253Bsku_id%253A16013570474%253Bshop_id%253A6307054%253BtemplateInfo%253A107879_A3_C_E%2523&freeshipping=1&fs_ab=2&fuse_fs=&lang=id&location=Kab.%20Tangerang&price=6.88E%205&priceCompare=skuId%3A16013570474%3Bsource%3Alazada-search-voucher%3Bsn%3A2cc5dbdee968abe78d2a0a88c090c687%3BoriginPrice%3A68800000%3BdisplayPrice%3A68800000%3BisGray%3Afalse%3BsinglePromotionId%3A-1%3BsingleToolCode%3AmockedSalePrice%3BvoucherPricePlugin%3A0%3Btimestamp%3A1780167465147&ratingscore=4.46643109540636&request_id=2cc5dbdee968abe78d2a0a88c090c687&review=566&sale=1063&search=1&source=search&spm=a2o4j.searchlist.list.2&stock=1","","","2026-03-30"
"1780196625-494","https://www.lazada.co.id/products/pdp-i8608700849-s16013570474.html?c=&channelLpJumpArgs=&clickTrackInfo=query%253Ahp%252Bhdc%252Bvivo%253Bnid%253A8608700849%253Bsrc%253ALazadaMainSrp%253Brn%253A2cc5dbdee968abe78d2a0a88c090c687%253Bregion%253Aid%253Bsku%253A8608700849_ID%253Bprice%253A688000%253Bclient%253Adesktop%253Bsupplier_id%253A401099536002%253Bsession_id%253A%253Bbiz_source%253Ah5_internal%253Bslot%253A2%253Butlog_bucket_id%253A470687%253Basc_category_id%253A10100333%253Bitem_id%253A8608700849%253Bsku_id%253A16013570474%253Bshop_id%253A6307054%253BtemplateInfo%253A107879_A3_C_E%2523&freeshipping=1&fs_ab=2&fuse_fs=&lang=id&location=Kab.%20Tangerang&price=6.88E%205&priceCompare=skuId%3A16013570474%3Bsource%3Alazada-search-voucher%3Bsn%3A2cc5dbdee968abe78d2a0a88c090c687%3BoriginPrice%3A68800000%3BdisplayPrice%3A68800000%3BisGray%3Afalse%3BsinglePromotionId%3A-1%3BsingleToolCode%3AmockedSalePrice%3BvoucherPricePlugin%3A0%3Btimestamp%3A1780167465147&ratingscore=4.46643109540636&request_id=2cc5dbdee968abe78d2a0a88c090c687&review=566&sale=1063&search=1&source=search&spm=a2o4j.searchlist.list.2&stock=1","","","2026-02-14"
"1780196625-495","https://www.lazada.co.id/products/pdp-i8608700849-s16013570474.html?c=&channelLpJumpArgs=&clickTrackInfo=query%253Ahp%252Bhdc%252Bvivo%253Bnid%253A8608700849%253Bsrc%253ALazadaMainSrp%253Brn%253A2cc5dbdee968abe78d2a0a88c090c687%253Bregion%253Aid%253Bsku%253A8608700849_ID%253Bprice%253A688000%253Bclient%253Adesktop%253Bsupplier_id%253A401099536002%253Bsession_id%253A%253Bbiz_source%253Ah5_internal%253Bslot%253A2%253Butlog_bucket_id%253A470687%253Basc_category_id%253A10100333%253Bitem_id%253A8608700849%253Bsku_id%253A16013570474%253Bshop_id%253A6307054%253BtemplateInfo%253A107879_A3_C_E%2523&freeshipping=1&fs_ab=2&fuse_fs=&lang=id&location=Kab.%20Tangerang&price=6.88E%205&priceCompare=skuId%3A16013570474%3Bsource%3Alazada-search-voucher%3Bsn%3A2cc5dbdee968abe78d2a0a88c090c687%3BoriginPrice%3A68800000%3BdisplayPrice%3A68800000%3BisGray%3Afalse%3BsinglePromotionId%3A-1%3BsingleToolCode%3AmockedSalePrice%3BvoucherPricePlugin%3A0%3Btimestamp%3A1780167465147&ratingscore=4.46643109540636&request_id=2cc5dbdee968abe78d2a0a88c090c687&review=566&sale=1063&search=1&source=search&spm=a2o4j.searchlist.list.2&stock=1","","","2025-10-03"
"1780196625-496","https://www.lazada.co.id/products/pdp-i8608700849-s16013570474.html?c=&channelLpJumpArgs=&clickTrackInfo=query%253Ahp%252Bhdc%252Bvivo%253Bnid%253A8608700849%253Bsrc%253ALazadaMainSrp%253Brn%253A2cc5dbdee968abe78d2a0a88c090c687%253Bregion%253Aid%253Bsku%253A8608700849_ID%253Bprice%253A688000%253Bclient%253Adesktop%253Bsupplier_id%253A401099536002%253Bsession_id%253A%253Bbiz_source%253Ah5_internal%253Bslot%253A2%253Butlog_bucket_id%253A470687%253Basc_category_id%253A10100333%253Bitem_id%253A8608700849%253Bsku_id%253A16013570474%253Bshop_id%253A6307054%253BtemplateInfo%253A107879_A3_C_E%2523&freeshipping=1&fs_ab=2&fuse_fs=&lang=id&location=Kab.%20Tangerang&price=6.88E%205&priceCompare=skuId%3A16013570474%3Bsource%3Alazada-search-voucher%3Bsn%3A2cc5dbdee968abe78d2a0a88c090c687%3BoriginPrice%3A68800000%3BdisplayPrice%3A68800000%3BisGray%3Afalse%3BsinglePromotionId%3A-1%3BsingleToolCode%3AmockedSalePrice%3BvoucherPricePlugin%3A0%3Btimestamp%3A1780167465147&ratingscore=4.46643109540636&request_id=2cc5dbdee968abe78d2a0a88c090c687&review=566&sale=1063&search=1&source=search&spm=a2o4j.searchlist.list.2&stock=1","","","2025-09-16"
"1780196625-497","https://www.lazada.co.id/products/pdp-i8608700849-s16013570474.html?c=&channelLpJumpArgs=&clickTrackInfo=query%253Ahp%252Bhdc%252Bvivo%253Bnid%253A8608700849%253Bsrc%253ALazadaMainSrp%253Brn%253A2cc5dbdee968abe78d2a0a88c090c687%253Bregion%253Aid%253Bsku%253A8608700849_ID%253Bprice%253A688000%253Bclient%253Adesktop%253Bsupplier_id%253A401099536002%253Bsession_id%253A%253Bbiz_source%253Ah5_internal%253Bslot%253A2%253Butlog_bucket_id%253A470687%253Basc_category_id%253A10100333%253Bitem_id%253A8608700849%253Bsku_id%253A16013570474%253Bshop_id%253A6307054%253BtemplateInfo%253A107879_A3_C_E%2523&freeshipping=1&fs_ab=2&fuse_fs=&lang=id&location=Kab.%20Tangerang&price=6.88E%205&priceCompare=skuId%3A16013570474%3Bsource%3Alazada-search-voucher%3Bsn%3A2cc5dbdee968abe78d2a0a88c090c687%3BoriginPrice%3A68800000%3BdisplayPrice%3A68800000%3BisGray%3Afalse%3BsinglePromotionId%3A-1%3BsingleToolCode%3AmockedSalePrice%3BvoucherPricePlugin%3A0%3Btimestamp%3A1780167465147&ratingscore=4.46643109540636&request_id=2cc5dbdee968abe78d2a0a88c090c687&review=566&sale=1063&search=1&source=search&spm=a2o4j.searchlist.list.2&stock=1","","","2025-11-03"
"1780196625-498","https://www.lazada.co.id/products/pdp-i8608700849-s16013570474.html?c=&channelLpJumpArgs=&clickTrackInfo=query%253Ahp%252Bhdc%252Bvivo%253Bnid%253A8608700849%253Bsrc%253ALazadaMainSrp%253Brn%253A2cc5dbdee968abe78d2a0a88c090c687%253Bregion%253Aid%253Bsku%253A8608700849_ID%253Bprice%253A688000%253Bclient%253Adesktop%253Bsupplier_id%253A401099536002%253Bsession_id%253A%253Bbiz_source%253Ah5_internal%253Bslot%253A2%253Butlog_bucket_id%253A470687%253Basc_category_id%253A10100333%253Bitem_id%253A8608700849%253Bsku_id%253A16013570474%253Bshop_id%253A6307054%253BtemplateInfo%253A107879_A3_C_E%2523&freeshipping=1&fs_ab=2&fuse_fs=&lang=id&location=Kab.%20Tangerang&price=6.88E%205&priceCompare=skuId%3A16013570474%3Bsource%3Alazada-search-voucher%3Bsn%3A2cc5dbdee968abe78d2a0a88c090c687%3BoriginPrice%3A68800000%3BdisplayPrice%3A68800000%3BisGray%3Afalse%3BsinglePromotionId%3A-1%3BsingleToolCode%3AmockedSalePrice%3BvoucherPricePlugin%3A0%3Btimestamp%3A1780167465147&ratingscore=4.46643109540636&request_id=2cc5dbdee968abe78d2a0a88c090c687&review=566&sale=1063&search=1&source=search&spm=a2o4j.searchlist.list.2&stock=1","","","2025-08-26"
"1780196625-499","https://www.lazada.co.id/products/pdp-i8608700849-s16013570474.html?c=&channelLpJumpArgs=&clickTrackInfo=query%253Ahp%252Bhdc%252Bvivo%253Bnid%253A8608700849%253Bsrc%253ALazadaMainSrp%253Brn%253A2cc5dbdee968abe78d2a0a88c090c687%253Bregion%253Aid%253Bsku%253A8608700849_ID%253Bprice%253A688000%253Bclient%253Adesktop%253Bsupplier_id%253A401099536002%253Bsession_id%253A%253Bbiz_source%253Ah5_internal%253Bslot%253A2%253Butlog_bucket_id%253A470687%253Basc_category_id%253A10100333%253Bitem_id%253A8608700849%253Bsku_id%253A16013570474%253Bshop_id%253A6307054%253BtemplateInfo%253A107879_A3_C_E%2523&freeshipping=1&fs_ab=2&fuse_fs=&lang=id&location=Kab.%20Tangerang&price=6.88E%205&priceCompare=skuId%3A16013570474%3Bsource%3Alazada-search-voucher%3Bsn%3A2cc5dbdee968abe78d2a0a88c090c687%3BoriginPrice%3A68800000%3BdisplayPrice%3A68800000%3BisGray%3Afalse%3BsinglePromotionId%3A-1%3BsingleToolCode%3AmockedSalePrice%3BvoucherPricePlugin%3A0%3Btimestamp%3A1780167465147&ratingscore=4.46643109540636&request_id=2cc5dbdee968abe78d2a0a88c090c687&review=566&sale=1063&search=1&source=search&spm=a2o4j.searchlist.list.2&stock=1","","","2026-02-04"
"1780196625-500","https://www.lazada.co.id/products/pdp-i8608700849-s16013570474.html?c=&channelLpJumpArgs=&clickTrackInfo=query%253Ahp%252Bhdc%252Bvivo%253Bnid%253A8608700849%253Bsrc%253ALazadaMainSrp%253Brn%253A2cc5dbdee968abe78d2a0a88c090c687%253Bregion%253Aid%253Bsku%253A8608700849_ID%253Bprice%253A688000%253Bclient%253Adesktop%253Bsupplier_id%253A401099536002%253Bsession_id%253A%253Bbiz_source%253Ah5_internal%253Bslot%253A2%253Butlog_bucket_id%253A470687%253Basc_category_id%253A10100333%253Bitem_id%253A8608700849%253Bsku_id%253A16013570474%253Bshop_id%253A6307054%253BtemplateInfo%253A107879_A3_C_E%2523&freeshipping=1&fs_ab=2&fuse_fs=&lang=id&location=Kab.%20Tangerang&price=6.88E%205&priceCompare=skuId%3A16013570474%3Bsource%3Alazada-search-voucher%3Bsn%3A2cc5dbdee968abe78d2a0a88c090c687%3BoriginPrice%3A68800000%3BdisplayPrice%3A68800000%3BisGray%3Afalse%3BsinglePromotionId%3A-1%3BsingleToolCode%3AmockedSalePrice%3BvoucherPricePlugin%3A0%3Btimestamp%3A1780167465147&ratingscore=4.46643109540636&request_id=2cc5dbdee968abe78d2a0a88c090c687&review=566&sale=1063&search=1&source=search&spm=a2o4j.searchlist.list.2&stock=1","","","2025-10-17"
"1780196625-501","https://www.lazada.co.id/products/pdp-i8608700849-s16013570474.html?c=&channelLpJumpArgs=&clickTrackInfo=query%253Ahp%252Bhdc%252Bvivo%253Bnid%253A8608700849%253Bsrc%253ALazadaMainSrp%253Brn%253A2cc5dbdee968abe78d2a0a88c090c687%253Bregion%253Aid%253Bsku%253A8608700849_ID%253Bprice%253A688000%253Bclient%253Adesktop%253Bsupplier_id%253A401099536002%253Bsession_id%253A%253Bbiz_source%253Ah5_internal%253Bslot%253A2%253Butlog_bucket_id%253A470687%253Basc_category_id%253A10100333%253Bitem_id%253A8608700849%253Bsku_id%253A16013570474%253Bshop_id%253A6307054%253BtemplateInfo%253A107879_A3_C_E%2523&freeshipping=1&fs_ab=2&fuse_fs=&lang=id&location=Kab.%20Tangerang&price=6.88E%205&priceCompare=skuId%3A16013570474%3Bsource%3Alazada-search-voucher%3Bsn%3A2cc5dbdee968abe78d2a0a88c090c687%3BoriginPrice%3A68800000%3BdisplayPrice%3A68800000%3BisGray%3Afalse%3BsinglePromotionId%3A-1%3BsingleToolCode%3AmockedSalePrice%3BvoucherPricePlugin%3A0%3Btimestamp%3A1780167465147&ratingscore=4.46643109540636&request_id=2cc5dbdee968abe78d2a0a88c090c687&review=566&sale=1063&search=1&source=search&spm=a2o4j.searchlist.list.2&stock=1","","","2025-12-30"
"1780196625-502","https://www.lazada.co.id/products/pdp-i8608700849-s16013570474.html?c=&channelLpJumpArgs=&clickTrackInfo=query%253Ahp%252Bhdc%252Bvivo%253Bnid%253A8608700849%253Bsrc%253ALazadaMainSrp%253Brn%253A2cc5dbdee968abe78d2a0a88c090c687%253Bregion%253Aid%253Bsku%253A8608700849_ID%253Bprice%253A688000%253Bclient%253Adesktop%253Bsupplier_id%253A401099536002%253Bsession_id%253A%253Bbiz_source%253Ah5_internal%253Bslot%253A2%253Butlog_bucket_id%253A470687%253Basc_category_id%253A10100333%253Bitem_id%253A8608700849%253Bsku_id%253A16013570474%253Bshop_id%253A6307054%253BtemplateInfo%253A107879_A3_C_E%2523&freeshipping=1&fs_ab=2&fuse_fs=&lang=id&location=Kab.%20Tangerang&price=6.88E%205&priceCompare=skuId%3A16013570474%3Bsource%3Alazada-search-voucher%3Bsn%3A2cc5dbdee968abe78d2a0a88c090c687%3BoriginPrice%3A68800000%3BdisplayPrice%3A68800000%3BisGray%3Afalse%3BsinglePromotionId%3A-1%3BsingleToolCode%3AmockedSalePrice%3BvoucherPricePlugin%3A0%3Btimestamp%3A1780167465147&ratingscore=4.46643109540636&request_id=2cc5dbdee968abe78d2a0a88c090c687&review=566&sale=1063&search=1&source=search&spm=a2o4j.searchlist.list.2&stock=1","","","2025-07-15"
"1780196625-503","https://www.lazada.co.id/products/pdp-i8608700849-s16013570474.html?c=&channelLpJumpArgs=&clickTrackInfo=query%253Ahp%252Bhdc%252Bvivo%253Bnid%253A8608700849%253Bsrc%253ALazadaMainSrp%253Brn%253A2cc5dbdee968abe78d2a0a88c090c687%253Bregion%253Aid%253Bsku%253A8608700849_ID%253Bprice%253A688000%253Bclient%253Adesktop%253Bsupplier_id%253A401099536002%253Bsession_id%253A%253Bbiz_source%253Ah5_internal%253Bslot%253A2%253Butlog_bucket_id%253A470687%253Basc_category_id%253A10100333%253Bitem_id%253A8608700849%253Bsku_id%253A16013570474%253Bshop_id%253A6307054%253BtemplateInfo%253A107879_A3_C_E%2523&freeshipping=1&fs_ab=2&fuse_fs=&lang=id&location=Kab.%20Tangerang&price=6.88E%205&priceCompare=skuId%3A16013570474%3Bsource%3Alazada-search-voucher%3Bsn%3A2cc5dbdee968abe78d2a0a88c090c687%3BoriginPrice%3A68800000%3BdisplayPrice%3A68800000%3BisGray%3Afalse%3BsinglePromotionId%3A-1%3BsingleToolCode%3AmockedSalePrice%3BvoucherPricePlugin%3A0%3Btimestamp%3A1780167465147&ratingscore=4.46643109540636&request_id=2cc5dbdee968abe78d2a0a88c090c687&review=566&sale=1063&search=1&source=search&spm=a2o4j.searchlist.list.2&stock=1","","","2026-02-11"
"1780196625-504","https://www.lazada.co.id/products/pdp-i8608700849-s16013570474.html?c=&channelLpJumpArgs=&clickTrackInfo=query%253Ahp%252Bhdc%252Bvivo%253Bnid%253A8608700849%253Bsrc%253ALazadaMainSrp%253Brn%253A2cc5dbdee968abe78d2a0a88c090c687%253Bregion%253Aid%253Bsku%253A8608700849_ID%253Bprice%253A688000%253Bclient%253Adesktop%253Bsupplier_id%253A401099536002%253Bsession_id%253A%253Bbiz_source%253Ah5_internal%253Bslot%253A2%253Butlog_bucket_id%253A470687%253Basc_category_id%253A10100333%253Bitem_id%253A8608700849%253Bsku_id%253A16013570474%253Bshop_id%253A6307054%253BtemplateInfo%253A107879_A3_C_E%2523&freeshipping=1&fs_ab=2&fuse_fs=&lang=id&location=Kab.%20Tangerang&price=6.88E%205&priceCompare=skuId%3A16013570474%3Bsource%3Alazada-search-voucher%3Bsn%3A2cc5dbdee968abe78d2a0a88c090c687%3BoriginPrice%3A68800000%3BdisplayPrice%3A68800000%3BisGray%3Afalse%3BsinglePromotionId%3A-1%3BsingleToolCode%3AmockedSalePrice%3BvoucherPricePlugin%3A0%3Btimestamp%3A1780167465147&ratingscore=4.46643109540636&request_id=2cc5dbdee968abe78d2a0a88c090c687&review=566&sale=1063&search=1&source=search&spm=a2o4j.searchlist.list.2&stock=1","","","2025-12-13"
"1780196625-505","https://www.lazada.co.id/products/pdp-i8608700849-s16013570474.html?c=&channelLpJumpArgs=&clickTrackInfo=query%253Ahp%252Bhdc%252Bvivo%253Bnid%253A8608700849%253Bsrc%253ALazadaMainSrp%253Brn%253A2cc5dbdee968abe78d2a0a88c090c687%253Bregion%253Aid%253Bsku%253A8608700849_ID%253Bprice%253A688000%253Bclient%253Adesktop%253Bsupplier_id%253A401099536002%253Bsession_id%253A%253Bbiz_source%253Ah5_internal%253Bslot%253A2%253Butlog_bucket_id%253A470687%253Basc_category_id%253A10100333%253Bitem_id%253A8608700849%253Bsku_id%253A16013570474%253Bshop_id%253A6307054%253BtemplateInfo%253A107879_A3_C_E%2523&freeshipping=1&fs_ab=2&fuse_fs=&lang=id&location=Kab.%20Tangerang&price=6.88E%205&priceCompare=skuId%3A16013570474%3Bsource%3Alazada-search-voucher%3Bsn%3A2cc5dbdee968abe78d2a0a88c090c687%3BoriginPrice%3A68800000%3BdisplayPrice%3A68800000%3BisGray%3Afalse%3BsinglePromotionId%3A-1%3BsingleToolCode%3AmockedSalePrice%3BvoucherPricePlugin%3A0%3Btimestamp%3A1780167465147&ratingscore=4.46643109540636&request_id=2cc5dbdee968abe78d2a0a88c090c687&review=566&sale=1063&search=1&source=search&spm=a2o4j.searchlist.list.2&stock=1","","","2025-12-14"
"1780196625-506","https://www.lazada.co.id/products/pdp-i8608700849-s16013570474.html?c=&channelLpJumpArgs=&clickTrackInfo=query%253Ahp%252Bhdc%252Bvivo%253Bnid%253A8608700849%253Bsrc%253ALazadaMainSrp%253Brn%253A2cc5dbdee968abe78d2a0a88c090c687%253Bregion%253Aid%253Bsku%253A8608700849_ID%253Bprice%253A688000%253Bclient%253Adesktop%253Bsupplier_id%253A401099536002%253Bsession_id%253A%253Bbiz_source%253Ah5_internal%253Bslot%253A2%253Butlog_bucket_id%253A470687%253Basc_category_id%253A10100333%253Bitem_id%253A8608700849%253Bsku_id%253A16013570474%253Bshop_id%253A6307054%253BtemplateInfo%253A107879_A3_C_E%2523&freeshipping=1&fs_ab=2&fuse_fs=&lang=id&location=Kab.%20Tangerang&price=6.88E%205&priceCompare=skuId%3A16013570474%3Bsource%3Alazada-search-voucher%3Bsn%3A2cc5dbdee968abe78d2a0a88c090c687%3BoriginPrice%3A68800000%3BdisplayPrice%3A68800000%3BisGray%3Afalse%3BsinglePromotionId%3A-1%3BsingleToolCode%3AmockedSalePrice%3BvoucherPricePlugin%3A0%3Btimestamp%3A1780167465147&ratingscore=4.46643109540636&request_id=2cc5dbdee968abe78d2a0a88c090c687&review=566&sale=1063&search=1&source=search&spm=a2o4j.searchlist.list.2&stock=1","","","2026-02-06"
"1780196625-507","https://www.lazada.co.id/products/pdp-i8608700849-s16013570474.html?c=&channelLpJumpArgs=&clickTrackInfo=query%253Ahp%252Bhdc%252Bvivo%253Bnid%253A8608700849%253Bsrc%253ALazadaMainSrp%253Brn%253A2cc5dbdee968abe78d2a0a88c090c687%253Bregion%253Aid%253Bsku%253A8608700849_ID%253Bprice%253A688000%253Bclient%253Adesktop%253Bsupplier_id%253A401099536002%253Bsession_id%253A%253Bbiz_source%253Ah5_internal%253Bslot%253A2%253Butlog_bucket_id%253A470687%253Basc_category_id%253A10100333%253Bitem_id%253A8608700849%253Bsku_id%253A16013570474%253Bshop_id%253A6307054%253BtemplateInfo%253A107879_A3_C_E%2523&freeshipping=1&fs_ab=2&fuse_fs=&lang=id&location=Kab.%20Tangerang&price=6.88E%205&priceCompare=skuId%3A16013570474%3Bsource%3Alazada-search-voucher%3Bsn%3A2cc5dbdee968abe78d2a0a88c090c687%3BoriginPrice%3A68800000%3BdisplayPrice%3A68800000%3BisGray%3Afalse%3BsinglePromotionId%3A-1%3BsingleToolCode%3AmockedSalePrice%3BvoucherPricePlugin%3A0%3Btimestamp%3A1780167465147&ratingscore=4.46643109540636&request_id=2cc5dbdee968abe78d2a0a88c090c687&review=566&sale=1063&search=1&source=search&spm=a2o4j.searchlist.list.2&stock=1","","","2025-10-07"
"1780196625-508","https://www.lazada.co.id/products/pdp-i8608700849-s16013570474.html?c=&channelLpJumpArgs=&clickTrackInfo=query%253Ahp%252Bhdc%252Bvivo%253Bnid%253A8608700849%253Bsrc%253ALazadaMainSrp%253Brn%253A2cc5dbdee968abe78d2a0a88c090c687%253Bregion%253Aid%253Bsku%253A8608700849_ID%253Bprice%253A688000%253Bclient%253Adesktop%253Bsupplier_id%253A401099536002%253Bsession_id%253A%253Bbiz_source%253Ah5_internal%253Bslot%253A2%253Butlog_bucket_id%253A470687%253Basc_category_id%253A10100333%253Bitem_id%253A8608700849%253Bsku_id%253A16013570474%253Bshop_id%253A6307054%253BtemplateInfo%253A107879_A3_C_E%2523&freeshipping=1&fs_ab=2&fuse_fs=&lang=id&location=Kab.%20Tangerang&price=6.88E%205&priceCompare=skuId%3A16013570474%3Bsource%3Alazada-search-voucher%3Bsn%3A2cc5dbdee968abe78d2a0a88c090c687%3BoriginPrice%3A68800000%3BdisplayPrice%3A68800000%3BisGray%3Afalse%3BsinglePromotionId%3A-1%3BsingleToolCode%3AmockedSalePrice%3BvoucherPricePlugin%3A0%3Btimestamp%3A1780167465147&ratingscore=4.46643109540636&request_id=2cc5dbdee968abe78d2a0a88c090c687&review=566&sale=1063&search=1&source=search&spm=a2o4j.searchlist.list.2&stock=1","","","2026-02-26"
"1780196625-509","https://www.lazada.co.id/products/pdp-i8608700849-s16013570474.html?c=&channelLpJumpArgs=&clickTrackInfo=query%253Ahp%252Bhdc%252Bvivo%253Bnid%253A8608700849%253Bsrc%253ALazadaMainSrp%253Brn%253A2cc5dbdee968abe78d2a0a88c090c687%253Bregion%253Aid%253Bsku%253A8608700849_ID%253Bprice%253A688000%253Bclient%253Adesktop%253Bsupplier_id%253A401099536002%253Bsession_id%253A%253Bbiz_source%253Ah5_internal%253Bslot%253A2%253Butlog_bucket_id%253A470687%253Basc_category_id%253A10100333%253Bitem_id%253A8608700849%253Bsku_id%253A16013570474%253Bshop_id%253A6307054%253BtemplateInfo%253A107879_A3_C_E%2523&freeshipping=1&fs_ab=2&fuse_fs=&lang=id&location=Kab.%20Tangerang&price=6.88E%205&priceCompare=skuId%3A16013570474%3Bsource%3Alazada-search-voucher%3Bsn%3A2cc5dbdee968abe78d2a0a88c090c687%3BoriginPrice%3A68800000%3BdisplayPrice%3A68800000%3BisGray%3Afalse%3BsinglePromotionId%3A-1%3BsingleToolCode%3AmockedSalePrice%3BvoucherPricePlugin%3A0%3Btimestamp%3A1780167465147&ratingscore=4.46643109540636&request_id=2cc5dbdee968abe78d2a0a88c090c687&review=566&sale=1063&search=1&source=search&spm=a2o4j.searchlist.list.2&stock=1","","","2025-11-14"
"1780196625-510","https://www.lazada.co.id/products/pdp-i8608700849-s16013570474.html?c=&channelLpJumpArgs=&clickTrackInfo=query%253Ahp%252Bhdc%252Bvivo%253Bnid%253A8608700849%253Bsrc%253ALazadaMainSrp%253Brn%253A2cc5dbdee968abe78d2a0a88c090c687%253Bregion%253Aid%253Bsku%253A8608700849_ID%253Bprice%253A688000%253Bclient%253Adesktop%253Bsupplier_id%253A401099536002%253Bsession_id%253A%253Bbiz_source%253Ah5_internal%253Bslot%253A2%253Butlog_bucket_id%253A470687%253Basc_category_id%253A10100333%253Bitem_id%253A8608700849%253Bsku_id%253A16013570474%253Bshop_id%253A6307054%253BtemplateInfo%253A107879_A3_C_E%2523&freeshipping=1&fs_ab=2&fuse_fs=&lang=id&location=Kab.%20Tangerang&price=6.88E%205&priceCompare=skuId%3A16013570474%3Bsource%3Alazada-search-voucher%3Bsn%3A2cc5dbdee968abe78d2a0a88c090c687%3BoriginPrice%3A68800000%3BdisplayPrice%3A68800000%3BisGray%3Afalse%3BsinglePromotionId%3A-1%3BsingleToolCode%3AmockedSalePrice%3BvoucherPricePlugin%3A0%3Btimestamp%3A1780167465147&ratingscore=4.46643109540636&request_id=2cc5dbdee968abe78d2a0a88c090c687&review=566&sale=1063&search=1&source=search&spm=a2o4j.searchlist.list.2&stock=1","","","3 minggu lalu"
"1780196625-511","https://www.lazada.co.id/products/pdp-i8608700849-s16013570474.html?c=&channelLpJumpArgs=&clickTrackInfo=query%253Ahp%252Bhdc%252Bvivo%253Bnid%253A8608700849%253Bsrc%253ALazadaMainSrp%253Brn%253A2cc5dbdee968abe78d2a0a88c090c687%253Bregion%253Aid%253Bsku%253A8608700849_ID%253Bprice%253A688000%253Bclient%253Adesktop%253Bsupplier_id%253A401099536002%253Bsession_id%253A%253Bbiz_source%253Ah5_internal%253Bslot%253A2%253Butlog_bucket_id%253A470687%253Basc_category_id%253A10100333%253Bitem_id%253A8608700849%253Bsku_id%253A16013570474%253Bshop_id%253A6307054%253BtemplateInfo%253A107879_A3_C_E%2523&freeshipping=1&fs_ab=2&fuse_fs=&lang=id&location=Kab.%20Tangerang&price=6.88E%205&priceCompare=skuId%3A16013570474%3Bsource%3Alazada-search-voucher%3Bsn%3A2cc5dbdee968abe78d2a0a88c090c687%3BoriginPrice%3A68800000%3BdisplayPrice%3A68800000%3BisGray%3Afalse%3BsinglePromotionId%3A-1%3BsingleToolCode%3AmockedSalePrice%3BvoucherPricePlugin%3A0%3Btimestamp%3A1780167465147&ratingscore=4.46643109540636&request_id=2cc5dbdee968abe78d2a0a88c090c687&review=566&sale=1063&search=1&source=search&spm=a2o4j.searchlist.list.2&stock=1","","","2025-12-15"
"1780196625-512","https://www.lazada.co.id/products/pdp-i8608700849-s16013570474.html?c=&channelLpJumpArgs=&clickTrackInfo=query%253Ahp%252Bhdc%252Bvivo%253Bnid%253A8608700849%253Bsrc%253ALazadaMainSrp%253Brn%253A2cc5dbdee968abe78d2a0a88c090c687%253Bregion%253Aid%253Bsku%253A8608700849_ID%253Bprice%253A688000%253Bclient%253Adesktop%253Bsupplier_id%253A401099536002%253Bsession_id%253A%253Bbiz_source%253Ah5_internal%253Bslot%253A2%253Butlog_bucket_id%253A470687%253Basc_category_id%253A10100333%253Bitem_id%253A8608700849%253Bsku_id%253A16013570474%253Bshop_id%253A6307054%253BtemplateInfo%253A107879_A3_C_E%2523&freeshipping=1&fs_ab=2&fuse_fs=&lang=id&location=Kab.%20Tangerang&price=6.88E%205&priceCompare=skuId%3A16013570474%3Bsource%3Alazada-search-voucher%3Bsn%3A2cc5dbdee968abe78d2a0a88c090c687%3BoriginPrice%3A68800000%3BdisplayPrice%3A68800000%3BisGray%3Afalse%3BsinglePromotionId%3A-1%3BsingleToolCode%3AmockedSalePrice%3BvoucherPricePlugin%3A0%3Btimestamp%3A1780167465147&ratingscore=4.46643109540636&request_id=2cc5dbdee968abe78d2a0a88c090c687&review=566&sale=1063&search=1&source=search&spm=a2o4j.searchlist.list.2&stock=1","","","2025-12-17"
"1780196625-513","https://www.lazada.co.id/products/pdp-i8608700849-s16013570474.html?c=&channelLpJumpArgs=&clickTrackInfo=query%253Ahp%252Bhdc%252Bvivo%253Bnid%253A8608700849%253Bsrc%253ALazadaMainSrp%253Brn%253A2cc5dbdee968abe78d2a0a88c090c687%253Bregion%253Aid%253Bsku%253A8608700849_ID%253Bprice%253A688000%253Bclient%253Adesktop%253Bsupplier_id%253A401099536002%253Bsession_id%253A%253Bbiz_source%253Ah5_internal%253Bslot%253A2%253Butlog_bucket_id%253A470687%253Basc_category_id%253A10100333%253Bitem_id%253A8608700849%253Bsku_id%253A16013570474%253Bshop_id%253A6307054%253BtemplateInfo%253A107879_A3_C_E%2523&freeshipping=1&fs_ab=2&fuse_fs=&lang=id&location=Kab.%20Tangerang&price=6.88E%205&priceCompare=skuId%3A16013570474%3Bsource%3Alazada-search-voucher%3Bsn%3A2cc5dbdee968abe78d2a0a88c090c687%3BoriginPrice%3A68800000%3BdisplayPrice%3A68800000%3BisGray%3Afalse%3BsinglePromotionId%3A-1%3BsingleToolCode%3AmockedSalePrice%3BvoucherPricePlugin%3A0%3Btimestamp%3A1780167465147&ratingscore=4.46643109540636&request_id=2cc5dbdee968abe78d2a0a88c090c687&review=566&sale=1063&search=1&source=search&spm=a2o4j.searchlist.list.2&stock=1","","","2025-09-21"
"1780196625-514","https://www.lazada.co.id/products/pdp-i8608700849-s16013570474.html?c=&channelLpJumpArgs=&clickTrackInfo=query%253Ahp%252Bhdc%252Bvivo%253Bnid%253A8608700849%253Bsrc%253ALazadaMainSrp%253Brn%253A2cc5dbdee968abe78d2a0a88c090c687%253Bregion%253Aid%253Bsku%253A8608700849_ID%253Bprice%253A688000%253Bclient%253Adesktop%253Bsupplier_id%253A401099536002%253Bsession_id%253A%253Bbiz_source%253Ah5_internal%253Bslot%253A2%253Butlog_bucket_id%253A470687%253Basc_category_id%253A10100333%253Bitem_id%253A8608700849%253Bsku_id%253A16013570474%253Bshop_id%253A6307054%253BtemplateInfo%253A107879_A3_C_E%2523&freeshipping=1&fs_ab=2&fuse_fs=&lang=id&location=Kab.%20Tangerang&price=6.88E%205&priceCompare=skuId%3A16013570474%3Bsource%3Alazada-search-voucher%3Bsn%3A2cc5dbdee968abe78d2a0a88c090c687%3BoriginPrice%3A68800000%3BdisplayPrice%3A68800000%3BisGray%3Afalse%3BsinglePromotionId%3A-1%3BsingleToolCode%3AmockedSalePrice%3BvoucherPricePlugin%3A0%3Btimestamp%3A1780167465147&ratingscore=4.46643109540636&request_id=2cc5dbdee968abe78d2a0a88c090c687&review=566&sale=1063&search=1&source=search&spm=a2o4j.searchlist.list.2&stock=1","","","2026-01-10"
"1780196625-515","https://www.lazada.co.id/products/pdp-i8608700849-s16013570474.html?c=&channelLpJumpArgs=&clickTrackInfo=query%253Ahp%252Bhdc%252Bvivo%253Bnid%253A8608700849%253Bsrc%253ALazadaMainSrp%253Brn%253A2cc5dbdee968abe78d2a0a88c090c687%253Bregion%253Aid%253Bsku%253A8608700849_ID%253Bprice%253A688000%253Bclient%253Adesktop%253Bsupplier_id%253A401099536002%253Bsession_id%253A%253Bbiz_source%253Ah5_internal%253Bslot%253A2%253Butlog_bucket_id%253A470687%253Basc_category_id%253A10100333%253Bitem_id%253A8608700849%253Bsku_id%253A16013570474%253Bshop_id%253A6307054%253BtemplateInfo%253A107879_A3_C_E%2523&freeshipping=1&fs_ab=2&fuse_fs=&lang=id&location=Kab.%20Tangerang&price=6.88E%205&priceCompare=skuId%3A16013570474%3Bsource%3Alazada-search-voucher%3Bsn%3A2cc5dbdee968abe78d2a0a88c090c687%3BoriginPrice%3A68800000%3BdisplayPrice%3A68800000%3BisGray%3Afalse%3BsinglePromotionId%3A-1%3BsingleToolCode%3AmockedSalePrice%3BvoucherPricePlugin%3A0%3Btimestamp%3A1780167465147&ratingscore=4.46643109540636&request_id=2cc5dbdee968abe78d2a0a88c090c687&review=566&sale=1063&search=1&source=search&spm=a2o4j.searchlist.list.2&stock=1","","","2026-01-27"
"1780196625-516","https://www.lazada.co.id/products/pdp-i8608700849-s16013570474.html?c=&channelLpJumpArgs=&clickTrackInfo=query%253Ahp%252Bhdc%252Bvivo%253Bnid%253A8608700849%253Bsrc%253ALazadaMainSrp%253Brn%253A2cc5dbdee968abe78d2a0a88c090c687%253Bregion%253Aid%253Bsku%253A8608700849_ID%253Bprice%253A688000%253Bclient%253Adesktop%253Bsupplier_id%253A401099536002%253Bsession_id%253A%253Bbiz_source%253Ah5_internal%253Bslot%253A2%253Butlog_bucket_id%253A470687%253Basc_category_id%253A10100333%253Bitem_id%253A8608700849%253Bsku_id%253A16013570474%253Bshop_id%253A6307054%253BtemplateInfo%253A107879_A3_C_E%2523&freeshipping=1&fs_ab=2&fuse_fs=&lang=id&location=Kab.%20Tangerang&price=6.88E%205&priceCompare=skuId%3A16013570474%3Bsource%3Alazada-search-voucher%3Bsn%3A2cc5dbdee968abe78d2a0a88c090c687%3BoriginPrice%3A68800000%3BdisplayPrice%3A68800000%3BisGray%3Afalse%3BsinglePromotionId%3A-1%3BsingleToolCode%3AmockedSalePrice%3BvoucherPricePlugin%3A0%3Btimestamp%3A1780167465147&ratingscore=4.46643109540636&request_id=2cc5dbdee968abe78d2a0a88c090c687&review=566&sale=1063&search=1&source=search&spm=a2o4j.searchlist.list.2&stock=1","","","2025-12-12"
"1780196625-517","https://www.lazada.co.id/products/pdp-i8608700849-s16013570474.html?c=&channelLpJumpArgs=&clickTrackInfo=query%253Ahp%252Bhdc%252Bvivo%253Bnid%253A8608700849%253Bsrc%253ALazadaMainSrp%253Brn%253A2cc5dbdee968abe78d2a0a88c090c687%253Bregion%253Aid%253Bsku%253A8608700849_ID%253Bprice%253A688000%253Bclient%253Adesktop%253Bsupplier_id%253A401099536002%253Bsession_id%253A%253Bbiz_source%253Ah5_internal%253Bslot%253A2%253Butlog_bucket_id%253A470687%253Basc_category_id%253A10100333%253Bitem_id%253A8608700849%253Bsku_id%253A16013570474%253Bshop_id%253A6307054%253BtemplateInfo%253A107879_A3_C_E%2523&freeshipping=1&fs_ab=2&fuse_fs=&lang=id&location=Kab.%20Tangerang&price=6.88E%205&priceCompare=skuId%3A16013570474%3Bsource%3Alazada-search-voucher%3Bsn%3A2cc5dbdee968abe78d2a0a88c090c687%3BoriginPrice%3A68800000%3BdisplayPrice%3A68800000%3BisGray%3Afalse%3BsinglePromotionId%3A-1%3BsingleToolCode%3AmockedSalePrice%3BvoucherPricePlugin%3A0%3Btimestamp%3A1780167465147&ratingscore=4.46643109540636&request_id=2cc5dbdee968abe78d2a0a88c090c687&review=566&sale=1063&search=1&source=search&spm=a2o4j.searchlist.list.2&stock=1","","","2026-04-24"
"1780196625-518","https://www.lazada.co.id/products/pdp-i8608700849-s16013570474.html?c=&channelLpJumpArgs=&clickTrackInfo=query%253Ahp%252Bhdc%252Bvivo%253Bnid%253A8608700849%253Bsrc%253ALazadaMainSrp%253Brn%253A2cc5dbdee968abe78d2a0a88c090c687%253Bregion%253Aid%253Bsku%253A8608700849_ID%253Bprice%253A688000%253Bclient%253Adesktop%253Bsupplier_id%253A401099536002%253Bsession_id%253A%253Bbiz_source%253Ah5_internal%253Bslot%253A2%253Butlog_bucket_id%253A470687%253Basc_category_id%253A10100333%253Bitem_id%253A8608700849%253Bsku_id%253A16013570474%253Bshop_id%253A6307054%253BtemplateInfo%253A107879_A3_C_E%2523&freeshipping=1&fs_ab=2&fuse_fs=&lang=id&location=Kab.%20Tangerang&price=6.88E%205&priceCompare=skuId%3A16013570474%3Bsource%3Alazada-search-voucher%3Bsn%3A2cc5dbdee968abe78d2a0a88c090c687%3BoriginPrice%3A68800000%3BdisplayPrice%3A68800000%3BisGray%3Afalse%3BsinglePromotionId%3A-1%3BsingleToolCode%3AmockedSalePrice%3BvoucherPricePlugin%3A0%3Btimestamp%3A1780167465147&ratingscore=4.46643109540636&request_id=2cc5dbdee968abe78d2a0a88c090c687&review=566&sale=1063&search=1&source=search&spm=a2o4j.searchlist.list.2&stock=1","","","2025-11-15"
"1780196625-519","https://www.lazada.co.id/products/pdp-i8608700849-s16013570474.html?c=&channelLpJumpArgs=&clickTrackInfo=query%253Ahp%252Bhdc%252Bvivo%253Bnid%253A8608700849%253Bsrc%253ALazadaMainSrp%253Brn%253A2cc5dbdee968abe78d2a0a88c090c687%253Bregion%253Aid%253Bsku%253A8608700849_ID%253Bprice%253A688000%253Bclient%253Adesktop%253Bsupplier_id%253A401099536002%253Bsession_id%253A%253Bbiz_source%253Ah5_internal%253Bslot%253A2%253Butlog_bucket_id%253A470687%253Basc_category_id%253A10100333%253Bitem_id%253A8608700849%253Bsku_id%253A16013570474%253Bshop_id%253A6307054%253BtemplateInfo%253A107879_A3_C_E%2523&freeshipping=1&fs_ab=2&fuse_fs=&lang=id&location=Kab.%20Tangerang&price=6.88E%205&priceCompare=skuId%3A16013570474%3Bsource%3Alazada-search-voucher%3Bsn%3A2cc5dbdee968abe78d2a0a88c090c687%3BoriginPrice%3A68800000%3BdisplayPrice%3A68800000%3BisGray%3Afalse%3BsinglePromotionId%3A-1%3BsingleToolCode%3AmockedSalePrice%3BvoucherPricePlugin%3A0%3Btimestamp%3A1780167465147&ratingscore=4.46643109540636&request_id=2cc5dbdee968abe78d2a0a88c090c687&review=566&sale=1063&search=1&source=search&spm=a2o4j.searchlist.list.2&stock=1","","","2025-10-02"
"1780196625-520","https://www.lazada.co.id/products/pdp-i8608700849-s16013570474.html?c=&channelLpJumpArgs=&clickTrackInfo=query%253Ahp%252Bhdc%252Bvivo%253Bnid%253A8608700849%253Bsrc%253ALazadaMainSrp%253Brn%253A2cc5dbdee968abe78d2a0a88c090c687%253Bregion%253Aid%253Bsku%253A8608700849_ID%253Bprice%253A688000%253Bclient%253Adesktop%253Bsupplier_id%253A401099536002%253Bsession_id%253A%253Bbiz_source%253Ah5_internal%253Bslot%253A2%253Butlog_bucket_id%253A470687%253Basc_category_id%253A10100333%253Bitem_id%253A8608700849%253Bsku_id%253A16013570474%253Bshop_id%253A6307054%253BtemplateInfo%253A107879_A3_C_E%2523&freeshipping=1&fs_ab=2&fuse_fs=&lang=id&location=Kab.%20Tangerang&price=6.88E%205&priceCompare=skuId%3A16013570474%3Bsource%3Alazada-search-voucher%3Bsn%3A2cc5dbdee968abe78d2a0a88c090c687%3BoriginPrice%3A68800000%3BdisplayPrice%3A68800000%3BisGray%3Afalse%3BsinglePromotionId%3A-1%3BsingleToolCode%3AmockedSalePrice%3BvoucherPricePlugin%3A0%3Btimestamp%3A1780167465147&ratingscore=4.46643109540636&request_id=2cc5dbdee968abe78d2a0a88c090c687&review=566&sale=1063&search=1&source=search&spm=a2o4j.searchlist.list.2&stock=1","","","2025-10-05"
"1780196625-521","https://www.lazada.co.id/products/pdp-i8608700849-s16013570474.html?c=&channelLpJumpArgs=&clickTrackInfo=query%253Ahp%252Bhdc%252Bvivo%253Bnid%253A8608700849%253Bsrc%253ALazadaMainSrp%253Brn%253A2cc5dbdee968abe78d2a0a88c090c687%253Bregion%253Aid%253Bsku%253A8608700849_ID%253Bprice%253A688000%253Bclient%253Adesktop%253Bsupplier_id%253A401099536002%253Bsession_id%253A%253Bbiz_source%253Ah5_internal%253Bslot%253A2%253Butlog_bucket_id%253A470687%253Basc_category_id%253A10100333%253Bitem_id%253A8608700849%253Bsku_id%253A16013570474%253Bshop_id%253A6307054%253BtemplateInfo%253A107879_A3_C_E%2523&freeshipping=1&fs_ab=2&fuse_fs=&lang=id&location=Kab.%20Tangerang&price=6.88E%205&priceCompare=skuId%3A16013570474%3Bsource%3Alazada-search-voucher%3Bsn%3A2cc5dbdee968abe78d2a0a88c090c687%3BoriginPrice%3A68800000%3BdisplayPrice%3A68800000%3BisGray%3Afalse%3BsinglePromotionId%3A-1%3BsingleToolCode%3AmockedSalePrice%3BvoucherPricePlugin%3A0%3Btimestamp%3A1780167465147&ratingscore=4.46643109540636&request_id=2cc5dbdee968abe78d2a0a88c090c687&review=566&sale=1063&search=1&source=search&spm=a2o4j.searchlist.list.2&stock=1","","","2025-09-27"
"1780196625-522","https://www.lazada.co.id/products/pdp-i8608700849-s16013570474.html?c=&channelLpJumpArgs=&clickTrackInfo=query%253Ahp%252Bhdc%252Bvivo%253Bnid%253A8608700849%253Bsrc%253ALazadaMainSrp%253Brn%253A2cc5dbdee968abe78d2a0a88c090c687%253Bregion%253Aid%253Bsku%253A8608700849_ID%253Bprice%253A688000%253Bclient%253Adesktop%253Bsupplier_id%253A401099536002%253Bsession_id%253A%253Bbiz_source%253Ah5_internal%253Bslot%253A2%253Butlog_bucket_id%253A470687%253Basc_category_id%253A10100333%253Bitem_id%253A8608700849%253Bsku_id%253A16013570474%253Bshop_id%253A6307054%253BtemplateInfo%253A107879_A3_C_E%2523&freeshipping=1&fs_ab=2&fuse_fs=&lang=id&location=Kab.%20Tangerang&price=6.88E%205&priceCompare=skuId%3A16013570474%3Bsource%3Alazada-search-voucher%3Bsn%3A2cc5dbdee968abe78d2a0a88c090c687%3BoriginPrice%3A68800000%3BdisplayPrice%3A68800000%3BisGray%3Afalse%3BsinglePromotionId%3A-1%3BsingleToolCode%3AmockedSalePrice%3BvoucherPricePlugin%3A0%3Btimestamp%3A1780167465147&ratingscore=4.46643109540636&request_id=2cc5dbdee968abe78d2a0a88c090c687&review=566&sale=1063&search=1&source=search&spm=a2o4j.searchlist.list.2&stock=1","","","2026-02-09"
"1780196625-523","https://www.lazada.co.id/products/pdp-i8608700849-s16013570474.html?c=&channelLpJumpArgs=&clickTrackInfo=query%253Ahp%252Bhdc%252Bvivo%253Bnid%253A8608700849%253Bsrc%253ALazadaMainSrp%253Brn%253A2cc5dbdee968abe78d2a0a88c090c687%253Bregion%253Aid%253Bsku%253A8608700849_ID%253Bprice%253A688000%253Bclient%253Adesktop%253Bsupplier_id%253A401099536002%253Bsession_id%253A%253Bbiz_source%253Ah5_internal%253Bslot%253A2%253Butlog_bucket_id%253A470687%253Basc_category_id%253A10100333%253Bitem_id%253A8608700849%253Bsku_id%253A16013570474%253Bshop_id%253A6307054%253BtemplateInfo%253A107879_A3_C_E%2523&freeshipping=1&fs_ab=2&fuse_fs=&lang=id&location=Kab.%20Tangerang&price=6.88E%205&priceCompare=skuId%3A16013570474%3Bsource%3Alazada-search-voucher%3Bsn%3A2cc5dbdee968abe78d2a0a88c090c687%3BoriginPrice%3A68800000%3BdisplayPrice%3A68800000%3BisGray%3Afalse%3BsinglePromotionId%3A-1%3BsingleToolCode%3AmockedSalePrice%3BvoucherPricePlugin%3A0%3Btimestamp%3A1780167465147&ratingscore=4.46643109540636&request_id=2cc5dbdee968abe78d2a0a88c090c687&review=566&sale=1063&search=1&source=search&spm=a2o4j.searchlist.list.2&stock=1","","","2025-12-01"
"1780196625-524","https://www.lazada.co.id/products/pdp-i8608700849-s16013570474.html?c=&channelLpJumpArgs=&clickTrackInfo=query%253Ahp%252Bhdc%252Bvivo%253Bnid%253A8608700849%253Bsrc%253ALazadaMainSrp%253Brn%253A2cc5dbdee968abe78d2a0a88c090c687%253Bregion%253Aid%253Bsku%253A8608700849_ID%253Bprice%253A688000%253Bclient%253Adesktop%253Bsupplier_id%253A401099536002%253Bsession_id%253A%253Bbiz_source%253Ah5_internal%253Bslot%253A2%253Butlog_bucket_id%253A470687%253Basc_category_id%253A10100333%253Bitem_id%253A8608700849%253Bsku_id%253A16013570474%253Bshop_id%253A6307054%253BtemplateInfo%253A107879_A3_C_E%2523&freeshipping=1&fs_ab=2&fuse_fs=&lang=id&location=Kab.%20Tangerang&price=6.88E%205&priceCompare=skuId%3A16013570474%3Bsource%3Alazada-search-voucher%3Bsn%3A2cc5dbdee968abe78d2a0a88c090c687%3BoriginPrice%3A68800000%3BdisplayPrice%3A68800000%3BisGray%3Afalse%3BsinglePromotionId%3A-1%3BsingleToolCode%3AmockedSalePrice%3BvoucherPricePlugin%3A0%3Btimestamp%3A1780167465147&ratingscore=4.46643109540636&request_id=2cc5dbdee968abe78d2a0a88c090c687&review=566&sale=1063&search=1&source=search&spm=a2o4j.searchlist.list.2&stock=1","","","2026-04-03"
"1780196625-525","https://www.lazada.co.id/products/pdp-i8608700849-s16013570474.html?c=&channelLpJumpArgs=&clickTrackInfo=query%253Ahp%252Bhdc%252Bvivo%253Bnid%253A8608700849%253Bsrc%253ALazadaMainSrp%253Brn%253A2cc5dbdee968abe78d2a0a88c090c687%253Bregion%253Aid%253Bsku%253A8608700849_ID%253Bprice%253A688000%253Bclient%253Adesktop%253Bsupplier_id%253A401099536002%253Bsession_id%253A%253Bbiz_source%253Ah5_internal%253Bslot%253A2%253Butlog_bucket_id%253A470687%253Basc_category_id%253A10100333%253Bitem_id%253A8608700849%253Bsku_id%253A16013570474%253Bshop_id%253A6307054%253BtemplateInfo%253A107879_A3_C_E%2523&freeshipping=1&fs_ab=2&fuse_fs=&lang=id&location=Kab.%20Tangerang&price=6.88E%205&priceCompare=skuId%3A16013570474%3Bsource%3Alazada-search-voucher%3Bsn%3A2cc5dbdee968abe78d2a0a88c090c687%3BoriginPrice%3A68800000%3BdisplayPrice%3A68800000%3BisGray%3Afalse%3BsinglePromotionId%3A-1%3BsingleToolCode%3AmockedSalePrice%3BvoucherPricePlugin%3A0%3Btimestamp%3A1780167465147&ratingscore=4.46643109540636&request_id=2cc5dbdee968abe78d2a0a88c090c687&review=566&sale=1063&search=1&source=search&spm=a2o4j.searchlist.list.2&stock=1","","","2025-06-29"
"1780196625-526","https://www.lazada.co.id/products/pdp-i8608700849-s16013570474.html?c=&channelLpJumpArgs=&clickTrackInfo=query%253Ahp%252Bhdc%252Bvivo%253Bnid%253A8608700849%253Bsrc%253ALazadaMainSrp%253Brn%253A2cc5dbdee968abe78d2a0a88c090c687%253Bregion%253Aid%253Bsku%253A8608700849_ID%253Bprice%253A688000%253Bclient%253Adesktop%253Bsupplier_id%253A401099536002%253Bsession_id%253A%253Bbiz_source%253Ah5_internal%253Bslot%253A2%253Butlog_bucket_id%253A470687%253Basc_category_id%253A10100333%253Bitem_id%253A8608700849%253Bsku_id%253A16013570474%253Bshop_id%253A6307054%253BtemplateInfo%253A107879_A3_C_E%2523&freeshipping=1&fs_ab=2&fuse_fs=&lang=id&location=Kab.%20Tangerang&price=6.88E%205&priceCompare=skuId%3A16013570474%3Bsource%3Alazada-search-voucher%3Bsn%3A2cc5dbdee968abe78d2a0a88c090c687%3BoriginPrice%3A68800000%3BdisplayPrice%3A68800000%3BisGray%3Afalse%3BsinglePromotionId%3A-1%3BsingleToolCode%3AmockedSalePrice%3BvoucherPricePlugin%3A0%3Btimestamp%3A1780167465147&ratingscore=4.46643109540636&request_id=2cc5dbdee968abe78d2a0a88c090c687&review=566&sale=1063&search=1&source=search&spm=a2o4j.searchlist.list.2&stock=1","","","2025-11-25"
"1780196625-527","https://www.lazada.co.id/products/pdp-i8608700849-s16013570474.html?c=&channelLpJumpArgs=&clickTrackInfo=query%253Ahp%252Bhdc%252Bvivo%253Bnid%253A8608700849%253Bsrc%253ALazadaMainSrp%253Brn%253A2cc5dbdee968abe78d2a0a88c090c687%253Bregion%253Aid%253Bsku%253A8608700849_ID%253Bprice%253A688000%253Bclient%253Adesktop%253Bsupplier_id%253A401099536002%253Bsession_id%253A%253Bbiz_source%253Ah5_internal%253Bslot%253A2%253Butlog_bucket_id%253A470687%253Basc_category_id%253A10100333%253Bitem_id%253A8608700849%253Bsku_id%253A16013570474%253Bshop_id%253A6307054%253BtemplateInfo%253A107879_A3_C_E%2523&freeshipping=1&fs_ab=2&fuse_fs=&lang=id&location=Kab.%20Tangerang&price=6.88E%205&priceCompare=skuId%3A16013570474%3Bsource%3Alazada-search-voucher%3Bsn%3A2cc5dbdee968abe78d2a0a88c090c687%3BoriginPrice%3A68800000%3BdisplayPrice%3A68800000%3BisGray%3Afalse%3BsinglePromotionId%3A-1%3BsingleToolCode%3AmockedSalePrice%3BvoucherPricePlugin%3A0%3Btimestamp%3A1780167465147&ratingscore=4.46643109540636&request_id=2cc5dbdee968abe78d2a0a88c090c687&review=566&sale=1063&search=1&source=search&spm=a2o4j.searchlist.list.2&stock=1","","","2025-10-14"
"1780196625-528","https://www.lazada.co.id/products/pdp-i8608700849-s16013570474.html?c=&channelLpJumpArgs=&clickTrackInfo=query%253Ahp%252Bhdc%252Bvivo%253Bnid%253A8608700849%253Bsrc%253ALazadaMainSrp%253Brn%253A2cc5dbdee968abe78d2a0a88c090c687%253Bregion%253Aid%253Bsku%253A8608700849_ID%253Bprice%253A688000%253Bclient%253Adesktop%253Bsupplier_id%253A401099536002%253Bsession_id%253A%253Bbiz_source%253Ah5_internal%253Bslot%253A2%253Butlog_bucket_id%253A470687%253Basc_category_id%253A10100333%253Bitem_id%253A8608700849%253Bsku_id%253A16013570474%253Bshop_id%253A6307054%253BtemplateInfo%253A107879_A3_C_E%2523&freeshipping=1&fs_ab=2&fuse_fs=&lang=id&location=Kab.%20Tangerang&price=6.88E%205&priceCompare=skuId%3A16013570474%3Bsource%3Alazada-search-voucher%3Bsn%3A2cc5dbdee968abe78d2a0a88c090c687%3BoriginPrice%3A68800000%3BdisplayPrice%3A68800000%3BisGray%3Afalse%3BsinglePromotionId%3A-1%3BsingleToolCode%3AmockedSalePrice%3BvoucherPricePlugin%3A0%3Btimestamp%3A1780167465147&ratingscore=4.46643109540636&request_id=2cc5dbdee968abe78d2a0a88c090c687&review=566&sale=1063&search=1&source=search&spm=a2o4j.searchlist.list.2&stock=1","","","2025-12-09"
"1780196625-529","https://www.lazada.co.id/products/pdp-i8608700849-s16013570474.html?c=&channelLpJumpArgs=&clickTrackInfo=query%253Ahp%252Bhdc%252Bvivo%253Bnid%253A8608700849%253Bsrc%253ALazadaMainSrp%253Brn%253A2cc5dbdee968abe78d2a0a88c090c687%253Bregion%253Aid%253Bsku%253A8608700849_ID%253Bprice%253A688000%253Bclient%253Adesktop%253Bsupplier_id%253A401099536002%253Bsession_id%253A%253Bbiz_source%253Ah5_internal%253Bslot%253A2%253Butlog_bucket_id%253A470687%253Basc_category_id%253A10100333%253Bitem_id%253A8608700849%253Bsku_id%253A16013570474%253Bshop_id%253A6307054%253BtemplateInfo%253A107879_A3_C_E%2523&freeshipping=1&fs_ab=2&fuse_fs=&lang=id&location=Kab.%20Tangerang&price=6.88E%205&priceCompare=skuId%3A16013570474%3Bsource%3Alazada-search-voucher%3Bsn%3A2cc5dbdee968abe78d2a0a88c090c687%3BoriginPrice%3A68800000%3BdisplayPrice%3A68800000%3BisGray%3Afalse%3BsinglePromotionId%3A-1%3BsingleToolCode%3AmockedSalePrice%3BvoucherPricePlugin%3A0%3Btimestamp%3A1780167465147&ratingscore=4.46643109540636&request_id=2cc5dbdee968abe78d2a0a88c090c687&review=566&sale=1063&search=1&source=search&spm=a2o4j.searchlist.list.2&stock=1","","","2025-11-01"
"1780196625-530","https://www.lazada.co.id/products/pdp-i8608700849-s16013570474.html?c=&channelLpJumpArgs=&clickTrackInfo=query%253Ahp%252Bhdc%252Bvivo%253Bnid%253A8608700849%253Bsrc%253ALazadaMainSrp%253Brn%253A2cc5dbdee968abe78d2a0a88c090c687%253Bregion%253Aid%253Bsku%253A8608700849_ID%253Bprice%253A688000%253Bclient%253Adesktop%253Bsupplier_id%253A401099536002%253Bsession_id%253A%253Bbiz_source%253Ah5_internal%253Bslot%253A2%253Butlog_bucket_id%253A470687%253Basc_category_id%253A10100333%253Bitem_id%253A8608700849%253Bsku_id%253A16013570474%253Bshop_id%253A6307054%253BtemplateInfo%253A107879_A3_C_E%2523&freeshipping=1&fs_ab=2&fuse_fs=&lang=id&location=Kab.%20Tangerang&price=6.88E%205&priceCompare=skuId%3A16013570474%3Bsource%3Alazada-search-voucher%3Bsn%3A2cc5dbdee968abe78d2a0a88c090c687%3BoriginPrice%3A68800000%3BdisplayPrice%3A68800000%3BisGray%3Afalse%3BsinglePromotionId%3A-1%3BsingleToolCode%3AmockedSalePrice%3BvoucherPricePlugin%3A0%3Btimestamp%3A1780167465147&ratingscore=4.46643109540636&request_id=2cc5dbdee968abe78d2a0a88c090c687&review=566&sale=1063&search=1&source=search&spm=a2o4j.searchlist.list.2&stock=1","","","2025-12-31"
"1780196625-531","https://www.lazada.co.id/products/pdp-i8608700849-s16013570474.html?c=&channelLpJumpArgs=&clickTrackInfo=query%253Ahp%252Bhdc%252Bvivo%253Bnid%253A8608700849%253Bsrc%253ALazadaMainSrp%253Brn%253A2cc5dbdee968abe78d2a0a88c090c687%253Bregion%253Aid%253Bsku%253A8608700849_ID%253Bprice%253A688000%253Bclient%253Adesktop%253Bsupplier_id%253A401099536002%253Bsession_id%253A%253Bbiz_source%253Ah5_internal%253Bslot%253A2%253Butlog_bucket_id%253A470687%253Basc_category_id%253A10100333%253Bitem_id%253A8608700849%253Bsku_id%253A16013570474%253Bshop_id%253A6307054%253BtemplateInfo%253A107879_A3_C_E%2523&freeshipping=1&fs_ab=2&fuse_fs=&lang=id&location=Kab.%20Tangerang&price=6.88E%205&priceCompare=skuId%3A16013570474%3Bsource%3Alazada-search-voucher%3Bsn%3A2cc5dbdee968abe78d2a0a88c090c687%3BoriginPrice%3A68800000%3BdisplayPrice%3A68800000%3BisGray%3Afalse%3BsinglePromotionId%3A-1%3BsingleToolCode%3AmockedSalePrice%3BvoucherPricePlugin%3A0%3Btimestamp%3A1780167465147&ratingscore=4.46643109540636&request_id=2cc5dbdee968abe78d2a0a88c090c687&review=566&sale=1063&search=1&source=search&spm=a2o4j.searchlist.list.2&stock=1","","","2026-02-22"
"1780196625-532","https://www.lazada.co.id/products/pdp-i8608700849-s16013570474.html?c=&channelLpJumpArgs=&clickTrackInfo=query%253Ahp%252Bhdc%252Bvivo%253Bnid%253A8608700849%253Bsrc%253ALazadaMainSrp%253Brn%253A2cc5dbdee968abe78d2a0a88c090c687%253Bregion%253Aid%253Bsku%253A8608700849_ID%253Bprice%253A688000%253Bclient%253Adesktop%253Bsupplier_id%253A401099536002%253Bsession_id%253A%253Bbiz_source%253Ah5_internal%253Bslot%253A2%253Butlog_bucket_id%253A470687%253Basc_category_id%253A10100333%253Bitem_id%253A8608700849%253Bsku_id%253A16013570474%253Bshop_id%253A6307054%253BtemplateInfo%253A107879_A3_C_E%2523&freeshipping=1&fs_ab=2&fuse_fs=&lang=id&location=Kab.%20Tangerang&price=6.88E%205&priceCompare=skuId%3A16013570474%3Bsource%3Alazada-search-voucher%3Bsn%3A2cc5dbdee968abe78d2a0a88c090c687%3BoriginPrice%3A68800000%3BdisplayPrice%3A68800000%3BisGray%3Afalse%3BsinglePromotionId%3A-1%3BsingleToolCode%3AmockedSalePrice%3BvoucherPricePlugin%3A0%3Btimestamp%3A1780167465147&ratingscore=4.46643109540636&request_id=2cc5dbdee968abe78d2a0a88c090c687&review=566&sale=1063&search=1&source=search&spm=a2o4j.searchlist.list.2&stock=1","","","2025-10-22"
"1780196625-533","https://www.lazada.co.id/products/pdp-i8608700849-s16013570474.html?c=&channelLpJumpArgs=&clickTrackInfo=query%253Ahp%252Bhdc%252Bvivo%253Bnid%253A8608700849%253Bsrc%253ALazadaMainSrp%253Brn%253A2cc5dbdee968abe78d2a0a88c090c687%253Bregion%253Aid%253Bsku%253A8608700849_ID%253Bprice%253A688000%253Bclient%253Adesktop%253Bsupplier_id%253A401099536002%253Bsession_id%253A%253Bbiz_source%253Ah5_internal%253Bslot%253A2%253Butlog_bucket_id%253A470687%253Basc_category_id%253A10100333%253Bitem_id%253A8608700849%253Bsku_id%253A16013570474%253Bshop_id%253A6307054%253BtemplateInfo%253A107879_A3_C_E%2523&freeshipping=1&fs_ab=2&fuse_fs=&lang=id&location=Kab.%20Tangerang&price=6.88E%205&priceCompare=skuId%3A16013570474%3Bsource%3Alazada-search-voucher%3Bsn%3A2cc5dbdee968abe78d2a0a88c090c687%3BoriginPrice%3A68800000%3BdisplayPrice%3A68800000%3BisGray%3Afalse%3BsinglePromotionId%3A-1%3BsingleToolCode%3AmockedSalePrice%3BvoucherPricePlugin%3A0%3Btimestamp%3A1780167465147&ratingscore=4.46643109540636&request_id=2cc5dbdee968abe78d2a0a88c090c687&review=566&sale=1063&search=1&source=search&spm=a2o4j.searchlist.list.2&stock=1","","","2025-10-12"
"1780196625-534","https://www.lazada.co.id/products/pdp-i8608700849-s16013570474.html?c=&channelLpJumpArgs=&clickTrackInfo=query%253Ahp%252Bhdc%252Bvivo%253Bnid%253A8608700849%253Bsrc%253ALazadaMainSrp%253Brn%253A2cc5dbdee968abe78d2a0a88c090c687%253Bregion%253Aid%253Bsku%253A8608700849_ID%253Bprice%253A688000%253Bclient%253Adesktop%253Bsupplier_id%253A401099536002%253Bsession_id%253A%253Bbiz_source%253Ah5_internal%253Bslot%253A2%253Butlog_bucket_id%253A470687%253Basc_category_id%253A10100333%253Bitem_id%253A8608700849%253Bsku_id%253A16013570474%253Bshop_id%253A6307054%253BtemplateInfo%253A107879_A3_C_E%2523&freeshipping=1&fs_ab=2&fuse_fs=&lang=id&location=Kab.%20Tangerang&price=6.88E%205&priceCompare=skuId%3A16013570474%3Bsource%3Alazada-search-voucher%3Bsn%3A2cc5dbdee968abe78d2a0a88c090c687%3BoriginPrice%3A68800000%3BdisplayPrice%3A68800000%3BisGray%3Afalse%3BsinglePromotionId%3A-1%3BsingleToolCode%3AmockedSalePrice%3BvoucherPricePlugin%3A0%3Btimestamp%3A1780167465147&ratingscore=4.46643109540636&request_id=2cc5dbdee968abe78d2a0a88c090c687&review=566&sale=1063&search=1&source=search&spm=a2o4j.searchlist.list.2&stock=1","","","2025-09-13"
"1780196625-535","https://www.lazada.co.id/products/pdp-i8608700849-s16013570474.html?c=&channelLpJumpArgs=&clickTrackInfo=query%253Ahp%252Bhdc%252Bvivo%253Bnid%253A8608700849%253Bsrc%253ALazadaMainSrp%253Brn%253A2cc5dbdee968abe78d2a0a88c090c687%253Bregion%253Aid%253Bsku%253A8608700849_ID%253Bprice%253A688000%253Bclient%253Adesktop%253Bsupplier_id%253A401099536002%253Bsession_id%253A%253Bbiz_source%253Ah5_internal%253Bslot%253A2%253Butlog_bucket_id%253A470687%253Basc_category_id%253A10100333%253Bitem_id%253A8608700849%253Bsku_id%253A16013570474%253Bshop_id%253A6307054%253BtemplateInfo%253A107879_A3_C_E%2523&freeshipping=1&fs_ab=2&fuse_fs=&lang=id&location=Kab.%20Tangerang&price=6.88E%205&priceCompare=skuId%3A16013570474%3Bsource%3Alazada-search-voucher%3Bsn%3A2cc5dbdee968abe78d2a0a88c090c687%3BoriginPrice%3A68800000%3BdisplayPrice%3A68800000%3BisGray%3Afalse%3BsinglePromotionId%3A-1%3BsingleToolCode%3AmockedSalePrice%3BvoucherPricePlugin%3A0%3Btimestamp%3A1780167465147&ratingscore=4.46643109540636&request_id=2cc5dbdee968abe78d2a0a88c090c687&review=566&sale=1063&search=1&source=search&spm=a2o4j.searchlist.list.2&stock=1","","","2025-09-24"
"1780196625-536","https://www.lazada.co.id/products/pdp-i8608700849-s16013570474.html?c=&channelLpJumpArgs=&clickTrackInfo=query%253Ahp%252Bhdc%252Bvivo%253Bnid%253A8608700849%253Bsrc%253ALazadaMainSrp%253Brn%253A2cc5dbdee968abe78d2a0a88c090c687%253Bregion%253Aid%253Bsku%253A8608700849_ID%253Bprice%253A688000%253Bclient%253Adesktop%253Bsupplier_id%253A401099536002%253Bsession_id%253A%253Bbiz_source%253Ah5_internal%253Bslot%253A2%253Butlog_bucket_id%253A470687%253Basc_category_id%253A10100333%253Bitem_id%253A8608700849%253Bsku_id%253A16013570474%253Bshop_id%253A6307054%253BtemplateInfo%253A107879_A3_C_E%2523&freeshipping=1&fs_ab=2&fuse_fs=&lang=id&location=Kab.%20Tangerang&price=6.88E%205&priceCompare=skuId%3A16013570474%3Bsource%3Alazada-search-voucher%3Bsn%3A2cc5dbdee968abe78d2a0a88c090c687%3BoriginPrice%3A68800000%3BdisplayPrice%3A68800000%3BisGray%3Afalse%3BsinglePromotionId%3A-1%3BsingleToolCode%3AmockedSalePrice%3BvoucherPricePlugin%3A0%3Btimestamp%3A1780167465147&ratingscore=4.46643109540636&request_id=2cc5dbdee968abe78d2a0a88c090c687&review=566&sale=1063&search=1&source=search&spm=a2o4j.searchlist.list.2&stock=1","","","2025-11-18"
"1780196625-537","https://www.lazada.co.id/products/pdp-i8608700849-s16013570474.html?c=&channelLpJumpArgs=&clickTrackInfo=query%253Ahp%252Bhdc%252Bvivo%253Bnid%253A8608700849%253Bsrc%253ALazadaMainSrp%253Brn%253A2cc5dbdee968abe78d2a0a88c090c687%253Bregion%253Aid%253Bsku%253A8608700849_ID%253Bprice%253A688000%253Bclient%253Adesktop%253Bsupplier_id%253A401099536002%253Bsession_id%253A%253Bbiz_source%253Ah5_internal%253Bslot%253A2%253Butlog_bucket_id%253A470687%253Basc_category_id%253A10100333%253Bitem_id%253A8608700849%253Bsku_id%253A16013570474%253Bshop_id%253A6307054%253BtemplateInfo%253A107879_A3_C_E%2523&freeshipping=1&fs_ab=2&fuse_fs=&lang=id&location=Kab.%20Tangerang&price=6.88E%205&priceCompare=skuId%3A16013570474%3Bsource%3Alazada-search-voucher%3Bsn%3A2cc5dbdee968abe78d2a0a88c090c687%3BoriginPrice%3A68800000%3BdisplayPrice%3A68800000%3BisGray%3Afalse%3BsinglePromotionId%3A-1%3BsingleToolCode%3AmockedSalePrice%3BvoucherPricePlugin%3A0%3Btimestamp%3A1780167465147&ratingscore=4.46643109540636&request_id=2cc5dbdee968abe78d2a0a88c090c687&review=566&sale=1063&search=1&source=search&spm=a2o4j.searchlist.list.2&stock=1","","","2026-01-09"
"1780196625-538","https://www.lazada.co.id/products/pdp-i8608700849-s16013570474.html?c=&channelLpJumpArgs=&clickTrackInfo=query%253Ahp%252Bhdc%252Bvivo%253Bnid%253A8608700849%253Bsrc%253ALazadaMainSrp%253Brn%253A2cc5dbdee968abe78d2a0a88c090c687%253Bregion%253Aid%253Bsku%253A8608700849_ID%253Bprice%253A688000%253Bclient%253Adesktop%253Bsupplier_id%253A401099536002%253Bsession_id%253A%253Bbiz_source%253Ah5_internal%253Bslot%253A2%253Butlog_bucket_id%253A470687%253Basc_category_id%253A10100333%253Bitem_id%253A8608700849%253Bsku_id%253A16013570474%253Bshop_id%253A6307054%253BtemplateInfo%253A107879_A3_C_E%2523&freeshipping=1&fs_ab=2&fuse_fs=&lang=id&location=Kab.%20Tangerang&price=6.88E%205&priceCompare=skuId%3A16013570474%3Bsource%3Alazada-search-voucher%3Bsn%3A2cc5dbdee968abe78d2a0a88c090c687%3BoriginPrice%3A68800000%3BdisplayPrice%3A68800000%3BisGray%3Afalse%3BsinglePromotionId%3A-1%3BsingleToolCode%3AmockedSalePrice%3BvoucherPricePlugin%3A0%3Btimestamp%3A1780167465147&ratingscore=4.46643109540636&request_id=2cc5dbdee968abe78d2a0a88c090c687&review=566&sale=1063&search=1&source=search&spm=a2o4j.searchlist.list.2&stock=1","","","2025-09-30"
"1780196625-539","https://www.lazada.co.id/products/pdp-i8608700849-s16013570474.html?c=&channelLpJumpArgs=&clickTrackInfo=query%253Ahp%252Bhdc%252Bvivo%253Bnid%253A8608700849%253Bsrc%253ALazadaMainSrp%253Brn%253A2cc5dbdee968abe78d2a0a88c090c687%253Bregion%253Aid%253Bsku%253A8608700849_ID%253Bprice%253A688000%253Bclient%253Adesktop%253Bsupplier_id%253A401099536002%253Bsession_id%253A%253Bbiz_source%253Ah5_internal%253Bslot%253A2%253Butlog_bucket_id%253A470687%253Basc_category_id%253A10100333%253Bitem_id%253A8608700849%253Bsku_id%253A16013570474%253Bshop_id%253A6307054%253BtemplateInfo%253A107879_A3_C_E%2523&freeshipping=1&fs_ab=2&fuse_fs=&lang=id&location=Kab.%20Tangerang&price=6.88E%205&priceCompare=skuId%3A16013570474%3Bsource%3Alazada-search-voucher%3Bsn%3A2cc5dbdee968abe78d2a0a88c090c687%3BoriginPrice%3A68800000%3BdisplayPrice%3A68800000%3BisGray%3Afalse%3BsinglePromotionId%3A-1%3BsingleToolCode%3AmockedSalePrice%3BvoucherPricePlugin%3A0%3Btimestamp%3A1780167465147&ratingscore=4.46643109540636&request_id=2cc5dbdee968abe78d2a0a88c090c687&review=566&sale=1063&search=1&source=search&spm=a2o4j.searchlist.list.2&stock=1","","","2025-09-19"
"1780196625-540","https://www.lazada.co.id/products/pdp-i8608700849-s16013570474.html?c=&channelLpJumpArgs=&clickTrackInfo=query%253Ahp%252Bhdc%252Bvivo%253Bnid%253A8608700849%253Bsrc%253ALazadaMainSrp%253Brn%253A2cc5dbdee968abe78d2a0a88c090c687%253Bregion%253Aid%253Bsku%253A8608700849_ID%253Bprice%253A688000%253Bclient%253Adesktop%253Bsupplier_id%253A401099536002%253Bsession_id%253A%253Bbiz_source%253Ah5_internal%253Bslot%253A2%253Butlog_bucket_id%253A470687%253Basc_category_id%253A10100333%253Bitem_id%253A8608700849%253Bsku_id%253A16013570474%253Bshop_id%253A6307054%253BtemplateInfo%253A107879_A3_C_E%2523&freeshipping=1&fs_ab=2&fuse_fs=&lang=id&location=Kab.%20Tangerang&price=6.88E%205&priceCompare=skuId%3A16013570474%3Bsource%3Alazada-search-voucher%3Bsn%3A2cc5dbdee968abe78d2a0a88c090c687%3BoriginPrice%3A68800000%3BdisplayPrice%3A68800000%3BisGray%3Afalse%3BsinglePromotionId%3A-1%3BsingleToolCode%3AmockedSalePrice%3BvoucherPricePlugin%3A0%3Btimestamp%3A1780167465147&ratingscore=4.46643109540636&request_id=2cc5dbdee968abe78d2a0a88c090c687&review=566&sale=1063&search=1&source=search&spm=a2o4j.searchlist.list.2&stock=1","","","2026-04-29"
"1780196625-541","https://www.lazada.co.id/products/pdp-i8608700849-s16013570474.html?c=&channelLpJumpArgs=&clickTrackInfo=query%253Ahp%252Bhdc%252Bvivo%253Bnid%253A8608700849%253Bsrc%253ALazadaMainSrp%253Brn%253A2cc5dbdee968abe78d2a0a88c090c687%253Bregion%253Aid%253Bsku%253A8608700849_ID%253Bprice%253A688000%253Bclient%253Adesktop%253Bsupplier_id%253A401099536002%253Bsession_id%253A%253Bbiz_source%253Ah5_internal%253Bslot%253A2%253Butlog_bucket_id%253A470687%253Basc_category_id%253A10100333%253Bitem_id%253A8608700849%253Bsku_id%253A16013570474%253Bshop_id%253A6307054%253BtemplateInfo%253A107879_A3_C_E%2523&freeshipping=1&fs_ab=2&fuse_fs=&lang=id&location=Kab.%20Tangerang&price=6.88E%205&priceCompare=skuId%3A16013570474%3Bsource%3Alazada-search-voucher%3Bsn%3A2cc5dbdee968abe78d2a0a88c090c687%3BoriginPrice%3A68800000%3BdisplayPrice%3A68800000%3BisGray%3Afalse%3BsinglePromotionId%3A-1%3BsingleToolCode%3AmockedSalePrice%3BvoucherPricePlugin%3A0%3Btimestamp%3A1780167465147&ratingscore=4.46643109540636&request_id=2cc5dbdee968abe78d2a0a88c090c687&review=566&sale=1063&search=1&source=search&spm=a2o4j.searchlist.list.2&stock=1","","","2025-12-16"
"1780196625-542","https://www.lazada.co.id/products/pdp-i8608700849-s16013570474.html?c=&channelLpJumpArgs=&clickTrackInfo=query%253Ahp%252Bhdc%252Bvivo%253Bnid%253A8608700849%253Bsrc%253ALazadaMainSrp%253Brn%253A2cc5dbdee968abe78d2a0a88c090c687%253Bregion%253Aid%253Bsku%253A8608700849_ID%253Bprice%253A688000%253Bclient%253Adesktop%253Bsupplier_id%253A401099536002%253Bsession_id%253A%253Bbiz_source%253Ah5_internal%253Bslot%253A2%253Butlog_bucket_id%253A470687%253Basc_category_id%253A10100333%253Bitem_id%253A8608700849%253Bsku_id%253A16013570474%253Bshop_id%253A6307054%253BtemplateInfo%253A107879_A3_C_E%2523&freeshipping=1&fs_ab=2&fuse_fs=&lang=id&location=Kab.%20Tangerang&price=6.88E%205&priceCompare=skuId%3A16013570474%3Bsource%3Alazada-search-voucher%3Bsn%3A2cc5dbdee968abe78d2a0a88c090c687%3BoriginPrice%3A68800000%3BdisplayPrice%3A68800000%3BisGray%3Afalse%3BsinglePromotionId%3A-1%3BsingleToolCode%3AmockedSalePrice%3BvoucherPricePlugin%3A0%3Btimestamp%3A1780167465147&ratingscore=4.46643109540636&request_id=2cc5dbdee968abe78d2a0a88c090c687&review=566&sale=1063&search=1&source=search&spm=a2o4j.searchlist.list.2&stock=1","","","2026-01-09"
"1780196625-543","https://www.lazada.co.id/products/pdp-i8608700849-s16013570474.html?c=&channelLpJumpArgs=&clickTrackInfo=query%253Ahp%252Bhdc%252Bvivo%253Bnid%253A8608700849%253Bsrc%253ALazadaMainSrp%253Brn%253A2cc5dbdee968abe78d2a0a88c090c687%253Bregion%253Aid%253Bsku%253A8608700849_ID%253Bprice%253A688000%253Bclient%253Adesktop%253Bsupplier_id%253A401099536002%253Bsession_id%253A%253Bbiz_source%253Ah5_internal%253Bslot%253A2%253Butlog_bucket_id%253A470687%253Basc_category_id%253A10100333%253Bitem_id%253A8608700849%253Bsku_id%253A16013570474%253Bshop_id%253A6307054%253BtemplateInfo%253A107879_A3_C_E%2523&freeshipping=1&fs_ab=2&fuse_fs=&lang=id&location=Kab.%20Tangerang&price=6.88E%205&priceCompare=skuId%3A16013570474%3Bsource%3Alazada-search-voucher%3Bsn%3A2cc5dbdee968abe78d2a0a88c090c687%3BoriginPrice%3A68800000%3BdisplayPrice%3A68800000%3BisGray%3Afalse%3BsinglePromotionId%3A-1%3BsingleToolCode%3AmockedSalePrice%3BvoucherPricePlugin%3A0%3Btimestamp%3A1780167465147&ratingscore=4.46643109540636&request_id=2cc5dbdee968abe78d2a0a88c090c687&review=566&sale=1063&search=1&source=search&spm=a2o4j.searchlist.list.2&stock=1","","","2025-11-06"
"1780196625-544","https://www.lazada.co.id/products/pdp-i8608700849-s16013570474.html?c=&channelLpJumpArgs=&clickTrackInfo=query%253Ahp%252Bhdc%252Bvivo%253Bnid%253A8608700849%253Bsrc%253ALazadaMainSrp%253Brn%253A2cc5dbdee968abe78d2a0a88c090c687%253Bregion%253Aid%253Bsku%253A8608700849_ID%253Bprice%253A688000%253Bclient%253Adesktop%253Bsupplier_id%253A401099536002%253Bsession_id%253A%253Bbiz_source%253Ah5_internal%253Bslot%253A2%253Butlog_bucket_id%253A470687%253Basc_category_id%253A10100333%253Bitem_id%253A8608700849%253Bsku_id%253A16013570474%253Bshop_id%253A6307054%253BtemplateInfo%253A107879_A3_C_E%2523&freeshipping=1&fs_ab=2&fuse_fs=&lang=id&location=Kab.%20Tangerang&price=6.88E%205&priceCompare=skuId%3A16013570474%3Bsource%3Alazada-search-voucher%3Bsn%3A2cc5dbdee968abe78d2a0a88c090c687%3BoriginPrice%3A68800000%3BdisplayPrice%3A68800000%3BisGray%3Afalse%3BsinglePromotionId%3A-1%3BsingleToolCode%3AmockedSalePrice%3BvoucherPricePlugin%3A0%3Btimestamp%3A1780167465147&ratingscore=4.46643109540636&request_id=2cc5dbdee968abe78d2a0a88c090c687&review=566&sale=1063&search=1&source=search&spm=a2o4j.searchlist.list.2&stock=1","","","2026-01-16"
"1780196625-545","https://www.lazada.co.id/products/pdp-i8608700849-s16013570474.html?c=&channelLpJumpArgs=&clickTrackInfo=query%253Ahp%252Bhdc%252Bvivo%253Bnid%253A8608700849%253Bsrc%253ALazadaMainSrp%253Brn%253A2cc5dbdee968abe78d2a0a88c090c687%253Bregion%253Aid%253Bsku%253A8608700849_ID%253Bprice%253A688000%253Bclient%253Adesktop%253Bsupplier_id%253A401099536002%253Bsession_id%253A%253Bbiz_source%253Ah5_internal%253Bslot%253A2%253Butlog_bucket_id%253A470687%253Basc_category_id%253A10100333%253Bitem_id%253A8608700849%253Bsku_id%253A16013570474%253Bshop_id%253A6307054%253BtemplateInfo%253A107879_A3_C_E%2523&freeshipping=1&fs_ab=2&fuse_fs=&lang=id&location=Kab.%20Tangerang&price=6.88E%205&priceCompare=skuId%3A16013570474%3Bsource%3Alazada-search-voucher%3Bsn%3A2cc5dbdee968abe78d2a0a88c090c687%3BoriginPrice%3A68800000%3BdisplayPrice%3A68800000%3BisGray%3Afalse%3BsinglePromotionId%3A-1%3BsingleToolCode%3AmockedSalePrice%3BvoucherPricePlugin%3A0%3Btimestamp%3A1780167465147&ratingscore=4.46643109540636&request_id=2cc5dbdee968abe78d2a0a88c090c687&review=566&sale=1063&search=1&source=search&spm=a2o4j.searchlist.list.2&stock=1","","","2025-12-23"
"1780196625-546","https://www.lazada.co.id/products/pdp-i8608700849-s16013570474.html?c=&channelLpJumpArgs=&clickTrackInfo=query%253Ahp%252Bhdc%252Bvivo%253Bnid%253A8608700849%253Bsrc%253ALazadaMainSrp%253Brn%253A2cc5dbdee968abe78d2a0a88c090c687%253Bregion%253Aid%253Bsku%253A8608700849_ID%253Bprice%253A688000%253Bclient%253Adesktop%253Bsupplier_id%253A401099536002%253Bsession_id%253A%253Bbiz_source%253Ah5_internal%253Bslot%253A2%253Butlog_bucket_id%253A470687%253Basc_category_id%253A10100333%253Bitem_id%253A8608700849%253Bsku_id%253A16013570474%253Bshop_id%253A6307054%253BtemplateInfo%253A107879_A3_C_E%2523&freeshipping=1&fs_ab=2&fuse_fs=&lang=id&location=Kab.%20Tangerang&price=6.88E%205&priceCompare=skuId%3A16013570474%3Bsource%3Alazada-search-voucher%3Bsn%3A2cc5dbdee968abe78d2a0a88c090c687%3BoriginPrice%3A68800000%3BdisplayPrice%3A68800000%3BisGray%3Afalse%3BsinglePromotionId%3A-1%3BsingleToolCode%3AmockedSalePrice%3BvoucherPricePlugin%3A0%3Btimestamp%3A1780167465147&ratingscore=4.46643109540636&request_id=2cc5dbdee968abe78d2a0a88c090c687&review=566&sale=1063&search=1&source=search&spm=a2o4j.searchlist.list.2&stock=1","","","2025-12-19"
"1780196625-547","https://www.lazada.co.id/products/pdp-i8608700849-s16013570474.html?c=&channelLpJumpArgs=&clickTrackInfo=query%253Ahp%252Bhdc%252Bvivo%253Bnid%253A8608700849%253Bsrc%253ALazadaMainSrp%253Brn%253A2cc5dbdee968abe78d2a0a88c090c687%253Bregion%253Aid%253Bsku%253A8608700849_ID%253Bprice%253A688000%253Bclient%253Adesktop%253Bsupplier_id%253A401099536002%253Bsession_id%253A%253Bbiz_source%253Ah5_internal%253Bslot%253A2%253Butlog_bucket_id%253A470687%253Basc_category_id%253A10100333%253Bitem_id%253A8608700849%253Bsku_id%253A16013570474%253Bshop_id%253A6307054%253BtemplateInfo%253A107879_A3_C_E%2523&freeshipping=1&fs_ab=2&fuse_fs=&lang=id&location=Kab.%20Tangerang&price=6.88E%205&priceCompare=skuId%3A16013570474%3Bsource%3Alazada-search-voucher%3Bsn%3A2cc5dbdee968abe78d2a0a88c090c687%3BoriginPrice%3A68800000%3BdisplayPrice%3A68800000%3BisGray%3Afalse%3BsinglePromotionId%3A-1%3BsingleToolCode%3AmockedSalePrice%3BvoucherPricePlugin%3A0%3Btimestamp%3A1780167465147&ratingscore=4.46643109540636&request_id=2cc5dbdee968abe78d2a0a88c090c687&review=566&sale=1063&search=1&source=search&spm=a2o4j.searchlist.list.2&stock=1","","","2026-01-17"
"1780196625-548","https://www.lazada.co.id/products/pdp-i8608700849-s16013570474.html?c=&channelLpJumpArgs=&clickTrackInfo=query%253Ahp%252Bhdc%252Bvivo%253Bnid%253A8608700849%253Bsrc%253ALazadaMainSrp%253Brn%253A2cc5dbdee968abe78d2a0a88c090c687%253Bregion%253Aid%253Bsku%253A8608700849_ID%253Bprice%253A688000%253Bclient%253Adesktop%253Bsupplier_id%253A401099536002%253Bsession_id%253A%253Bbiz_source%253Ah5_internal%253Bslot%253A2%253Butlog_bucket_id%253A470687%253Basc_category_id%253A10100333%253Bitem_id%253A8608700849%253Bsku_id%253A16013570474%253Bshop_id%253A6307054%253BtemplateInfo%253A107879_A3_C_E%2523&freeshipping=1&fs_ab=2&fuse_fs=&lang=id&location=Kab.%20Tangerang&price=6.88E%205&priceCompare=skuId%3A16013570474%3Bsource%3Alazada-search-voucher%3Bsn%3A2cc5dbdee968abe78d2a0a88c090c687%3BoriginPrice%3A68800000%3BdisplayPrice%3A68800000%3BisGray%3Afalse%3BsinglePromotionId%3A-1%3BsingleToolCode%3AmockedSalePrice%3BvoucherPricePlugin%3A0%3Btimestamp%3A1780167465147&ratingscore=4.46643109540636&request_id=2cc5dbdee968abe78d2a0a88c090c687&review=566&sale=1063&search=1&source=search&spm=a2o4j.searchlist.list.2&stock=1","","","3 minggu lalu"
"1780196625-549","https://www.lazada.co.id/products/pdp-i8608700849-s16013570474.html?c=&channelLpJumpArgs=&clickTrackInfo=query%253Ahp%252Bhdc%252Bvivo%253Bnid%253A8608700849%253Bsrc%253ALazadaMainSrp%253Brn%253A2cc5dbdee968abe78d2a0a88c090c687%253Bregion%253Aid%253Bsku%253A8608700849_ID%253Bprice%253A688000%253Bclient%253Adesktop%253Bsupplier_id%253A401099536002%253Bsession_id%253A%253Bbiz_source%253Ah5_internal%253Bslot%253A2%253Butlog_bucket_id%253A470687%253Basc_category_id%253A10100333%253Bitem_id%253A8608700849%253Bsku_id%253A16013570474%253Bshop_id%253A6307054%253BtemplateInfo%253A107879_A3_C_E%2523&freeshipping=1&fs_ab=2&fuse_fs=&lang=id&location=Kab.%20Tangerang&price=6.88E%205&priceCompare=skuId%3A16013570474%3Bsource%3Alazada-search-voucher%3Bsn%3A2cc5dbdee968abe78d2a0a88c090c687%3BoriginPrice%3A68800000%3BdisplayPrice%3A68800000%3BisGray%3Afalse%3BsinglePromotionId%3A-1%3BsingleToolCode%3AmockedSalePrice%3BvoucherPricePlugin%3A0%3Btimestamp%3A1780167465147&ratingscore=4.46643109540636&request_id=2cc5dbdee968abe78d2a0a88c090c687&review=566&sale=1063&search=1&source=search&spm=a2o4j.searchlist.list.2&stock=1","","","2026-02-03"
"1780196625-550","https://www.lazada.co.id/products/pdp-i8608700849-s16013570474.html?c=&channelLpJumpArgs=&clickTrackInfo=query%253Ahp%252Bhdc%252Bvivo%253Bnid%253A8608700849%253Bsrc%253ALazadaMainSrp%253Brn%253A2cc5dbdee968abe78d2a0a88c090c687%253Bregion%253Aid%253Bsku%253A8608700849_ID%253Bprice%253A688000%253Bclient%253Adesktop%253Bsupplier_id%253A401099536002%253Bsession_id%253A%253Bbiz_source%253Ah5_internal%253Bslot%253A2%253Butlog_bucket_id%253A470687%253Basc_category_id%253A10100333%253Bitem_id%253A8608700849%253Bsku_id%253A16013570474%253Bshop_id%253A6307054%253BtemplateInfo%253A107879_A3_C_E%2523&freeshipping=1&fs_ab=2&fuse_fs=&lang=id&location=Kab.%20Tangerang&price=6.88E%205&priceCompare=skuId%3A16013570474%3Bsource%3Alazada-search-voucher%3Bsn%3A2cc5dbdee968abe78d2a0a88c090c687%3BoriginPrice%3A68800000%3BdisplayPrice%3A68800000%3BisGray%3Afalse%3BsinglePromotionId%3A-1%3BsingleToolCode%3AmockedSalePrice%3BvoucherPricePlugin%3A0%3Btimestamp%3A1780167465147&ratingscore=4.46643109540636&request_id=2cc5dbdee968abe78d2a0a88c090c687&review=566&sale=1063&search=1&source=search&spm=a2o4j.searchlist.list.2&stock=1","","","2026-01-05"
"1780196625-551","https://www.lazada.co.id/products/pdp-i8608700849-s16013570474.html?c=&channelLpJumpArgs=&clickTrackInfo=query%253Ahp%252Bhdc%252Bvivo%253Bnid%253A8608700849%253Bsrc%253ALazadaMainSrp%253Brn%253A2cc5dbdee968abe78d2a0a88c090c687%253Bregion%253Aid%253Bsku%253A8608700849_ID%253Bprice%253A688000%253Bclient%253Adesktop%253Bsupplier_id%253A401099536002%253Bsession_id%253A%253Bbiz_source%253Ah5_internal%253Bslot%253A2%253Butlog_bucket_id%253A470687%253Basc_category_id%253A10100333%253Bitem_id%253A8608700849%253Bsku_id%253A16013570474%253Bshop_id%253A6307054%253BtemplateInfo%253A107879_A3_C_E%2523&freeshipping=1&fs_ab=2&fuse_fs=&lang=id&location=Kab.%20Tangerang&price=6.88E%205&priceCompare=skuId%3A16013570474%3Bsource%3Alazada-search-voucher%3Bsn%3A2cc5dbdee968abe78d2a0a88c090c687%3BoriginPrice%3A68800000%3BdisplayPrice%3A68800000%3BisGray%3Afalse%3BsinglePromotionId%3A-1%3BsingleToolCode%3AmockedSalePrice%3BvoucherPricePlugin%3A0%3Btimestamp%3A1780167465147&ratingscore=4.46643109540636&request_id=2cc5dbdee968abe78d2a0a88c090c687&review=566&sale=1063&search=1&source=search&spm=a2o4j.searchlist.list.2&stock=1","","","2026-03-11"
"1780196625-552","https://www.lazada.co.id/products/pdp-i8608700849-s16013570474.html?c=&channelLpJumpArgs=&clickTrackInfo=query%253Ahp%252Bhdc%252Bvivo%253Bnid%253A8608700849%253Bsrc%253ALazadaMainSrp%253Brn%253A2cc5dbdee968abe78d2a0a88c090c687%253Bregion%253Aid%253Bsku%253A8608700849_ID%253Bprice%253A688000%253Bclient%253Adesktop%253Bsupplier_id%253A401099536002%253Bsession_id%253A%253Bbiz_source%253Ah5_internal%253Bslot%253A2%253Butlog_bucket_id%253A470687%253Basc_category_id%253A10100333%253Bitem_id%253A8608700849%253Bsku_id%253A16013570474%253Bshop_id%253A6307054%253BtemplateInfo%253A107879_A3_C_E%2523&freeshipping=1&fs_ab=2&fuse_fs=&lang=id&location=Kab.%20Tangerang&price=6.88E%205&priceCompare=skuId%3A16013570474%3Bsource%3Alazada-search-voucher%3Bsn%3A2cc5dbdee968abe78d2a0a88c090c687%3BoriginPrice%3A68800000%3BdisplayPrice%3A68800000%3BisGray%3Afalse%3BsinglePromotionId%3A-1%3BsingleToolCode%3AmockedSalePrice%3BvoucherPricePlugin%3A0%3Btimestamp%3A1780167465147&ratingscore=4.46643109540636&request_id=2cc5dbdee968abe78d2a0a88c090c687&review=566&sale=1063&search=1&source=search&spm=a2o4j.searchlist.list.2&stock=1","","","2025-11-30"
"1780196625-553","https://www.lazada.co.id/products/pdp-i8608700849-s16013570474.html?c=&channelLpJumpArgs=&clickTrackInfo=query%253Ahp%252Bhdc%252Bvivo%253Bnid%253A8608700849%253Bsrc%253ALazadaMainSrp%253Brn%253A2cc5dbdee968abe78d2a0a88c090c687%253Bregion%253Aid%253Bsku%253A8608700849_ID%253Bprice%253A688000%253Bclient%253Adesktop%253Bsupplier_id%253A401099536002%253Bsession_id%253A%253Bbiz_source%253Ah5_internal%253Bslot%253A2%253Butlog_bucket_id%253A470687%253Basc_category_id%253A10100333%253Bitem_id%253A8608700849%253Bsku_id%253A16013570474%253Bshop_id%253A6307054%253BtemplateInfo%253A107879_A3_C_E%2523&freeshipping=1&fs_ab=2&fuse_fs=&lang=id&location=Kab.%20Tangerang&price=6.88E%205&priceCompare=skuId%3A16013570474%3Bsource%3Alazada-search-voucher%3Bsn%3A2cc5dbdee968abe78d2a0a88c090c687%3BoriginPrice%3A68800000%3BdisplayPrice%3A68800000%3BisGray%3Afalse%3BsinglePromotionId%3A-1%3BsingleToolCode%3AmockedSalePrice%3BvoucherPricePlugin%3A0%3Btimestamp%3A1780167465147&ratingscore=4.46643109540636&request_id=2cc5dbdee968abe78d2a0a88c090c687&review=566&sale=1063&search=1&source=search&spm=a2o4j.searchlist.list.2&stock=1","","","2025-10-12"
"1780196625-554","https://www.lazada.co.id/products/pdp-i8608700849-s16013570474.html?c=&channelLpJumpArgs=&clickTrackInfo=query%253Ahp%252Bhdc%252Bvivo%253Bnid%253A8608700849%253Bsrc%253ALazadaMainSrp%253Brn%253A2cc5dbdee968abe78d2a0a88c090c687%253Bregion%253Aid%253Bsku%253A8608700849_ID%253Bprice%253A688000%253Bclient%253Adesktop%253Bsupplier_id%253A401099536002%253Bsession_id%253A%253Bbiz_source%253Ah5_internal%253Bslot%253A2%253Butlog_bucket_id%253A470687%253Basc_category_id%253A10100333%253Bitem_id%253A8608700849%253Bsku_id%253A16013570474%253Bshop_id%253A6307054%253BtemplateInfo%253A107879_A3_C_E%2523&freeshipping=1&fs_ab=2&fuse_fs=&lang=id&location=Kab.%20Tangerang&price=6.88E%205&priceCompare=skuId%3A16013570474%3Bsource%3Alazada-search-voucher%3Bsn%3A2cc5dbdee968abe78d2a0a88c090c687%3BoriginPrice%3A68800000%3BdisplayPrice%3A68800000%3BisGray%3Afalse%3BsinglePromotionId%3A-1%3BsingleToolCode%3AmockedSalePrice%3BvoucherPricePlugin%3A0%3Btimestamp%3A1780167465147&ratingscore=4.46643109540636&request_id=2cc5dbdee968abe78d2a0a88c090c687&review=566&sale=1063&search=1&source=search&spm=a2o4j.searchlist.list.2&stock=1","","","2025-08-09"
"1780196625-555","https://www.lazada.co.id/products/pdp-i8608700849-s16013570474.html?c=&channelLpJumpArgs=&clickTrackInfo=query%253Ahp%252Bhdc%252Bvivo%253Bnid%253A8608700849%253Bsrc%253ALazadaMainSrp%253Brn%253A2cc5dbdee968abe78d2a0a88c090c687%253Bregion%253Aid%253Bsku%253A8608700849_ID%253Bprice%253A688000%253Bclient%253Adesktop%253Bsupplier_id%253A401099536002%253Bsession_id%253A%253Bbiz_source%253Ah5_internal%253Bslot%253A2%253Butlog_bucket_id%253A470687%253Basc_category_id%253A10100333%253Bitem_id%253A8608700849%253Bsku_id%253A16013570474%253Bshop_id%253A6307054%253BtemplateInfo%253A107879_A3_C_E%2523&freeshipping=1&fs_ab=2&fuse_fs=&lang=id&location=Kab.%20Tangerang&price=6.88E%205&priceCompare=skuId%3A16013570474%3Bsource%3Alazada-search-voucher%3Bsn%3A2cc5dbdee968abe78d2a0a88c090c687%3BoriginPrice%3A68800000%3BdisplayPrice%3A68800000%3BisGray%3Afalse%3BsinglePromotionId%3A-1%3BsingleToolCode%3AmockedSalePrice%3BvoucherPricePlugin%3A0%3Btimestamp%3A1780167465147&ratingscore=4.46643109540636&request_id=2cc5dbdee968abe78d2a0a88c090c687&review=566&sale=1063&search=1&source=search&spm=a2o4j.searchlist.list.2&stock=1","","","2025-10-12"
"1780196625-556","https://www.lazada.co.id/products/pdp-i8608700849-s16013570474.html?c=&channelLpJumpArgs=&clickTrackInfo=query%253Ahp%252Bhdc%252Bvivo%253Bnid%253A8608700849%253Bsrc%253ALazadaMainSrp%253Brn%253A2cc5dbdee968abe78d2a0a88c090c687%253Bregion%253Aid%253Bsku%253A8608700849_ID%253Bprice%253A688000%253Bclient%253Adesktop%253Bsupplier_id%253A401099536002%253Bsession_id%253A%253Bbiz_source%253Ah5_internal%253Bslot%253A2%253Butlog_bucket_id%253A470687%253Basc_category_id%253A10100333%253Bitem_id%253A8608700849%253Bsku_id%253A16013570474%253Bshop_id%253A6307054%253BtemplateInfo%253A107879_A3_C_E%2523&freeshipping=1&fs_ab=2&fuse_fs=&lang=id&location=Kab.%20Tangerang&price=6.88E%205&priceCompare=skuId%3A16013570474%3Bsource%3Alazada-search-voucher%3Bsn%3A2cc5dbdee968abe78d2a0a88c090c687%3BoriginPrice%3A68800000%3BdisplayPrice%3A68800000%3BisGray%3Afalse%3BsinglePromotionId%3A-1%3BsingleToolCode%3AmockedSalePrice%3BvoucherPricePlugin%3A0%3Btimestamp%3A1780167465147&ratingscore=4.46643109540636&request_id=2cc5dbdee968abe78d2a0a88c090c687&review=566&sale=1063&search=1&source=search&spm=a2o4j.searchlist.list.2&stock=1","","","2025-09-30"
"1780196625-557","https://www.lazada.co.id/products/pdp-i8608700849-s16013570474.html?c=&channelLpJumpArgs=&clickTrackInfo=query%253Ahp%252Bhdc%252Bvivo%253Bnid%253A8608700849%253Bsrc%253ALazadaMainSrp%253Brn%253A2cc5dbdee968abe78d2a0a88c090c687%253Bregion%253Aid%253Bsku%253A8608700849_ID%253Bprice%253A688000%253Bclient%253Adesktop%253Bsupplier_id%253A401099536002%253Bsession_id%253A%253Bbiz_source%253Ah5_internal%253Bslot%253A2%253Butlog_bucket_id%253A470687%253Basc_category_id%253A10100333%253Bitem_id%253A8608700849%253Bsku_id%253A16013570474%253Bshop_id%253A6307054%253BtemplateInfo%253A107879_A3_C_E%2523&freeshipping=1&fs_ab=2&fuse_fs=&lang=id&location=Kab.%20Tangerang&price=6.88E%205&priceCompare=skuId%3A16013570474%3Bsource%3Alazada-search-voucher%3Bsn%3A2cc5dbdee968abe78d2a0a88c090c687%3BoriginPrice%3A68800000%3BdisplayPrice%3A68800000%3BisGray%3Afalse%3BsinglePromotionId%3A-1%3BsingleToolCode%3AmockedSalePrice%3BvoucherPricePlugin%3A0%3Btimestamp%3A1780167465147&ratingscore=4.46643109540636&request_id=2cc5dbdee968abe78d2a0a88c090c687&review=566&sale=1063&search=1&source=search&spm=a2o4j.searchlist.list.2&stock=1","","","2026-01-03"
"1780196625-558","https://www.lazada.co.id/products/pdp-i8608700849-s16013570474.html?c=&channelLpJumpArgs=&clickTrackInfo=query%253Ahp%252Bhdc%252Bvivo%253Bnid%253A8608700849%253Bsrc%253ALazadaMainSrp%253Brn%253A2cc5dbdee968abe78d2a0a88c090c687%253Bregion%253Aid%253Bsku%253A8608700849_ID%253Bprice%253A688000%253Bclient%253Adesktop%253Bsupplier_id%253A401099536002%253Bsession_id%253A%253Bbiz_source%253Ah5_internal%253Bslot%253A2%253Butlog_bucket_id%253A470687%253Basc_category_id%253A10100333%253Bitem_id%253A8608700849%253Bsku_id%253A16013570474%253Bshop_id%253A6307054%253BtemplateInfo%253A107879_A3_C_E%2523&freeshipping=1&fs_ab=2&fuse_fs=&lang=id&location=Kab.%20Tangerang&price=6.88E%205&priceCompare=skuId%3A16013570474%3Bsource%3Alazada-search-voucher%3Bsn%3A2cc5dbdee968abe78d2a0a88c090c687%3BoriginPrice%3A68800000%3BdisplayPrice%3A68800000%3BisGray%3Afalse%3BsinglePromotionId%3A-1%3BsingleToolCode%3AmockedSalePrice%3BvoucherPricePlugin%3A0%3Btimestamp%3A1780167465147&ratingscore=4.46643109540636&request_id=2cc5dbdee968abe78d2a0a88c090c687&review=566&sale=1063&search=1&source=search&spm=a2o4j.searchlist.list.2&stock=1","","","2025-09-16"
"1780196625-559","https://www.lazada.co.id/products/pdp-i8608700849-s16013570474.html?c=&channelLpJumpArgs=&clickTrackInfo=query%253Ahp%252Bhdc%252Bvivo%253Bnid%253A8608700849%253Bsrc%253ALazadaMainSrp%253Brn%253A2cc5dbdee968abe78d2a0a88c090c687%253Bregion%253Aid%253Bsku%253A8608700849_ID%253Bprice%253A688000%253Bclient%253Adesktop%253Bsupplier_id%253A401099536002%253Bsession_id%253A%253Bbiz_source%253Ah5_internal%253Bslot%253A2%253Butlog_bucket_id%253A470687%253Basc_category_id%253A10100333%253Bitem_id%253A8608700849%253Bsku_id%253A16013570474%253Bshop_id%253A6307054%253BtemplateInfo%253A107879_A3_C_E%2523&freeshipping=1&fs_ab=2&fuse_fs=&lang=id&location=Kab.%20Tangerang&price=6.88E%205&priceCompare=skuId%3A16013570474%3Bsource%3Alazada-search-voucher%3Bsn%3A2cc5dbdee968abe78d2a0a88c090c687%3BoriginPrice%3A68800000%3BdisplayPrice%3A68800000%3BisGray%3Afalse%3BsinglePromotionId%3A-1%3BsingleToolCode%3AmockedSalePrice%3BvoucherPricePlugin%3A0%3Btimestamp%3A1780167465147&ratingscore=4.46643109540636&request_id=2cc5dbdee968abe78d2a0a88c090c687&review=566&sale=1063&search=1&source=search&spm=a2o4j.searchlist.list.2&stock=1","","","2025-11-13"
"1780196625-560","https://www.lazada.co.id/products/pdp-i8608700849-s16013570474.html?c=&channelLpJumpArgs=&clickTrackInfo=query%253Ahp%252Bhdc%252Bvivo%253Bnid%253A8608700849%253Bsrc%253ALazadaMainSrp%253Brn%253A2cc5dbdee968abe78d2a0a88c090c687%253Bregion%253Aid%253Bsku%253A8608700849_ID%253Bprice%253A688000%253Bclient%253Adesktop%253Bsupplier_id%253A401099536002%253Bsession_id%253A%253Bbiz_source%253Ah5_internal%253Bslot%253A2%253Butlog_bucket_id%253A470687%253Basc_category_id%253A10100333%253Bitem_id%253A8608700849%253Bsku_id%253A16013570474%253Bshop_id%253A6307054%253BtemplateInfo%253A107879_A3_C_E%2523&freeshipping=1&fs_ab=2&fuse_fs=&lang=id&location=Kab.%20Tangerang&price=6.88E%205&priceCompare=skuId%3A16013570474%3Bsource%3Alazada-search-voucher%3Bsn%3A2cc5dbdee968abe78d2a0a88c090c687%3BoriginPrice%3A68800000%3BdisplayPrice%3A68800000%3BisGray%3Afalse%3BsinglePromotionId%3A-1%3BsingleToolCode%3AmockedSalePrice%3BvoucherPricePlugin%3A0%3Btimestamp%3A1780167465147&ratingscore=4.46643109540636&request_id=2cc5dbdee968abe78d2a0a88c090c687&review=566&sale=1063&search=1&source=search&spm=a2o4j.searchlist.list.2&stock=1","","","2026-01-13"
"1780196625-561","https://www.lazada.co.id/products/pdp-i8608700849-s16013570474.html?c=&channelLpJumpArgs=&clickTrackInfo=query%253Ahp%252Bhdc%252Bvivo%253Bnid%253A8608700849%253Bsrc%253ALazadaMainSrp%253Brn%253A2cc5dbdee968abe78d2a0a88c090c687%253Bregion%253Aid%253Bsku%253A8608700849_ID%253Bprice%253A688000%253Bclient%253Adesktop%253Bsupplier_id%253A401099536002%253Bsession_id%253A%253Bbiz_source%253Ah5_internal%253Bslot%253A2%253Butlog_bucket_id%253A470687%253Basc_category_id%253A10100333%253Bitem_id%253A8608700849%253Bsku_id%253A16013570474%253Bshop_id%253A6307054%253BtemplateInfo%253A107879_A3_C_E%2523&freeshipping=1&fs_ab=2&fuse_fs=&lang=id&location=Kab.%20Tangerang&price=6.88E%205&priceCompare=skuId%3A16013570474%3Bsource%3Alazada-search-voucher%3Bsn%3A2cc5dbdee968abe78d2a0a88c090c687%3BoriginPrice%3A68800000%3BdisplayPrice%3A68800000%3BisGray%3Afalse%3BsinglePromotionId%3A-1%3BsingleToolCode%3AmockedSalePrice%3BvoucherPricePlugin%3A0%3Btimestamp%3A1780167465147&ratingscore=4.46643109540636&request_id=2cc5dbdee968abe78d2a0a88c090c687&review=566&sale=1063&search=1&source=search&spm=a2o4j.searchlist.list.2&stock=1","","","2025-12-09"
"1780196625-562","https://www.lazada.co.id/products/pdp-i8608700849-s16013570474.html?c=&channelLpJumpArgs=&clickTrackInfo=query%253Ahp%252Bhdc%252Bvivo%253Bnid%253A8608700849%253Bsrc%253ALazadaMainSrp%253Brn%253A2cc5dbdee968abe78d2a0a88c090c687%253Bregion%253Aid%253Bsku%253A8608700849_ID%253Bprice%253A688000%253Bclient%253Adesktop%253Bsupplier_id%253A401099536002%253Bsession_id%253A%253Bbiz_source%253Ah5_internal%253Bslot%253A2%253Butlog_bucket_id%253A470687%253Basc_category_id%253A10100333%253Bitem_id%253A8608700849%253Bsku_id%253A16013570474%253Bshop_id%253A6307054%253BtemplateInfo%253A107879_A3_C_E%2523&freeshipping=1&fs_ab=2&fuse_fs=&lang=id&location=Kab.%20Tangerang&price=6.88E%205&priceCompare=skuId%3A16013570474%3Bsource%3Alazada-search-voucher%3Bsn%3A2cc5dbdee968abe78d2a0a88c090c687%3BoriginPrice%3A68800000%3BdisplayPrice%3A68800000%3BisGray%3Afalse%3BsinglePromotionId%3A-1%3BsingleToolCode%3AmockedSalePrice%3BvoucherPricePlugin%3A0%3Btimestamp%3A1780167465147&ratingscore=4.46643109540636&request_id=2cc5dbdee968abe78d2a0a88c090c687&review=566&sale=1063&search=1&source=search&spm=a2o4j.searchlist.list.2&stock=1","","","2026-01-28"
"1780196625-563","https://www.lazada.co.id/products/pdp-i8608700849-s16013570474.html?c=&channelLpJumpArgs=&clickTrackInfo=query%253Ahp%252Bhdc%252Bvivo%253Bnid%253A8608700849%253Bsrc%253ALazadaMainSrp%253Brn%253A2cc5dbdee968abe78d2a0a88c090c687%253Bregion%253Aid%253Bsku%253A8608700849_ID%253Bprice%253A688000%253Bclient%253Adesktop%253Bsupplier_id%253A401099536002%253Bsession_id%253A%253Bbiz_source%253Ah5_internal%253Bslot%253A2%253Butlog_bucket_id%253A470687%253Basc_category_id%253A10100333%253Bitem_id%253A8608700849%253Bsku_id%253A16013570474%253Bshop_id%253A6307054%253BtemplateInfo%253A107879_A3_C_E%2523&freeshipping=1&fs_ab=2&fuse_fs=&lang=id&location=Kab.%20Tangerang&price=6.88E%205&priceCompare=skuId%3A16013570474%3Bsource%3Alazada-search-voucher%3Bsn%3A2cc5dbdee968abe78d2a0a88c090c687%3BoriginPrice%3A68800000%3BdisplayPrice%3A68800000%3BisGray%3Afalse%3BsinglePromotionId%3A-1%3BsingleToolCode%3AmockedSalePrice%3BvoucherPricePlugin%3A0%3Btimestamp%3A1780167465147&ratingscore=4.46643109540636&request_id=2cc5dbdee968abe78d2a0a88c090c687&review=566&sale=1063&search=1&source=search&spm=a2o4j.searchlist.list.2&stock=1","","","2026-01-18"
"1780196625-564","https://www.lazada.co.id/products/pdp-i8608700849-s16013570474.html?c=&channelLpJumpArgs=&clickTrackInfo=query%253Ahp%252Bhdc%252Bvivo%253Bnid%253A8608700849%253Bsrc%253ALazadaMainSrp%253Brn%253A2cc5dbdee968abe78d2a0a88c090c687%253Bregion%253Aid%253Bsku%253A8608700849_ID%253Bprice%253A688000%253Bclient%253Adesktop%253Bsupplier_id%253A401099536002%253Bsession_id%253A%253Bbiz_source%253Ah5_internal%253Bslot%253A2%253Butlog_bucket_id%253A470687%253Basc_category_id%253A10100333%253Bitem_id%253A8608700849%253Bsku_id%253A16013570474%253Bshop_id%253A6307054%253BtemplateInfo%253A107879_A3_C_E%2523&freeshipping=1&fs_ab=2&fuse_fs=&lang=id&location=Kab.%20Tangerang&price=6.88E%205&priceCompare=skuId%3A16013570474%3Bsource%3Alazada-search-voucher%3Bsn%3A2cc5dbdee968abe78d2a0a88c090c687%3BoriginPrice%3A68800000%3BdisplayPrice%3A68800000%3BisGray%3Afalse%3BsinglePromotionId%3A-1%3BsingleToolCode%3AmockedSalePrice%3BvoucherPricePlugin%3A0%3Btimestamp%3A1780167465147&ratingscore=4.46643109540636&request_id=2cc5dbdee968abe78d2a0a88c090c687&review=566&sale=1063&search=1&source=search&spm=a2o4j.searchlist.list.2&stock=1","","","2026-01-13"
"1780196625-565","https://www.lazada.co.id/products/pdp-i8608700849-s16013570474.html?c=&channelLpJumpArgs=&clickTrackInfo=query%253Ahp%252Bhdc%252Bvivo%253Bnid%253A8608700849%253Bsrc%253ALazadaMainSrp%253Brn%253A2cc5dbdee968abe78d2a0a88c090c687%253Bregion%253Aid%253Bsku%253A8608700849_ID%253Bprice%253A688000%253Bclient%253Adesktop%253Bsupplier_id%253A401099536002%253Bsession_id%253A%253Bbiz_source%253Ah5_internal%253Bslot%253A2%253Butlog_bucket_id%253A470687%253Basc_category_id%253A10100333%253Bitem_id%253A8608700849%253Bsku_id%253A16013570474%253Bshop_id%253A6307054%253BtemplateInfo%253A107879_A3_C_E%2523&freeshipping=1&fs_ab=2&fuse_fs=&lang=id&location=Kab.%20Tangerang&price=6.88E%205&priceCompare=skuId%3A16013570474%3Bsource%3Alazada-search-voucher%3Bsn%3A2cc5dbdee968abe78d2a0a88c090c687%3BoriginPrice%3A68800000%3BdisplayPrice%3A68800000%3BisGray%3Afalse%3BsinglePromotionId%3A-1%3BsingleToolCode%3AmockedSalePrice%3BvoucherPricePlugin%3A0%3Btimestamp%3A1780167465147&ratingscore=4.46643109540636&request_id=2cc5dbdee968abe78d2a0a88c090c687&review=566&sale=1063&search=1&source=search&spm=a2o4j.searchlist.list.2&stock=1","","","2026-03-29"
"1780196625-566","https://www.lazada.co.id/products/pdp-i8608700849-s16013570474.html?c=&channelLpJumpArgs=&clickTrackInfo=query%253Ahp%252Bhdc%252Bvivo%253Bnid%253A8608700849%253Bsrc%253ALazadaMainSrp%253Brn%253A2cc5dbdee968abe78d2a0a88c090c687%253Bregion%253Aid%253Bsku%253A8608700849_ID%253Bprice%253A688000%253Bclient%253Adesktop%253Bsupplier_id%253A401099536002%253Bsession_id%253A%253Bbiz_source%253Ah5_internal%253Bslot%253A2%253Butlog_bucket_id%253A470687%253Basc_category_id%253A10100333%253Bitem_id%253A8608700849%253Bsku_id%253A16013570474%253Bshop_id%253A6307054%253BtemplateInfo%253A107879_A3_C_E%2523&freeshipping=1&fs_ab=2&fuse_fs=&lang=id&location=Kab.%20Tangerang&price=6.88E%205&priceCompare=skuId%3A16013570474%3Bsource%3Alazada-search-voucher%3Bsn%3A2cc5dbdee968abe78d2a0a88c090c687%3BoriginPrice%3A68800000%3BdisplayPrice%3A68800000%3BisGray%3Afalse%3BsinglePromotionId%3A-1%3BsingleToolCode%3AmockedSalePrice%3BvoucherPricePlugin%3A0%3Btimestamp%3A1780167465147&ratingscore=4.46643109540636&request_id=2cc5dbdee968abe78d2a0a88c090c687&review=566&sale=1063&search=1&source=search&spm=a2o4j.searchlist.list.2&stock=1","","","2025-12-16"
