review_id,store_id,review_raw,timestamp_raw,store_label,review_text,review_date,sentiment_label,prob_neg,prob_neu,prob_pos,sentiment_name
1780196625-48,Panda_Vivo Y71,maaf baru di ulas.barangny bagus dan normal semoga awet dan tahan lama.🙏,2025-06-19,0,maaf baru di ulas barangny bagus dan normal semoga awet dan tahan lama,2025-06-19 00:00:00,0,0.9326401,0.041260455,0.026099449,positif
1780196625-51,Panda_Vivo Y71,"mantap, udah pesan 2x aman, semoga terus amanah,, dan awett",2025-06-19,0,mantap udah pesan 2x aman semoga terus amanah dan awett,2025-06-19 00:00:00,0,0.9942918,0.004299208,0.0014090373,positif
1780196625-41,Panda_Vivo Y71,paket telah mendarat dengan aman dan cocok sesuai pesanan dan sesuai gambar,2025-07-02,0,paket telah mendarat dengan aman dan cocok sesuai pesanan dan sesuai gambar,2025-07-02 00:00:00,1,0.46157542,0.53567195,0.0027525735,netral
1780196625-172,Panda_Vivo Y71,mantap💖💖💖💖💖toko terpercaya bagi saya...semoga sukses..amanah truuus ya💖💖💖💖,2025-07-03,0,mantap toko terpercaya bagi saya semoga sukses amanah truuus ya,2025-07-03 00:00:00,0,0.9925679,0.006536962,0.00089512224,positif
1780196625-167,Panda_Vivo Y71,"packing nya rapih dan aman, pengiriman cepat
barang dalam kondisi bagus dan original dan lengkap",2025-07-05,0,packing nya rapih dan aman pengiriman cepat barang dalam kondisi bagus dan original dan lengkap,2025-07-05 00:00:00,0,0.9925728,0.0066002,0.0008269352,positif
1780196625-186,Panda_Vivo Y71,kualitas bagus sesuai pesanan,2025-07-05,0,kualitas bagus sesuai pesanan,2025-07-05 00:00:00,0,0.9958222,0.0030362979,0.0011414723,positif
1780196625-201,Panda_Vivo Y71,"pengiriman tgl 25 juni dan tiba tgl 8 juli, biasanya 2-3 hari sdh nyampe, sangat mengecewakan untuk pengiriman. penjual mantap, gercep",2025-07-08,0,pengiriman tgl 25 juni dan tiba tgl 8 juli biasanya 2 3 hari sdh nyampe sangat mengecewakan untuk pengiriman penjual mantap gercep,2025-07-08 00:00:00,2,0.0039975145,0.0016509409,0.9943515,negatif
1780196625-335,Panda_Vivo Y71,Alhamdulillah.. sesuai keinginan.. barang bagus beneran baru mantap,2025-07-08,0,alhamdulillah sesuai keinginan barang bagus beneran baru mantap,2025-07-08 00:00:00,0,0.99622774,0.0029483107,0.00082397653,positif
1780196625-160,Panda_Vivo Y71,"hp sudah sampe dan telah ku coba lumayan, dengan harga sangat murah makasih seler dan makasih buat kurirnya.",2025-07-10,0,handphone sudah sampe dan telah ku coba lumayan dengan harga sangat murah makasih penjual dan makasih buat kurirnya,2025-07-10 00:00:00,0,0.99056584,0.008257915,0.0011763,positif
1780196625-183,Panda_Vivo Y71,blm d cek batre kosong sdng d isi baterai,2025-07-11,0,blm d cek batre kosong sdng d isi baterai,2025-07-11 00:00:00,1,0.0023275053,0.79607177,0.20160072,netral
1780196625-150,Panda_Vivo Y71,"Very recommended seller. 
Produk sesuai deskripsi, produk baru segel box, proses cepat, aman sampai di tempat saya. Sangat puas, mau pesan lagi nanti.. Terimakasih",2025-07-12,0,very recommended penjual produk sesuai deskripsi produk baru segel box proses cepat aman sampai di tempat saya sangat puas mau pesan lagi nanti terima kasih,2025-07-12 00:00:00,0,0.9957087,0.002701236,0.0015900857,positif
1780196625-157,Panda_Vivo Y71,"sesuai pesanan, toko nya terpecaya, pengirimannya cpt , dpt hrg murah, Hp nya bagus dan msh mulus, Alhamdulillah nyala dan aman. ga tau ini Hp bekas atw br ya soalnya di dlm dus cm ada charger sm Hp aja. uda gitu Batre Hp nya uda 100% aja. semoga awet. thanks buat toko dan kurir nya. maaf video nya ga bs terpasang saat buka paket.",2025-07-12,0,sesuai pesanan toko nya terpecaya pengirimannya cpt dapat hrg murah handphone nya bagus dan msh mulus alhamdulillah nyala dan aman tidak tau ini handphone bekas atw br ya soalnya di dlm dus cm ada charger sm handphone aja uda gitu batre handphone nya uda 100 aja semoga awet thanks buat toko dan kurir nya maaf video nya tidak bs terpasang saat buka paket,2025-07-12 00:00:00,0,0.95509773,0.023434313,0.021467984,positif
1780196625-177,Panda_Vivo Y71,barangnya sudah sampai dengan selamat terima kasih?,2025-07-13,0,barangnya sudah sampai dengan selamat terima kasih,2025-07-13 00:00:00,1,0.36433485,0.62918174,0.00648342,netral
1780196625-33,Panda_Vivo Y71,"mantaf sesuai iklan
HP gres mulus dan normal
pengiriman cepat
respon penjual cepat dan bersahabat
harga bersaing
makasih banget seller",2025-07-17,0,mantaf sesuai iklan handphone gres mulus dan normal pengiriman cepat respon penjual cepat dan bersahabat harga bersaing makasih banget penjual,2025-07-17 00:00:00,0,0.9940388,0.004305413,0.0016558181,positif
1780196625-375,Panda_Vivo Y71,saya pesanwarna biru ko Dateng nya warna putih,2025-07-21,0,saya pesanwarna biru ko dateng nya warna putih,2025-07-21 00:00:00,1,0.0023302683,0.9957059,0.001963796,netral
1780196625-154,Panda_Vivo Y71,oke mantul paket berfungsi dgn baik tidak ada kendala..smoga awet..recomended poko na mah hehe..trima kasih bos kuh,2025-07-22,0,oke mantul paket berfungsi dengan baik tidak ada kendala smoga awet recomended poko na mah hehe trima kasih bos kuh,2025-07-22 00:00:00,0,0.9823775,0.014878878,0.0027436765,positif
1780196625-187,Panda_Vivo Y71,"sesuai pesanan
smoga awet",2025-07-23,0,sesuai pesanan smoga awet,2025-07-23 00:00:00,0,0.9920025,0.0066939346,0.0013036827,positif
1780196625-188,Panda_Vivo Y71,"barang ok
..tpi blm pakai",2025-07-23,0,barang ok tapi blm pakai,2025-07-23 00:00:00,1,0.010669295,0.83073586,0.15859477,netral
1780196625-176,Panda_Vivo Y71,pesanan cepat belum di buka mudah2an sesuai,2025-08-06,0,pesanan cepat belum di buka mudah2an sesuai,2025-08-06 00:00:00,0,0.8448649,0.14593042,0.009204585,positif
1780196625-320,Panda_Vivo Y71,"bagus normal semua ...sesuai dikripsi
terimakasih seler n lazada",2025-08-09,0,bagus normal semua sesuai dikripsi terima kasih penjual n lazada,2025-08-09 00:00:00,1,0.13769355,0.8465747,0.015731772,netral
1780196625-181,Panda_Vivo Y71,"sangat puas,toko yg amanah",2025-08-14,0,sangat puas toko yang amanah,2025-08-14 00:00:00,0,0.99519205,0.0035642982,0.0012437105,positif
1780196625-137,Panda_Vivo Y71,"Alhamdulillah sampenya cepet banget 
triBaru, segel, dan bergaransi, maakasih ka
respon sellernya juga cepet",2025-08-22,0,alhamdulillah sampenya cepet banget tribaru segel dan bergaransi maakasih ka respon sellernya juga cepet,2025-08-22 00:00:00,0,0.98378307,0.014672952,0.0015439742,positif
1780196625-22,Panda_Vivo Y71,"Pelindung kaca Gorilla Glass 3, Kamera belakang 13MP dengan lampu kilat, Desain bodi aluminium, ..
pesanan sudah di terima, barang bagus dan masih baru ( masih di segel ).. kondisi normal dan tidak ada kendala.. tokonya amanah, saya puas sekali belanja di sini..
terima kasih seller jg lazada semoga semakin sukses dan maju...!! 
😊😊🙏👍👍👍👍👍",2025-08-28,0,pelindung kaca gorilla glass 3 kamera belakang 13mp dengan lampu kilat desain bodi aluminium pesanan sudah di terima barang bagus dan masih baru masih di segel kondisi normal dan tidak ada kendala tokonya amanah saya puas sekali belanja di sini terima kasih penjual jg lazada semoga semakin sukses dan maju,2025-08-28 00:00:00,0,0.9804826,0.017297491,0.0022199324,positif
1780196625-350,Panda_Vivo Y71,"Desain bodi aluminium, Kapasitas baterai 3360mAh, hadeuh",2025-09-04,0,desain bodi aluminium kapasitas baterai 3360mah hadeuh,2025-09-04 00:00:00,1,0.007470436,0.9914179,0.0011116728,netral
1780196625-20,Panda_Vivo Y71,"Kamera belakang 13MP dengan lampu kilat, Pelindung kaca Gorilla Glass 3, masih segel kardusnya, aman tiba di tempat saya. 
saya tidak tau ini apa china made versi kw nya kah, respon layar agak delay",2025-09-05,0,kamera belakang 13mp dengan lampu kilat pelindung kaca gorilla glass 3 masih segel kardusnya aman tiba di tempat saya saya tidak tau ini apa china made versi tiruan nya kah respon layar agak delay,2025-09-05 00:00:00,2,0.013115375,0.016910596,0.96997404,negatif
1780196625-19,Panda_Vivo Y71,"Kapasitas baterai 3360mAh, Oke dan sangat baik",2025-09-07,0,kapasitas baterai 3360mah oke dan sangat baik,2025-09-07 00:00:00,0,0.99226475,0.0067074643,0.0010277511,positif
1780196625-125,Panda_Vivo Y71,"Baru, segel, dan bergaransi, Kamera belakang 13MP dengan lampu kilat, Kapasitas baterai 3360mAh, Pelindung kaca Gorilla Glass 3, Desain bodi aluminium,",2025-09-08,0,baru segel dan bergaransi kamera belakang 13mp dengan lampu kilat kapasitas baterai 3360mah pelindung kaca gorilla glass 3 desain bodi aluminium,2025-09-08 00:00:00,1,0.0038322492,0.99525636,0.00091138034,netral
1780196625-175,Panda_Vivo Y71,maksi jos tapì blom d buka,2025-09-09,0,maksi jos tapì blom d buka,2025-09-09 00:00:00,1,0.046381466,0.68305,0.27056855,netral
1780196625-158,Panda_Vivo Y71,"dah biar bintang yg berbicara..tetap amanah om,lancar jaya.aamiin",2025-09-10,0,dah biar bintang yang berbicara tetap amanah om lancar jaya aamiin,2025-09-10 00:00:00,0,0.963971,0.031700138,0.004328821,positif
1780196625-256,Panda_Vivo Y71,"Baru, segel, dan bergaransi, Pelindung kaca Gorilla Glass 3, alhamdulillah barangnya👍👍👍sukses buat toko online",2025-09-10,0,baru segel dan bergaransi pelindung kaca gorilla glass 3 alhamdulillah barangnya sukses buat toko online,2025-09-10 00:00:00,1,0.49253967,0.5037549,0.0037054033,netral
1780196625-269,Panda_Vivo Y71,"nyesel beli di toko ini...... knapa ga dari dulu belinya ya,,,, ok mksh moga awet ne hapenya???!",2025-09-10,0,nyesel beli di toko ini knapa tidak dari dulu belinya ya ok mksh moga awet ne hapenya,2025-09-10 00:00:00,2,0.34871426,0.027721548,0.62356424,negatif
1780196625-18,Panda_Vivo Y71,"Baru, segel, dan bergaransi, Kapasitas baterai 3360mAh, terimakasih kak pesanan sudah diterima dgn baik dan sesuai pesanan. hp belum di coba tapi semoga saja awet.dan g ada lecetnya😊👍🏻",2025-09-11,0,baru segel dan bergaransi kapasitas baterai 3360mah terima kasih kak pesanan sudah diterima dengan baik dan sesuai pesanan handphone belum di coba tapi semoga saja awet dan g ada lecetnya,2025-09-11 00:00:00,0,0.9393368,0.050279886,0.0103833005,positif
1780196625-148,Panda_Vivo Y71,"Baru, segel, dan bergaransi, order yang ke 2 barang sesuai deskripsi, pengiriman cepat",2025-09-11,0,baru segel dan bergaransi order yang ke 2 barang sesuai deskripsi pengiriman cepat,2025-09-11 00:00:00,1,0.05678977,0.9302817,0.012928503,netral
1780196625-161,Panda_Vivo Y71,"Baru, segel, dan bergaransi, Kapasitas baterai 3360mAh, terimakasih",2025-09-11,0,baru segel dan bergaransi kapasitas baterai 3360mah terima kasih,2025-09-11 00:00:00,1,0.004073131,0.9902671,0.0056597297,netral
1780196625-124,Panda_Vivo Y71,"sudah diterima paketnya vivo Y71...kondisi hidup...semoga awet.....terimakasih, toko amanah..🙏🙏🙏",2025-09-12,0,sudah diterima paketnya vivo y71 kondisi hidup semoga awet terima kasih toko amanah,2025-09-12 00:00:00,1,0.12291239,0.87289625,0.004191392,netral
1780196625-159,Panda_Vivo Y71,"Baru, segel, dan bergaransi, Desain bodi aluminium, 
mantap",2025-09-12,0,baru segel dan bergaransi desain bodi aluminium mantap,2025-09-12 00:00:00,0,0.91128165,0.08744076,0.0012776628,positif
1780196625-185,Panda_Vivo Y71,"Hpnya sih lumayan kalau harga murah mah.kalau ingin bagud,ya memang pasti dananya jg gde.sebenarnya banyak keluhannya,tapi aku tak mau memberikan ulasan jlek,kasihan sellernya",2025-09-12,0,hpnya sih lumayan kalau harga murah mah kalau ingin bagud ya memang pasti dananya jg gde sebenarnya banyak keluhannya tapi aku tak mau memberikan ulasan jlek kasihan sellernya,2025-09-12 00:00:00,2,0.007177177,0.0010452379,0.99177754,negatif
1780196625-118,Panda_Vivo Y71,"Alhamdulillah barang sesuai pesanan seller amanah sangat amanah pokonya mau beli lagi nex Kamera belakang 13MP dengan lampu kilat, Baru, segel, dan bergaransi,",2025-09-13,0,alhamdulillah barang sesuai pesanan penjual amanah sangat amanah pokonya mau beli lagi nex kamera belakang 13mp dengan lampu kilat baru segel dan bergaransi,2025-09-13 00:00:00,0,0.6309713,0.36032173,0.008706983,positif
1780196625-127,Panda_Vivo Y71,"Desain bodi aluminium, Kamera belakang 13MP dengan lampu kilat, Pelindung kaca Gorilla Glass 3,",2025-09-13,0,desain bodi aluminium kamera belakang 13mp dengan lampu kilat pelindung kaca gorilla glass 3,2025-09-13 00:00:00,1,0.005528958,0.9938454,0.00062565564,netral
1780196625-254,Panda_Vivo Y71,"Kapasitas baterai 3360mAh, Kamera belakang 13MP dengan lampu kilat, Baru, segel, dan bergaransi, Pelindung kaca Gorilla Glass 3, Desain bodi aluminium ,",2025-09-13,0,kapasitas baterai 3360mah kamera belakang 13mp dengan lampu kilat baru segel dan bergaransi pelindung kaca gorilla glass 3 desain bodi aluminium,2025-09-13 00:00:00,1,0.006710424,0.99252,0.0007696658,netral
1780196625-341,Panda_Vivo Y71,oke lumayan,2025-09-14,0,oke lumayan,2025-09-14 00:00:00,0,0.9606116,0.028787434,0.010600989,positif
1780196625-117,Panda_Vivo Y71,terimakasih kak seler lazada juga kurir nya yg amanah dan pada baik paket nya sesuai yg d harapkan saya sangat suka,2025-09-15,0,terima kasih kak penjual lazada juga kurir nya yang amanah dan pada baik paket nya sesuai yang d harapkan saya sangat suka,2025-09-15 00:00:00,0,0.995142,0.004125291,0.00073278096,positif
1780196625-120,Panda_Vivo Y71,"Kapasitas baterai 3360mAh, Desain bodi aluminium, Pelindung kaca Gorilla Glass 3, Baru, segel, dan bergaransi,",2025-09-15,0,kapasitas baterai 3360mah desain bodi aluminium pelindung kaca gorilla glass 3 baru segel dan bergaransi,2025-09-15 00:00:00,1,0.0034031225,0.9956899,0.00090696197,netral
1780196625-121,Panda_Vivo Y71,"Alhamdulillah.... sudah sampai di lokasi kecamatan pakis kabupaten Malang...❤️😍😁😁🇮🇩🇮🇩
paket belum di buka.. masih di simpan dulu karena belum di pakai sekarang...
pengiriman: ngeri... cepat bgt , JKT - kab. malang cuma 2 hari 😁😁😁👍, biasanya standart 3 - 4 hari... orang masih nyuci ehh..tau"" datang paketnya..., yang jualan pinter... harga di murah in di kasih diskon+ lazkoin..., 202.500 rupiah lohhh... dapet nya...hp canggih..ram gede.... Alhamdulillah 🙏🙏🙏
makasih seller....👍👍👍 manteb.. mudah ""an berkah usaha lancar... ingat sholat 5 waktu....
makasih juga buat lazada... lazada oke 👍👍",2025-09-15,0,alhamdulillah sudah sampai di lokasi kecamatan pakis kabupaten malang paket belum di buka masih di simpan dulu karena belum di pakai sekarang pengiriman ngeri cepat banget jkt kab malang cuma 2 hari biasanya standart 3 4 hari orang masih nyuci ehh tau datang paketnya yang jualan pinter harga di murah in di kasih diskon lazkoin 202 500 rupiah lohhh dapet nya handphone canggih ram gede alhamdulillah makasih penjual manteb mudah an berkah usaha lancar ingat sholat 5 waktu makasih juga buat lazada lazada oke,2025-09-15 00:00:00,0,0.9936917,0.0029078205,0.0034006084,positif
1780196625-122,Panda_Vivo Y71,"Kapasitas baterai 3360mAh, Pelindung kaca Gorilla Glass 3, Pelindung kaca Gorilla Glass 3, Kamera belakang 13MP dengan lampu kilat,",2025-09-15,0,kapasitas baterai 3360mah pelindung kaca gorilla glass 3 pelindung kaca gorilla glass 3 kamera belakang 13mp dengan lampu kilat,2025-09-15 00:00:00,1,0.00701061,0.9921985,0.00079086423,netral
1780196625-139,Panda_Vivo Y71,agak lemot mungkin karena harganya murah jadi sesuai sama harga yg penting bisa nyala,2025-09-15,0,agak lambat mungkin karena harganya murah jadi sesuai sama harga yang penting bisa nyala,2025-09-15 00:00:00,0,0.6479903,0.07890772,0.273102,positif
1780196625-156,Panda_Vivo Y71,"pokoke mantaplah tokonya...makasih banyak, 
sangat amanah....",2025-09-15,0,pokoke mantaplah tokonya makasih banyak sangat amanah,2025-09-15 00:00:00,0,0.9957879,0.0026626447,0.0015494889,positif
1780196625-165,Panda_Vivo Y71,"barang oce,trimakasih semuanya yg terlibat.trimakasih",2025-09-15,0,barang oce trimakasih semuanya yang terlibat trimakasih,2025-09-15 00:00:00,1,0.27641645,0.6440826,0.07950095,netral
1780196625-348,Panda_Vivo Y71,hp bagus tapi jaringan data seluler tidak ada saya kecewa,2025-09-16,0,handphone bagus tapi jaringan data seluler tidak ada saya kecewa,2025-09-16 00:00:00,2,0.0010730291,0.0011673571,0.9977597,negatif
1780196625-116,Panda_Vivo Y71,"mantaaaaab lah hp baru masih segel, tapi agak ringan si sesuai lah dengan harga segitu,charger juga ga ori,tapi semoga awet wet wet..
Baru, segel, dan bergaransi, nanti order lg dah",2025-09-17,0,mantap lah handphone baru masih segel tapi agak ringan si sesuai lah dengan harga segitu charger juga tidak original tapi semoga awet wet wet baru segel dan bergaransi nanti order lg dah,2025-09-17 00:00:00,0,0.98708344,0.004277547,0.0086391065,positif
1780196625-253,Panda_Vivo Y71,"Kapasitas baterai 3360mAh, Pelindung kaca Gorilla Glass 3, Desain bodi aluminium, Kamera belakang 13MP dengan lampu kilat, Kamera belakang 13MP dengan lampu kilat, trimakasih",2025-09-17,0,kapasitas baterai 3360mah pelindung kaca gorilla glass 3 desain bodi aluminium kamera belakang 13mp dengan lampu kilat kamera belakang 13mp dengan lampu kilat trimakasih,2025-09-17 00:00:00,1,0.030058922,0.96829975,0.0016413962,netral
1780196625-15,Panda_Vivo Y71,"Baru, segel, dan bergaransi, Kamera belakang 13MP dengan lampu kilat, Kapasitas baterai 3360mAh,",2025-09-18,0,baru segel dan bergaransi kamera belakang 13mp dengan lampu kilat kapasitas baterai 3360mah,2025-09-18 00:00:00,1,0.0025907655,0.9962592,0.0011500333,netral
1780196625-287,Panda_Vivo Y71,"sempurna banget dengan harga ramah banget, tanpa menguras kantong,kualitas ok.",2025-09-18,0,sempurna banget dengan harga ramah banget tanpa menguras kantong kualitas ok,2025-09-18 00:00:00,0,0.9976987,0.001443915,0.00085746025,positif
1780196625-119,Panda_Vivo Y71,"br sempet review
pengiriman cepat
barang mulus
kelangkapan oke
fungsi normal
cukup puas dengan pelayanan  kurir dan toko",2025-09-19,0,br sempet review pengiriman cepat barang mulus kelangkapan oke fungsi normal cukup puas dengan pelayanan kurir dan toko,2025-09-19 00:00:00,0,0.9832545,0.0142302215,0.0025153037,positif
1780196625-128,Panda_Vivo Y71,"Baru, segel, dan bergaransi, Kamera belakang 13MP dengan lampu kilat, Desain bodi aluminium,",2025-09-19,0,baru segel dan bergaransi kamera belakang 13mp dengan lampu kilat desain bodi aluminium,2025-09-19 00:00:00,1,0.0025785256,0.99646676,0.000954648,netral
1780196625-248,Panda_Vivo Y71,"Pelindung kaca Gorilla Glass 3, Kamera belakang 13MP dengan lampu kilat, Desain bodi aluminium, Baru, segel, dan bergaransi, Kapasitas baterai 3360mAh,",2025-09-19,0,pelindung kaca gorilla glass 3 kamera belakang 13mp dengan lampu kilat desain bodi aluminium baru segel dan bergaransi kapasitas baterai 3360mah,2025-09-19 00:00:00,1,0.0044902833,0.9946301,0.00087962614,netral
1780196625-97,Panda_Vivo Y71,"Kamera belakang 13MP dengan lampu kilat, Kapasitas baterai 3360mAh, Pelindung kaca Gorilla Glass 3,",2025-09-20,0,kamera belakang 13mp dengan lampu kilat kapasitas baterai 3360mah pelindung kaca gorilla glass 3,2025-09-20 00:00:00,1,0.0065682395,0.9928275,0.0006042543,netral
1780196625-317,Panda_Vivo Y71,produk bgus cm jaringannya kok agak lemot ya?,2025-09-21,0,produk bgus cm jaringannya kok agak lambat ya,2025-09-21 00:00:00,2,0.0008469197,0.007967456,0.9911856,negatif
1780196625-302,Panda_Vivo Y71,"Desain bodi aluminium, Kapasitas baterai 3360mAh,",2025-09-22,0,desain bodi aluminium kapasitas baterai 3360mah,2025-09-22 00:00:00,1,0.005929143,0.99339986,0.0006710684,netral
1780196625-329,Panda_Vivo Y71,hp bagus tp blm tahu kualitasnya,2025-09-22,0,handphone bagus tapi blm tahu kualitasnya,2025-09-22 00:00:00,2,0.0030513448,0.008310307,0.98863834,negatif
1780196625-351,Panda_Vivo Y71,lumayan utk hrga sgitu ngecas nya lambat,2025-09-22,0,lumayan utk hrga sgitu ngecas nya lambat,2025-09-22 00:00:00,0,0.67889816,0.115168825,0.20593308,positif
1780196625-367,Panda_Vivo Y71,penipu ...tifak visa masuk kartu...barang pengolahan kembali /daur ulang,2025-09-23,0,penipu tifak visa masuk kartu barang pengolahan kembali daur ulang,2025-09-23 00:00:00,2,0.0012612224,0.37007475,0.62866396,negatif
1780196625-112,Panda_Vivo Y71,"penampilannya oke berfungsi normal, dg harga yg terjangkau bisa mendapatkan ponsel yg bagus, trimakasih 🙏",2025-09-24,0,penampilannya oke berfungsi normal dg harga yang terjangkau bisa mendapatkan ponsel yang bagus trimakasih,2025-09-24 00:00:00,0,0.8862789,0.10197512,0.011745979,positif
1780196625-247,Panda_Vivo Y71,"Kamera belakangPelindung kaca Gorilla Glass 3,  13MP dengan lampu kilat, Kapasitas baterai 3360mAh, Baru, segel, dan bergaransi, Pelindung kaca Gorilla Glass 3, Desain bodi aluminium,",2025-09-24,0,kamera belakangpelindung kaca gorilla glass 3 13mp dengan lampu kilat kapasitas baterai 3360mah baru segel dan bergaransi pelindung kaca gorilla glass 3 desain bodi aluminium,2025-09-24 00:00:00,1,0.0049028154,0.99413115,0.000965994,netral
1780196625-283,Panda_Vivo Y71,"pesan nya Vivo y17,di kirim y55,tapi gpp lah,semoga berkah,saya terima beli ya",2025-09-24,0,pesan nya vivo y17 di kirim y55 tapi tidak apa-apa lah semoga berkah saya terima beli ya,2025-09-24 00:00:00,1,0.1544477,0.8369717,0.008580631,netral
1780196625-303,Panda_Vivo Y71,Alhamdulillah datangnya lebih cepat dan amanah tokonya,2025-09-24,0,alhamdulillah datangnya lebih cepat dan amanah tokonya,2025-09-24 00:00:00,0,0.99136615,0.007620835,0.0010130706,positif
1780196625-111,Panda_Vivo Y71,"Alhamdulillah paket udah sampai dn hasilnya memuaskan sesuai dengan apa yg di pesan, pengirimannya juga cepat.",2025-09-25,0,alhamdulillah paket udah sampai dn hasilnya memuaskan sesuai dengan apa yang di pesan pengirimannya juga cepat,2025-09-25 00:00:00,0,0.99451524,0.004632939,0.0008518248,positif
1780196625-126,Panda_Vivo Y71,"Desain bodi aluminium, Baru, segel, dan bergaransi moga awet, ini lagi di pake ngetik bagus lah",2025-09-25,0,desain bodi aluminium baru segel dan bergaransi moga awet ini lagi di pake ngetik bagus lah,2025-09-25 00:00:00,0,0.9910357,0.005401891,0.0035624139,positif
1780196625-153,Panda_Vivo Y71,"Kapasitas baterai 3360mAhPelindung kaca Gorilla Glass 3, , 6",2025-09-25,0,kapasitas baterai 3360mahpelindung kaca gorilla glass 3 6,2025-09-25 00:00:00,1,0.0018914251,0.9971642,0.0009443561,netral
1780196625-13,Panda_Vivo Y71,"Alhamdulillah, paket nyampe. semua lengkap dan berfungsi 👍 desainnya, bagus. ketahanan? selamat, dan sukses untuk semua👍👍👍",2025-09-26,0,alhamdulillah paket nyampe semua lengkap dan berfungsi desainnya bagus ketahanan selamat dan sukses untuk semua,2025-09-26 00:00:00,0,0.9913038,0.0075084046,0.001187789,positif
1780196625-163,Panda_Vivo Y71,mantap Alhamdulillah,2025-09-26,0,mantap alhamdulillah,2025-09-26 00:00:00,0,0.99617565,0.0030208025,0.00080347084,positif
1780196625-371,Panda_Vivo Y71,barang udh nyampe.  barang nya bkn baru seken kecewa bgt,2025-09-26,0,barang udh nyampe barang nya bkn baru seken kecewa banget,2025-09-26 00:00:00,2,0.0008458444,0.0011232231,0.99803096,negatif
1780196625-28,Panda_Vivo Y71,pesanan dah mendarat dan sesuai.dan fungsi hp normal semua,2025-09-27,0,pesanan dah mendarat dan sesuai dan fungsi handphone normal semua,2025-09-27 00:00:00,1,0.16188088,0.79748416,0.04063502,netral
1780196625-242,Panda_Vivo Y71,"hp SDH tiba dan SDH sy terima dlm keadaan baik dan mulus sesuai pesanan pastinya ok mantulll

baru mau dicb mudah2an awet dan tahan lm",2025-09-27,0,handphone sdh tiba dan sdh saya terima dlm keadaan baik dan mulus sesuai pesanan pastinya ok mantulll baru mau dicb mudah2an awet dan tahan lm,2025-09-27 00:00:00,0,0.98633736,0.011694265,0.0019684394,positif
1780196625-96,Panda_Vivo Y71,Alhamdulillah paket udah nyampe sesuai dengan pesanan bagus tapi blom di coba sih semoga awet kulir nya baik terima kasih 🙏 sukses selalu ya Bu,2025-09-28,0,alhamdulillah paket udah nyampe sesuai dengan pesanan bagus tapi blom di coba sih semoga awet kulir nya baik terima kasih sukses selalu ya bu,2025-09-28 00:00:00,0,0.9787177,0.0167414,0.0045409235,positif
1780196625-12,Panda_Vivo Y71,"Baru, segel, dan bergaransi, Kapasitas baterai 3360mAh, Pelindung kaca Gorilla Glass 3,",2025-09-30,0,baru segel dan bergaransi kapasitas baterai 3360mah pelindung kaca gorilla glass 3,2025-09-30 00:00:00,1,0.0015164241,0.9971246,0.0013589094,netral
1780196625-141,Panda_Vivo Y71,"Baru, segel, dan bergaransi, Kamera belakang 13MP dengan lampu kilat,",2025-09-30,0,baru segel dan bergaransi kamera belakang 13mp dengan lampu kilat,2025-09-30 00:00:00,1,0.0020233581,0.9960574,0.0019192338,netral
1780196625-169,Panda_Vivo Y71,"Alhamdulillah mendarat dengan selamat,",2025-09-30,0,alhamdulillah mendarat dengan selamat,2025-09-30 00:00:00,0,0.9596391,0.03902394,0.0013369438,positif
1780196625-230,Panda_Vivo Y71,LCD pecah,2025-09-30,0,lcd pecah,2025-09-30 00:00:00,2,0.0008656965,0.0028494995,0.99628484,negatif
1780196625-103,Panda_Vivo Y71,paket sudah diterima. kondisi retak bagian atas DAN tidak pakai plastik depan yg ada kertas hijaunya seperti yg sudah sudah saya beli. tapi tidak apa apa lah kalau memang ini bukan rejeki saya. moga lain waktu dipilihkan yg bukan / mungkin returan. terimakasih buat toko juga jasa pengirimannya.,2025-10-01,0,paket sudah diterima kondisi retak bagian atas dan tidak pakai plastik depan yang ada kertas hijaunya seperti yang sudah sudah saya beli tapi tidak apa apa lah kalau memang ini bukan rejeki saya moga lain waktu dipilihkan yang bukan mungkin returan terima kasih buat toko juga jasa pengirimannya,2025-10-01 00:00:00,2,0.3611212,0.049704246,0.5891745,negatif
1780196625-142,Panda_Vivo Y71,"sedikit kecewa minta warna putih 
yg dikirim hitam
mdh2an TDK ada kendala",2025-10-01,0,sedikit kecewa minta warna putih yang dikirim hitam mdh2an tdk ada kendala,2025-10-01 00:00:00,2,0.0018378333,0.0028102214,0.9953519,negatif
1780196625-243,Panda_Vivo Y71,"barang paket hp ku sudah datang dgn selamat , kurir nya ramah dan sopan , barang nya baik dan sempurna sesuai hatapan .terima kasih",2025-10-01,0,barang paket handphone ku sudah datang dengan selamat kurir nya ramah dan sopan barang nya baik dan sempurna sesuai hatapan terima kasih,2025-10-01 00:00:00,0,0.98442614,0.012520311,0.00305355,positif
1780196625-298,Panda_Vivo Y71,cukup memuaskan mksh seller...pertahankan amanahnya,2025-10-01,0,cukup memuaskan mksh penjual pertahankan amanahnya,2025-10-01 00:00:00,0,0.9832065,0.01261318,0.0041803285,positif
1780196625-278,Panda_Vivo Y71,lumayannutk harga yg ekonimis...mudah²an awet cuma casannya nggak fungsi,2025-10-02,0,lumayannutk harga yang ekonimis mudah²an awet cuma casannya nggak fungsi,2025-10-02 00:00:00,0,0.9577309,0.029348325,0.01292078,positif
1780196625-300,Panda_Vivo Y71,barang bagus mudah2an awet tks lazada dan kurirjya,2025-10-02,0,barang bagus mudah2an awet terima kasih lazada dan kurirjya,2025-10-02 00:00:00,0,0.9918092,0.0072016227,0.0009893003,positif
1780196625-99,Panda_Vivo Y71,"barang oke sesuai pesanan dan sudah dicoba normBaru, segel, dan bergaransi, al semua mudaha mudahan awet makasih seller dan juga kurirnya 
pokonya okelahKapasitas baterai 3360mAh,",2025-10-03,0,barang oke sesuai pesanan dan sudah dicoba normbaru segel dan bergaransi al semua mudaha mudahan awet makasih penjual dan juga kurirnya pokonya okelahkapasitas baterai 3360mah,2025-10-03 00:00:00,0,0.9902749,0.007860895,0.0018641035,positif
1780196625-100,Panda_Vivo Y71,"barang ok kwalitas ngk kalah dg Vivo yang mahalKapasitas baterai 3360mAh,",2025-10-03,0,barang ok kwalitas ngk kalah dg vivo yang mahalkapasitas baterai 3360mah,2025-10-03 00:00:00,2,0.36176708,0.055817455,0.58241546,negatif
1780196625-170,Panda_Vivo Y71,Hp Nyah Ga Bisa Pasang Wahtsp,2025-10-03,0,handphone nyah tidak bisa pasang wahtsp,2025-10-03 00:00:00,2,0.001194465,0.07260323,0.92620236,negatif
1780196625-192,Panda_Vivo Y71,"mantap sesuai pesanan packing'a jga rapih aman,,toko jga amanah keren dah",2025-10-03,0,mantap sesuai pesanan packing a jga rapih aman toko jga amanah keren dah,2025-10-03 00:00:00,0,0.9970445,0.002241346,0.00071411225,positif
1780196625-294,Panda_Vivo Y71,blom dicoba hp nya tapi Alhamdulillah toko nya amanah,2025-10-04,0,blom dicoba handphone nya tapi alhamdulillah toko nya amanah,2025-10-04 00:00:00,0,0.9802303,0.017650545,0.0021190757,positif
1780196625-324,Panda_Vivo Y71,Tampilan dan kualitas hp bagus.,2025-10-04,0,tampilan dan kualitas handphone bagus,2025-10-04 00:00:00,0,0.995214,0.002683304,0.0021027196,positif
1780196625-11,Panda_Vivo Y71,"mantap, lumayan si hpnya, wajib beli, apalagi we dapat harga 181 ribu, cod, di kirim ke daerah sumbar, tidak mengecewakan, nnti pesan lagi,",2025-10-05,0,mantap lumayan si hpnya wajib beli apalagi we dapat harga 181 ribu cod di kirim ke daerah sumbar tidak mengecewakan nnti pesan lagi,2025-10-05 00:00:00,0,0.99617684,0.0029516416,0.00087153923,positif
1780196625-27,Panda_Vivo Y71,"pengiriman sangat cepat,kualitas Desain bodi sya suka..",2025-10-05,0,pengiriman sangat cepat kualitas desain bodi saya suka,2025-10-05 00:00:00,0,0.9963075,0.0028030486,0.00088945345,positif
1780196625-360,Panda_Vivo Y71,"Ram cuma 3 , kartu Telkomsel tidak bs tidak terbac dengan kata lain only Wi-Fi. Kecewa campur aduk tidak bs diharapkan",2025-10-05,0,ram cuma 3 kartu telkomsel tidak bs tidak terbac dengan kata lain only wi fi kecewa campur aduk tidak bs diharapkan,2025-10-05 00:00:00,2,0.0005473584,0.0022117738,0.9972409,negatif
1780196625-94,Panda_Vivo Y71,hp nya SDH di terima dng aman. batrenya lumayan awet. harga nya juga murah . tp ada syg sedikit. hp nya meskipun ram 6 tp baru pasang beberapa aplikasi sj sudah lemot. kamera kurang jernih. kwalitas sesuai harg.,2025-10-06,0,handphone nya sdh di terima dng aman batrenya lumayan awet harga nya juga murah tapi ada syg sedikit handphone nya meskipun ram 6 tapi baru pasang beberapa aplikasi sj sudah lambat kamera kurang jernih kwalitas sesuai harg,2025-10-06 00:00:00,0,0.97735745,0.006739008,0.015903505,positif
1780196625-134,Panda_Vivo Y71,"paket tlah tiba dan yang kedua kalinya,,kurir ramah dan amanah sukses selalu",2025-10-06,0,paket tlah tiba dan yang kedua kalinya kurir ramah dan amanah sukses selalu,2025-10-06 00:00:00,0,0.97093046,0.027972642,0.001096875,positif
1780196625-333,Panda_Vivo Y71,mantep hp berpungsi baik 👌,2025-10-06,0,mantep handphone berpungsi baik,2025-10-06 00:00:00,0,0.99170387,0.0059250602,0.0023710788,positif
1780196625-149,Panda_Vivo Y71,"Baru, segel, dan bergaransi, Pelindung kaca Gorilla Glass 3,",2025-10-08,0,baru segel dan bergaransi pelindung kaca gorilla glass 3,2025-10-08 00:00:00,1,0.0017815947,0.99624074,0.0019776816,netral
1780196625-237,Panda_Vivo Y71,"Desain bodi aluminium, Kamera belakang 13MP dengan lampu kilat, Kamera belakang 13MP dengan lampu kilat, Pelindung kaca Gorilla Glass 3, Kapasitas baterai 3360mAh,",2025-10-08,0,desain bodi aluminium kamera belakang 13mp dengan lampu kilat kamera belakang 13mp dengan lampu kilat pelindung kaca gorilla glass 3 kapasitas baterai 3360mah,2025-10-08 00:00:00,1,0.021510579,0.9775523,0.00093706424,netral
1780196625-339,Panda_Vivo Y71,sesuai,2025-10-08,0,sesuai,2025-10-08 00:00:00,0,0.9921836,0.006226777,0.0015896842,positif
1780196625-10,Panda_Vivo Y71,paket aman. hanya saja baru pakai sehari udah bootlop recovery. diflash sinyal hilang. tapi nggak masalah buat eksperimen.,2025-10-09,0,paket aman hanya saja baru pakai sehari udah bootlop recovery diflash sinyal hilang tapi nggak masalah buat eksperimen,2025-10-09 00:00:00,0,0.89541227,0.09545793,0.009129864,positif
1780196625-113,Panda_Vivo Y71,"Pelindung kaca Baru, segel, dan bergaransi, Gorilla Glass 3, Baru, segel, dan bergaransi,",2025-10-09,0,pelindung kaca baru segel dan bergaransi gorilla glass 3 baru segel dan bergaransi,2025-10-09 00:00:00,1,0.0021448757,0.99592626,0.0019288909,netral
1780196625-308,Panda_Vivo Y71,saya pesan warna hitam yg d kirim gold,2025-10-09,0,saya pesan warna hitam yang d kirim gold,2025-10-09 00:00:00,1,0.001442273,0.99540013,0.0031576252,netral
1780196625-332,Panda_Vivo Y71,asli hp nya makasih,2025-10-09,0,asli handphone nya makasih,2025-10-09 00:00:00,0,0.6451864,0.34611842,0.008695177,positif
1780196625-174,Panda_Vivo Y71,"Baru, segel, dan bergaransi, Kamera belakang 13MP dengan lampu kilat, cuma warna tdk sesuai dengan pesanan,  smg awet,pengiriman cpt, sayang produk tidak berfungsi sprt pada umumnya,  KECEWA",2025-10-10,0,baru segel dan bergaransi kamera belakang 13mp dengan lampu kilat cuma warna tdk sesuai dengan pesanan smg awet pengiriman cpt sayang produk tidak berfungsi sprt pada umumnya kecewa,2025-10-10 00:00:00,2,0.008793331,0.0059417454,0.98526496,negatif
1780196625-8,Panda_Vivo Y71,"Alhamdulillah barang sesuai pesanan tokonya amanah hp baru segel. datang sore langsung dices, semoga aja awet terimakasih kak...Baru, segel, dan bergaransi, Kapasitas baterai 3360mAh,",2025-10-11,0,alhamdulillah barang sesuai pesanan tokonya amanah handphone baru segel datang sore langsung dices semoga aja awet terima kasih kak baru segel dan bergaransi kapasitas baterai 3360mah,2025-10-11 00:00:00,0,0.88191897,0.11230927,0.0057716593,positif
1780196625-83,Panda_Vivo Y71,"pembelian ke 2, ga di sangka pemakaian uda bbrp hari batre uda lemah, uda 2 hari ini ga bs lepas dari casan. sll di cas dl klo mau di pakai. kecewa bgt. Stak bgt batre klo uda 88% lngsng mati🤦🏽‍♀️, pdhl awal nya baik2 aja.",2025-10-11,0,pembelian ke 2 tidak di sangka pemakaian uda bbrp hari batre uda lemah uda 2 hari ini tidak bs lepas dari casan sll di cas dl kalau mau di pakai kecewa banget stak banget batre kalau uda 88 lngsng mati pdhl awal nya baik2 aja,2025-10-11 00:00:00,2,0.0015518414,0.0011071566,0.9973411,negatif
1780196625-131,Panda_Vivo Y71,"Baru, segel, dan bergaransi, Pelindung kaca Gorilla Glass 3, terima kasih",2025-10-11,0,baru segel dan bergaransi pelindung kaca gorilla glass 3 terima kasih,2025-10-11 00:00:00,1,0.002440454,0.99411833,0.00344127,netral
1780196625-144,Panda_Vivo Y71,"Desain bodi aluminium, Kamera belakang 13MP dengan lampu kilat,",2025-10-11,0,desain bodi aluminium kamera belakang 13mp dengan lampu kilat,2025-10-11 00:00:00,1,0.005464379,0.9939017,0.0006338766,netral
1780196625-194,Panda_Vivo Y71,"Alhamdulillah masih di segel josssss
tokonya amanah jg di ragukan",2025-10-11,0,alhamdulillah masih di segel josssss tokonya amanah jg di ragukan,2025-10-11 00:00:00,0,0.98124665,0.008256205,0.010497118,positif
1780196625-318,Panda_Vivo Y71,barang bagus sesuai yg di foto,2025-10-11,0,barang bagus sesuai yang di foto,2025-10-11 00:00:00,0,0.995394,0.002990981,0.0016150373,positif
1780196625-359,Panda_Vivo Y71,"barang bagus, mulus tp ram ya nipu 
kata ya ram 8/6 lahh yg datang ram 4 wkwkwkkw
mlz order lagi. kecewa aja knp ga ap ad 😏yaaa,,,",2025-10-11,0,barang bagus mulus tapi ram ya nipu kata ya ram 8 6 lahh yang datang ram 4 wkwkwkkw mlz order lagi kecewa aja knp tidak ap ad yaaa,2025-10-11 00:00:00,2,0.0008571446,0.001196753,0.9979461,negatif
1780196625-319,Panda_Vivo Y71,hp nya bagus nggak ad kendala,2025-10-12,0,handphone nya bagus nggak ad kendala,2025-10-12 00:00:00,0,0.98233634,0.008776642,0.008886983,positif
1780196625-9,Panda_Vivo Y71,untuk sekarang udah 2hari Alhamdulillah bagussss batrei ya juga kuat mudahan mudahan bisa awet tokonya juga amanah kulirya juga amanah baik terimakasih banyak lazada sukses selalu pokoknya puassss jangan ragu bagus harga murah tapi gak murahan,2025-10-13,0,untuk sekarang udah 2hari alhamdulillah bagussss batrei ya juga kuat mudahan mudahan bisa awet tokonya juga amanah kulirya juga amanah baik terima kasih banyak lazada sukses selalu pokoknya puassss jangan ragu bagus harga murah tapi gak murahan,2025-10-13 00:00:00,0,0.9964922,0.0021439444,0.001363805,positif
1780196625-93,Panda_Vivo Y71,"Baru, segel, dan bergaransi, toko yg amanah... Alhamdulillah berfungsi dengan baik. sukses trus buat toko nya...mudah mudahan awet dan bermanfaat.",2025-10-13,0,baru segel dan bergaransi toko yang amanah alhamdulillah berfungsi dengan baik sukses trus buat toko nya mudah mudahan awet dan bermanfaat,2025-10-13 00:00:00,0,0.98907673,0.008636174,0.0022870663,positif
1780196625-152,Panda_Vivo Y71,hp nya bagus amanah penjualan nya semoga lancar trus,2025-10-13,0,handphone nya bagus amanah penjualan nya semoga lancar trus,2025-10-13 00:00:00,0,0.9946536,0.0039987,0.0013476314,positif
1780196625-233,Panda_Vivo Y71,"Kamera belakang 13MP dengan lampu kilat, Pelindung kaca Gorilla Glass 3,  Barang terkirim masih baru , kemasan segel & bergaransi, toko amanah,  barang yg saya pesan benar-benar  sesuai pesanan,    Hp di  coba  berfungsi dgn baik,  .untuk aplikasi WA  hrs  download dulu  ya. Terimakasih",2025-10-13,0,kamera belakang 13mp dengan lampu kilat pelindung kaca gorilla glass 3 barang terkirim masih baru kemasan segel bergaransi toko amanah barang yang saya pesan benar benar sesuai pesanan handphone di coba berfungsi dengan baik untuk aplikasi wa hrs download dulu ya terima kasih,2025-10-13 00:00:00,1,0.07822953,0.8976934,0.02407705,netral
1780196625-258,Panda_Vivo Y71,"Baru, segel, dan beKapasitas baterai 3360mAh, rgaransi, Kapasitas baterai 3360mAh,",2025-10-13,0,baru segel dan bekapasitas baterai 3360mah rgaransi kapasitas baterai 3360mah,2025-10-13 00:00:00,1,0.0029976084,0.99613166,0.00087073457,netral
1780196625-272,Panda_Vivo Y71,"Baru, segel, dan bergaransi, mantap harga terjangkau,, hp normal digunakan",2025-10-13,0,baru segel dan bergaransi mantap harga terjangkau handphone normal digunakan,2025-10-13 00:00:00,0,0.9032474,0.092813484,0.003939075,positif
1780196625-246,Panda_Vivo Y71,"Baru, segel, dan bergaransi, Pelindung kaca Gorilla Glass 3, Kapasitas baterai 3360mAh,",2025-10-14,0,baru segel dan bergaransi pelindung kaca gorilla glass 3 kapasitas baterai 3360mah,2025-10-14 00:00:00,1,0.0022221664,0.9965088,0.0012690686,netral
1780196625-145,Panda_Vivo Y71,"semua dalam keadaan bagus speaker, kamera oke moga aja awet",2025-10-15,0,semua dalam keadaan bagus speaker kamera oke moga aja awet,2025-10-15 00:00:00,0,0.9873575,0.01023227,0.002410152,positif
1780196625-292,Panda_Vivo Y71,mesti baru kasih ulasan baru sempet mantaplah hp ya josss,2025-10-15,0,mesti baru kasih ulasan baru sempet mantaplah handphone ya josss,2025-10-15 00:00:00,0,0.99485946,0.003235332,0.0019052831,positif
1780196625-364,Panda_Vivo Y71,belum bisa digunakan tidak ada sinyal kartu SIM. cuman bisa pakai wifi,2025-10-15,0,belum bisa digunakan tidak ada sinyal kartu sim cuman bisa pakai wifi,2025-10-15 00:00:00,1,0.0017047579,0.98729485,0.01100038,netral
1780196625-91,Panda_Vivo Y71,"Baru, segel, dan bergaransi, Pelindung kaca Gorilla Glass 3, namun silikon plindungnya kekedean GK cocok",2025-10-16,0,baru segel dan bergaransi pelindung kaca gorilla glass 3 namun silikon plindungnya kekedean tidak cocok,2025-10-16 00:00:00,2,0.0015873984,0.052999638,0.945413,negatif
1780196625-92,Panda_Vivo Y71,"26 10 2025 menyatakan asli 
HP masih segelBaru, segel, dan bergaransi, Pelindung kaca Gorilla Glass 3, Kamera belakang 13MP dengan lampu kilat,",2025-10-16,0,26 10 2025 menyatakan asli handphone masih segelbaru segel dan bergaransi pelindung kaca gorilla glass 3 kamera belakang 13mp dengan lampu kilat,2025-10-16 00:00:00,1,0.001814576,0.9958104,0.0023750518,netral
1780196625-101,Panda_Vivo Y71,"barang sudah sampai cepet banget mudah mudahan pas dipakai gak bermasalah dan awet, terimakasih ka",2025-10-16,0,barang sudah sampai cepet banget mudah mudahan pas dipakai gak bermasalah dan awet terima kasih ka,2025-10-16 00:00:00,0,0.960726,0.034863006,0.004410983,positif
1780196625-130,Panda_Vivo Y71,"bagus.. normal mantab lah pokok nya..
seller top.. 
keri keri keri.. 😂😂😂",2025-10-16,0,bagus normal mantab lah pokok nya penjual top keri keri keri,2025-10-16 00:00:00,0,0.99660516,0.002357376,0.0010375022,positif
1780196625-316,Panda_Vivo Y71,"tidak sesuai pesanan tp okelah,y55 nya",2025-10-16,0,tidak sesuai pesanan tapi okelah y55 nya,2025-10-16 00:00:00,2,0.005935087,0.028227739,0.9658372,negatif
1780196625-321,Panda_Vivo Y71,"bagus
sesuai
penjual amanah",2025-10-16,0,bagus sesuai penjual amanah,2025-10-16 00:00:00,0,0.994079,0.003714516,0.002206574,positif
1780196625-338,Panda_Vivo Y71,lumayan bagus,2025-10-16,0,lumayan bagus,2025-10-16 00:00:00,0,0.9952937,0.0021106736,0.002595653,positif
1780196625-90,Panda_Vivo Y71,"Pelindung kaca Gorilla Glass 3, Baru, segel, dan bergaransi, Kamera belakang 13MP dengan lampu kilat, Kapasitas baterai 3360mAh,",2025-10-17,0,pelindung kaca gorilla glass 3 baru segel dan bergaransi kamera belakang 13mp dengan lampu kilat kapasitas baterai 3360mah,2025-10-17 00:00:00,1,0.0026512784,0.99649066,0.00085807015,netral
1780196625-123,Panda_Vivo Y71,"Baru, segel, dan bergaransi, Desain bodi aluminium, Kapasitas baterai 3360mAh,",2025-10-17,0,baru segel dan bergaransi desain bodi aluminium kapasitas baterai 3360mah,2025-10-17 00:00:00,1,0.0030072369,0.9957135,0.0012793585,netral
1780196625-231,Panda_Vivo Y71,"barangnya oke banget, baru pokoknya mantap, terima kasih resseler, kurir dan lazada sukses selalu..",2025-10-17,0,barangnya oke banget baru pokoknya mantap terima kasih resseler kurir dan lazada sukses selalu,2025-10-17 00:00:00,0,0.99226487,0.007030727,0.0007044116,positif
1780196625-232,Panda_Vivo Y71,"Baru, segel, dan bergaransi, Kamera belakang 13MP dengan lampu kilat, mntaaap barang orizinal...toko amanh kulir baik udh lngganan..barang istimewa .batrr awett.fengan pemakean wajarr...dippp pokoknya",2025-10-17,0,baru segel dan bergaransi kamera belakang 13mp dengan lampu kilat mntaaap barang orizinal toko amanh kulir baik udh lngganan barang istimewa batrr awett fengan pemakean wajarr dippp pokoknya,2025-10-17 00:00:00,0,0.9786551,0.017372875,0.003971983,positif
1780196625-328,Panda_Vivo Y71,sangat kecewa ram palsu,2025-10-17,0,sangat kecewa ram palsu,2025-10-17 00:00:00,2,0.0010128524,0.000984516,0.9980027,negatif
1780196625-135,Panda_Vivo Y71,"Kapasitas baterai 3360mAh, Baru, segel, dan bergaransi,",2025-10-18,0,kapasitas baterai 3360mah baru segel dan bergaransi,2025-10-18 00:00:00,1,0.006933591,0.99196446,0.0011019765,netral
1780196625-279,Panda_Vivo Y71,"MANTABB....SANGAT BAGUS, SANGAT MURAH,

TRIMAKASIH SELER...",2025-10-18,0,mantabb sangat bagus sangat murah trimakasih penjual,2025-10-18 00:00:00,0,0.99444675,0.0028590476,0.0026942464,positif
1780196625-313,Panda_Vivo Y71,"ok hp beneran yg datang 
smoga awet",2025-10-18,0,ok handphone beneran yang datang smoga awet,2025-10-18 00:00:00,0,0.9619544,0.034296706,0.0037489503,positif
1780196625-227,Panda_Vivo Y71,"Alhamdulillah hp'y sudah mndarat dg slamat dan seller'y amanah semoga berkah, hp'y cantik 😍😍, putra kcil q pasti suka hadiah ini, semoga berguna untuk bljar nanti, kurir'y jg baik",2025-10-20,0,alhamdulillah handphone y sudah mndarat dg slamat dan penjual y amanah semoga berkah handphone y cantik putra kcil q pasti suka hadiah ini semoga berguna untuk bljar nanti kurir y jg baik,2025-10-20 00:00:00,0,0.9903224,0.007954101,0.0017234957,positif
1780196625-297,Panda_Vivo Y71,"Baru, segel, dan bergaransi,
mo beli lagi",2025-10-20,0,baru segel dan bergaransi mo beli lagi,2025-10-20 00:00:00,1,0.00739044,0.9449355,0.04767409,netral
1780196625-7,Panda_Vivo Y71,"Kamera belakang 13MP dengan lampu kilat, Baru, segel, dan bergaransi, 
terimakasih tokonya sudah amanah banget 
terimakasih Lazada 
terimakasih Abang kurirnya ramahKapasitas baterai 3360mAh,",2025-10-21,0,kamera belakang 13mp dengan lampu kilat baru segel dan bergaransi terima kasih tokonya sudah amanah banget terima kasih lazada terima kasih abang kurirnya ramahkapasitas baterai 3360mah,2025-10-21 00:00:00,0,0.92276925,0.07420066,0.003030141,positif
1780196625-228,Panda_Vivo Y71,"Kapasitas baterai 3360mAh, Baru, segel, dan bergaransi, Desain bodi aluminium, Kamera belakang 13MP dengan lampu kilat,",2025-10-23,0,kapasitas baterai 3360mah baru segel dan bergaransi desain bodi aluminium kamera belakang 13mp dengan lampu kilat,2025-10-23 00:00:00,1,0.0067347367,0.99241275,0.00085246225,netral
1780196625-314,Panda_Vivo Y71,hpnya tidak bisa buka YouTube,2025-10-23,0,hpnya tidak bisa buka youtube,2025-10-23 00:00:00,1,0.0017560893,0.56288946,0.43535447,netral
1780196625-88,Panda_Vivo Y71,"Kamera belakang 13MP dengan lampu kilat, Pelindung kaca Gorilla Glass 3, Desain bodi aluminium, Baru, segel, dan bergaransi,",2025-10-24,0,kamera belakang 13mp dengan lampu kilat pelindung kaca gorilla glass 3 desain bodi aluminium baru segel dan bergaransi,2025-10-24 00:00:00,1,0.0058527403,0.9933954,0.0007518558,netral
1780196625-224,Panda_Vivo Y71,"jangan ragu pilih prodak ini,,brang murah tapi bikan murahanKamera belakang 13MP dengan lampu kilat, Baru, segel, dan bergaransi,",2025-10-25,0,jangan ragu pilih prodak ini brang murah tapi bikan murahankamera belakang 13mp dengan lampu kilat baru segel dan bergaransi,2025-10-25 00:00:00,0,0.5419855,0.37019494,0.087819606,positif
1780196625-275,Panda_Vivo Y71,"Baru, segel, dan bergaransi, HP y cepat panas itu saja kendalanya",2025-10-25,0,baru segel dan bergaransi handphone y cepat panas itu saja kendalanya,2025-10-25 00:00:00,2,0.0011029314,0.012480332,0.9864168,negatif
1780196625-293,Panda_Vivo Y71,"sedikit kecewa karna barang tidak sesuai,,",2025-10-25,0,sedikit kecewa karna barang tidak sesuai,2025-10-25 00:00:00,2,0.0012161206,0.0011526763,0.9976312,negatif
1780196625-340,Panda_Vivo Y71,"HPnya... bagus... Cuman batrenya droup,dan harus diganti... semoga kedepanya lebih baik. 
Trimakasih Lazada",2025-10-26,0,hpnya bagus cuman batrenya droup dan harus diganti semoga kedepanya lebih baik trimakasih lazada,2025-10-26 00:00:00,1,0.15219156,0.51309776,0.33471072,netral
1780196625-374,Panda_Vivo Y71,sekarang pengiriman jelek,2025-10-26,0,sekarang pengiriman jelek,2025-10-26 00:00:00,2,0.0008652827,0.0008138058,0.9983209,negatif
1780196625-85,Panda_Vivo Y71,pesanan sudah saya terima kondisi baik aman tapi sayang saya pesan vivo71 yang datang vivo 55ga sesuai dengan pesan padahal klo ga ada barangnya jangan  kirim atau ada pemberitauan barqng tidak ada kan lebih baik,2025-10-27,0,pesanan sudah saya terima kondisi baik aman tapi sayang saya pesan vivo71 yang datang vivo 55ga sesuai dengan pesan padahal kalau tidak ada barangnya jangan kirim atau ada pemberitauan barqng tidak ada kan lebih baik,2025-10-27 00:00:00,2,0.07435387,0.06587969,0.8597664,negatif
1780196625-104,Panda_Vivo Y71,"dari dusbuknya sih baru, tapi hpnya second .
sudah order kesekian kalinya tambah parah",2025-10-27,0,dari dusbuknya sih baru tapi hpnya second sudah order kesekian kalinya tambah parah,2025-10-27 00:00:00,2,0.0006887777,0.0015630492,0.9977482,negatif
1780196625-5,Panda_Vivo Y71,alhamdulillah barang nya udah sampai Reselles nya amanah banget kurir nya ramah terima kasih lazada Reselles dan mas kurir,2025-10-28,0,alhamdulillah barang nya udah sampai reselles nya amanah banget kurir nya ramah terima kasih lazada reselles dan mas kurir,2025-10-28 00:00:00,0,0.985457,0.012853497,0.0016895281,positif
1780196625-276,Panda_Vivo Y71,"kualitasya bagus sesuai harapan🥰🥰🥰🥰😔
pegirmanya juga cepet",2025-10-28,0,kualitasya bagus sesuai harapan pegirmanya juga cepet,2025-10-28 00:00:00,0,0.9957812,0.0020550808,0.002163765,positif
1780196625-108,Panda_Vivo Y71,"barang datang dengan baik,respon penjual oc, semoga hppnya awet bisa buat langganan",2025-10-29,0,barang datang dengan baik respon penjual oc semoga hppnya awet bisa buat langganan,2025-10-29 00:00:00,0,0.9863477,0.011678545,0.0019736905,positif
1780196625-261,Panda_Vivo Y71,"Kamera belakang 13MP dengan lampu kilat, Baru, segel, dan bergaransi,",2025-10-29,0,kamera belakang 13mp dengan lampu kilat baru segel dan bergaransi,2025-10-29 00:00:00,1,0.01631456,0.98251987,0.0011656194,netral
1780196625-6,Panda_Vivo Y71,Durability:,2025-10-30,0,durability,2025-10-30 00:00:00,0,0.7618934,0.040483378,0.19762315,positif
1780196625-84,Panda_Vivo Y71,"alhamdulilah,pesanan sudah datang,dan sesuai sama yg di pesan,terimakasih,untuk semuanya
tokonya amanah,dan selernya",2025-10-30,0,alhamdulilah pesanan sudah datang dan sesuai sama yang di pesan terima kasih untuk semuanya tokonya amanah dan selernya,2025-10-30 00:00:00,0,0.97387695,0.02373481,0.0023882478,positif
1780196625-285,Panda_Vivo Y71,pesanan sudah sampai kondisi segel semoga sesuai ramnya,2025-10-30,0,pesanan sudah sampai kondisi segel semoga sesuai ramnya,2025-10-30 00:00:00,1,0.029164596,0.9656257,0.005209681,netral
1780196625-284,Panda_Vivo Y71,"Baru, segel, Kapasitas baterai 3360mAh, dan bergaransi,",2025-10-31,0,baru segel kapasitas baterai 3360mah dan bergaransi,2025-10-31 00:00:00,1,0.008601161,0.9902936,0.0011052606,netral
1780196625-155,Panda_Vivo Y71,belum dicoba..kok restart terus ya,2025-11-01,0,belum dicoba kok restart terus ya,2025-11-01 00:00:00,1,0.0013484007,0.6879747,0.31067696,netral
1780196625-221,Panda_Vivo Y71,"Desain bodi aluminium, Pelindung kaca Gorilla Glass 3, top markotop lah njos gandos pokokee.. 
👍👍👍👍👍",2025-11-01,0,desain bodi aluminium pelindung kaca gorilla glass 3 top markotop lah njos gandos pokokee,2025-11-01 00:00:00,0,0.8508219,0.14721243,0.00196562,positif
1780196625-331,Panda_Vivo Y71,mantaaaafffff,2025-11-01,0,mantaaaafffff,2025-11-01 00:00:00,0,0.9954535,0.0030557073,0.0014907618,positif
1780196625-220,Panda_Vivo Y71,"Kamera belakang 13MP dengan lampu kilat, Baru, segel, dan bergaransi, Pelindung kaca Gorilla Glass 3,",2025-11-02,0,kamera belakang 13mp dengan lampu kilat baru segel dan bergaransi pelindung kaca gorilla glass 3,2025-11-02 00:00:00,1,0.0039548497,0.99529475,0.000750353,netral
1780196625-291,Panda_Vivo Y71,sesuai dengan gambar semoga awet selalu,2025-11-02,0,sesuai dengan gambar semoga awet selalu,2025-11-02 00:00:00,0,0.9838472,0.013644404,0.0025083947,positif
1780196625-373,Panda_Vivo Y71,hp second kirain baru,2025-11-02,0,handphone second kirain baru,2025-11-02 00:00:00,2,0.0016589112,0.2081092,0.7902319,negatif
1780196625-222,Panda_Vivo Y71,Alhamdulillah paket sudah sampai kemaren sore . sesuai gambar dan sesuai pesanan . toko nya amanah .neks order lagi,2025-11-05,0,alhamdulillah paket sudah sampai kemaren sore sesuai gambar dan sesuai pesanan toko nya amanah neks order lagi,2025-11-05 00:00:00,0,0.8661151,0.12524353,0.008641348,positif
1780196625-377,Panda_Vivo Y71,minus ga bisa wa,2025-11-06,0,minus tidak bisa wa,2025-11-06 00:00:00,2,0.0013449781,0.031595867,0.9670591,negatif
1780196625-78,Panda_Vivo Y71,"Alhamdulillah paket datang dengan selamat,ini pesenan ke 2kalinya, tokonya amanah banget 
sukses terus buat toko ini , terimakasih",2025-11-08,0,alhamdulillah paket datang dengan selamat ini pesenan ke 2kalinya tokonya amanah banget sukses terus buat toko ini terima kasih,2025-11-08 00:00:00,0,0.98644817,0.012089378,0.0014625184,positif
1780196625-4,Panda_Vivo Y71,"Alhamdulillah barang pesanan sudah di terima, real pict,Baru, segel, dan bergaransi, Kamera belakang 13MP dengan lampu kilat,dapat harga murah tai barang bagus,yang lain jangan ragu beli di toko ini. hatur nuhun seler, tks kang kurir, tks lazada.",2025-11-10,0,alhamdulillah barang pesanan sudah di terima real pict baru segel dan bergaransi kamera belakang 13mp dengan lampu kilat dapat harga murah tai barang bagus yang lain jangan ragu beli di toko ini hatur nuhun penjual terima kasih kang kurir terima kasih lazada,2025-11-10 00:00:00,0,0.9785096,0.016992556,0.004497816,positif
1780196625-369,Panda_Vivo Y71,sudah sampai ram 4 bukan 6 sistem jadul,2025-11-10,0,sudah sampai ram 4 bukan 6 sistem jadul,2025-11-10 00:00:00,2,0.0031073235,0.019575031,0.9773177,negatif
1780196625-266,Panda_Vivo Y71,"barang udah saya trmsk dengan aman, semoga awet, trmksh, 👍👍",2025-11-11,0,barang udah saya trmsk dengan aman semoga awet trmksh,2025-11-11 00:00:00,0,0.7628221,0.23412171,0.003056281,positif
1780196625-106,Panda_Vivo Y71,"terimakasih paket datang dengan selamat 
semuanya bagus 
terimakasih",2025-11-12,0,terima kasih paket datang dengan selamat semuanya bagus terima kasih,2025-11-12 00:00:00,0,0.9849066,0.011662305,0.0034310762,positif
1780196625-147,Panda_Vivo Y71,hp y ok . ga kecewa blnja di toko ini. trmksih,2025-11-13,0,handphone y ok tidak kecewa blnja di toko ini trmksih,2025-11-13 00:00:00,0,0.9771275,0.021146942,0.0017256074,positif
1780196625-226,Panda_Vivo Y71,"Pelindung kaca Gorilla Glass 3, Desain bodi aluminium, Kamera belakang 13MP dengan lampu kilat,",2025-11-13,0,pelindung kaca gorilla glass 3 desain bodi aluminium kamera belakang 13mp dengan lampu kilat,2025-11-13 00:00:00,1,0.004757126,0.9945979,0.00064496935,netral
1780196625-296,Panda_Vivo Y71,pengiriman cepat respon bagus,2025-11-13,0,pengiriman cepat respon bagus,2025-11-13 00:00:00,0,0.99472153,0.004375194,0.0009032057,positif
1780196625-259,Panda_Vivo Y71,"Kapasitas baterai 3360mAh, Pelindung kaca Gorilla Glass 3,",2025-11-16,0,kapasitas baterai 3360mah pelindung kaca gorilla glass 3,2025-11-16 00:00:00,1,0.0045604035,0.99475104,0.0006885633,netral
1780196625-260,Panda_Vivo Y71,"terimakasih, pesanan sudah sampai, produk sesuai pesanan...",2025-11-16,0,terima kasih pesanan sudah sampai produk sesuai pesanan,2025-11-16 00:00:00,1,0.39949858,0.5961202,0.0043811756,netral
1780196625-323,Panda_Vivo Y71,sangat bagus,2025-11-16,0,sangat bagus,2025-11-16 00:00:00,0,0.99656624,0.0020073578,0.0014264133,positif
1780196625-95,Panda_Vivo Y71,alham dulilah barang udah sapi dan aman makasih lazada.. mantul mantap betull,2025-11-17,0,alham dulilah barang udah sapi dan aman makasih lazada mantul mantap betull,2025-11-17 00:00:00,0,0.9940065,0.005104278,0.0008892079,positif
1780196625-216,Panda_Vivo Y71,"Kamera belakang 13MP dengan lampu kilat, Kapasitas baterai 3360mAh, Pelindung kaca Gorilla Glass 3, Baru, segel, dan bergaransi,",2025-11-18,0,kamera belakang 13mp dengan lampu kilat kapasitas baterai 3360mah pelindung kaca gorilla glass 3 baru segel dan bergaransi,2025-11-18 00:00:00,1,0.005770242,0.9933143,0.0009154256,netral
1780196625-250,Panda_Vivo Y71,"Baru, segel, dan bergaransi, Kamera belakang 13MP dengan lampu kilat, mntap",2025-11-18,0,baru segel dan bergaransi kamera belakang 13mp dengan lampu kilat mntap,2025-11-18 00:00:00,1,0.002373994,0.99599034,0.0016356902,netral
1780196625-325,Panda_Vivo Y71,ok,2025-11-18,0,ok,2025-11-18 00:00:00,0,0.9444046,0.048778977,0.0068163914,positif
1780196625-77,Panda_Vivo Y71,Kompatibilitas:,2025-11-19,0,kompatibilitas,2025-11-19 00:00:00,0,0.8864743,0.09497016,0.018555548,positif
1780196625-376,Panda_Vivo Y71,sinyal nga ada,2025-11-20,0,sinyal nga ada,2025-11-20 00:00:00,2,0.0016059518,0.014960324,0.9834337,negatif
1780196625-270,Panda_Vivo Y71,"barang datang sesuai,,makasih semoga berkah usaha nya",2025-11-22,0,barang datang sesuai makasih semoga berkah usaha nya,2025-11-22 00:00:00,0,0.98583466,0.011451312,0.0027140768,positif
1780196625-368,Panda_Vivo Y71,"HP nya ga jalan konek tor yah ga jalan 
sangat kecewa",2025-11-22,0,handphone nya tidak jalan konek tor yah tidak jalan sangat kecewa,2025-11-22 00:00:00,2,0.0014335995,0.00089668395,0.99766964,negatif
1780196625-162,Panda_Vivo Y71,ya bagus membantu,2025-11-23,0,ya bagus membantu,2025-11-23 00:00:00,0,0.9871185,0.0076075178,0.005273973,positif
1780196625-282,Panda_Vivo Y71,makasih dah d trima mantap sesuai harga,2025-11-24,0,makasih dah d trima mantap sesuai harga,2025-11-24 00:00:00,0,0.98026055,0.017985217,0.0017542932,positif
1780196625-70,Panda_Vivo Y71,maaf baru kasi ulasan.. soalnya mau di tes dl.. walaupun sempat ada kendala sedikit tpi masih bisa di atasi.. hp nya bagus.. udah sebulan di maenin bocah masih aman2 aja ..mau pesan lagi... terima kasih.. semoga tokonya berkah..Aamiin🙏🥰🥰,2025-11-26,0,maaf baru kasi ulasan soalnya mau di tes dl walaupun sempat ada kendala sedikit tapi masih bisa di atasi handphone nya bagus udah sebulan di maenin bocah masih aman2 aja mau pesan lagi terima kasih semoga tokonya berkah aamiin,2025-11-26 00:00:00,0,0.887403,0.07056249,0.042034555,positif
1780196625-71,Panda_Vivo Y71,"Baru, segel, dan bergaransi, Desain bodi aluminium, tokonya amanah,Terimakasi bang kurir/Lazada,walau ada minesnya toksrinnya retak,tpi engga ngaruh.",2025-11-28,0,baru segel dan bergaransi desain bodi aluminium tokonya amanah terimakasi bang kurir lazada walau ada minesnya toksrinnya retak tapi engga ngaruh,2025-11-28 00:00:00,0,0.90653306,0.061580647,0.03188635,positif
1780196625-72,Panda_Vivo Y71,"Baru, segel, dan bergaransi, Desain bodi aluminium, Kamera belakang 13MP dengan lampu kilat, Pelindung kaca Gorilla Glass 3,",2025-11-28,0,baru segel dan bergaransi desain bodi aluminium kamera belakang 13mp dengan lampu kilat pelindung kaca gorilla glass 3,2025-11-28 00:00:00,1,0.0028988107,0.99596906,0.0011321374,netral
1780196625-73,Panda_Vivo Y71,"awalnya takut pesan, takut zonk.
 tapi ternyata barang sesuai pesanan dan aman.
terimakasih min.. jaya terus..",2025-11-28,0,awalnya takut pesan takut zonk tapi ternyata barang sesuai pesanan dan aman terima kasih min jaya terus,2025-11-28 00:00:00,0,0.8838672,0.06235612,0.053776566,positif
1780196625-79,Panda_Vivo Y71,"Pelindung kaca Gorilla Glass 3, Kamera belakang 13MP dengan lampu kilat, Desain bodi aluminium,",2025-11-28,0,pelindung kaca gorilla glass 3 kamera belakang 13mp dengan lampu kilat desain bodi aluminium,2025-11-28 00:00:00,1,0.004337412,0.99502087,0.00064171996,netral
1780196625-290,Panda_Vivo Y71,"sesuai,cm GK ada hansfree kak",2025-11-28,0,sesuai cm tidak ada hansfree kak,2025-11-28 00:00:00,1,0.0062072454,0.82661206,0.1671807,netral
1780196625-352,Panda_Vivo Y71,keren,2025-11-28,0,keren,2025-11-28 00:00:00,0,0.99715805,0.0018017897,0.0010401004,positif
1780196625-69,Panda_Vivo Y71,"Pelindung kaca Gorilla Glass 3, Baru, segel, dan bergaransi, bagus terimakasi lazada sm abg kurirnya Amanah. maaf bru ngasih ulasan🤗",2025-11-29,0,pelindung kaca gorilla glass 3 baru segel dan bergaransi bagus terimakasi lazada sm abg kurirnya amanah maaf bru ngasih ulasan,2025-11-29 00:00:00,1,0.01489109,0.9719026,0.01320628,netral
1780196625-75,Panda_Vivo Y71,"mantap sekali barang masih baru lan sesuai gambar.
yg mau order di toko ini jangan ragu ya",2025-11-29,0,mantap sekali barang masih baru lan sesuai gambar yang mau order di toko ini jangan ragu ya,2025-11-29 00:00:00,0,0.9938006,0.0052965195,0.0009028188,positif
1780196625-213,Panda_Vivo Y71,"Kamera belakang 13MP dengan lampu kilat, Kapasitas baterai 3360mAh, Baru, segel, dan bergaransi, Desain bodi aluminium, Pelindung kaca Gorilla Glass 3,",2025-11-29,0,kamera belakang 13mp dengan lampu kilat kapasitas baterai 3360mah baru segel dan bergaransi desain bodi aluminium pelindung kaca gorilla glass 3,2025-11-29 00:00:00,1,0.0044386643,0.99476767,0.0007936853,netral
1780196625-240,Panda_Vivo Y71,"Kamera belakang 13MP dengan lampu kilat, Pelindung kaca Gorilla Glass 3,",2025-11-29,0,kamera belakang 13mp dengan lampu kilat pelindung kaca gorilla glass 3,2025-11-29 00:00:00,1,0.0054364633,0.9940011,0.00056236325,netral
1780196625-214,Panda_Vivo Y71,"Kapasitas baterai 3360mAh, Kamera belakang 13MP dengan lampu kilat, Baru, segel, dan bergaransi, Desain bodi aluminium, Pelindung kaca Gorilla Glass 3,",2025-11-30,0,kapasitas baterai 3360mah kamera belakang 13mp dengan lampu kilat baru segel dan bergaransi desain bodi aluminium pelindung kaca gorilla glass 3,2025-11-30 00:00:00,1,0.0064478912,0.99279106,0.0007610449,netral
1780196625-218,Panda_Vivo Y71,"Kapasitas baterai 3360mAh, Desain bodi aluminium, Kamera belakang 13MP dengan lampu kilat,",2025-11-30,0,kapasitas baterai 3360mah desain bodi aluminium kamera belakang 13mp dengan lampu kilat,2025-11-30 00:00:00,1,0.00895444,0.99038297,0.0006625768,netral
1780196625-66,Panda_Vivo Y71,"terimakasi utk toko nya yg amanah. 
kmi sagat puas dgn kualitas nya yg sagat bagus utk lazada terimakasi.",2025-12-02,0,terimakasi utk toko nya yang amanah kmi sagat puas dengan kualitas nya yang sagat bagus utk lazada terimakasi,2025-12-02 00:00:00,0,0.98401284,0.013091641,0.0028955108,positif
1780196625-311,Panda_Vivo Y71,"tdk 
sesuai dengan gambar ram 6 ternyata cumak ram 4
lasada sudah lain dengan dulu. Toko nya banyak yang tdk bonapit",2025-12-05,0,tdk sesuai dengan gambar ram 6 ternyata cumak ram 4 lasada sudah lain dengan dulu toko nya banyak yang tdk bonapit,2025-12-05 00:00:00,2,0.0021129234,0.004107059,0.9937801,negatif
1780196625-274,Panda_Vivo Y71,mksh seller Amanah sesuai deskripsi mntap,2025-12-06,0,mksh penjual amanah sesuai deskripsi mntap,2025-12-06 00:00:00,0,0.59862983,0.3893315,0.012038681,positif
1780196625-361,Panda_Vivo Y71,knapa hp nya ga sesuai malah ga bisa di pake apa apa di daptarin juga susah,2025-12-06,0,knapa handphone nya tidak sesuai malah tidak bisa di pake apa apa di daptarin juga susah,2025-12-06 00:00:00,2,0.0010318083,0.0026646801,0.99630344,negatif
1780196625-208,Panda_Vivo Y71,"barang datang sesuai pesan pengirimannya cepat. Kapasitas baterai 3360mAh, Pelindung kaca Gorilla Glass 3, Baru, segel, dan bergaransi, makasih seller udah amanah makasih juga buat lazada mas kurirnya",2025-12-08,0,barang datang sesuai pesan pengirimannya cepat kapasitas baterai 3360mah pelindung kaca gorilla glass 3 baru segel dan bergaransi makasih penjual udah amanah makasih juga buat lazada mas kurirnya,2025-12-08 00:00:00,0,0.91702247,0.07831842,0.004659116,positif
1780196625-304,Panda_Vivo Y71,semoga awet,2025-12-08,0,semoga awet,2025-12-08 00:00:00,0,0.978204,0.019763464,0.0020325715,positif
1780196625-74,Panda_Vivo Y71,"berpungsi dengan baik mksh Baru, segel, dan bergaransi,",2025-12-09,0,berpungsi dengan baik mksh baru segel dan bergaransi,2025-12-09 00:00:00,1,0.15366736,0.8400643,0.0062683243,netral
1780196625-197,Panda_Vivo Y71,minta hitam datang putih,2025-12-10,0,minta hitam datang putih,2025-12-10 00:00:00,2,0.019664655,0.05043028,0.9299051,negatif
1780196625-209,Panda_Vivo Y71,"hpnya sudah sampai dgn selamat, kurirnya ramah dan ikut bantu buatkan video unboxing, meskipun hpnya  keluaran 2019 tapi masih baru disegel dan bagus sesuai pesanan Vivo Y66,terima kasih seller sudah amanah",2025-12-10,0,hpnya sudah sampai dengan selamat kurirnya ramah dan ikut bantu buatkan video unboxing meskipun hpnya keluaran 2019 tapi masih baru disegel dan bagus sesuai pesanan vivo y66 terima kasih penjual sudah amanah,2025-12-10 00:00:00,0,0.9352704,0.06148286,0.0032466566,positif
1780196625-273,Panda_Vivo Y71,"Baru, 

android 6",2025-12-10,0,baru android 6,2025-12-10 00:00:00,1,0.020212179,0.9624435,0.01734443,netral
1780196625-306,Panda_Vivo Y71,goodjob,2025-12-10,0,goodjob,2025-12-10 00:00:00,0,0.98676294,0.0077854246,0.005451574,positif
1780196625-210,Panda_Vivo Y71,bagus Ade saya suka,2025-12-12,0,bagus ade saya suka,2025-12-12 00:00:00,0,0.9953719,0.0038804547,0.0007476745,positif
1780196625-301,Panda_Vivo Y71,hp nya sesuai,2025-12-12,0,handphone nya sesuai,2025-12-12 00:00:00,0,0.64927995,0.3435654,0.007154676,positif
1780196625-305,Panda_Vivo Y71,brang ok,2025-12-12,0,brang ok,2025-12-12 00:00:00,0,0.9852625,0.009145583,0.0055918572,positif
1780196625-307,Panda_Vivo Y71,sangat baik,2025-12-12,0,sangat baik,2025-12-12 00:00:00,0,0.99522275,0.0031050325,0.0016722191,positif
1780196625-81,Panda_Vivo Y71,"berjalan lancar, semoga awet... 
pengiriman sangat amat cepat sekalii....",2025-12-13,0,berjalan lancar semoga awet pengiriman sangat amat cepat sekalii,2025-12-13 00:00:00,0,0.9904969,0.0063450667,0.003158125,positif
1780196625-207,Panda_Vivo Y71,"tampilan bagus sekali,kualitas kurang baik, awalnya baik setelah lama nyala hp panas langsung hilang,",2025-12-13,0,tampilan bagus sekali kualitas kurang baik awalnya baik setelah lama nyala handphone panas langsung hilang,2025-12-13 00:00:00,2,0.0035584136,0.0014350887,0.99500644,negatif
1780196625-215,Panda_Vivo Y71,"Baru, segel, dan bergaransi, Pelindung kaca Gorilla Glass 3,Pelindung kaca Gorilla Glass 3,",2025-12-14,0,baru segel dan bergaransi pelindung kaca gorilla glass 3 pelindung kaca gorilla glass 3,2025-12-14 00:00:00,1,0.0020084463,0.99548703,0.0025044791,netral
1780196625-349,Panda_Vivo Y71,changer nya mati,2025-12-14,0,changer nya mati,2025-12-14 00:00:00,2,0.0009788631,0.0047681076,0.994253,negatif
1780196625-229,Panda_Vivo Y71,baru tau kalau vivo ada kw nya tapi untuk harga swgitu murah lah terimakasih,2025-12-15,0,baru tau kalau vivo ada tiruan nya tapi untuk harga swgitu murah lah terima kasih,2025-12-15 00:00:00,0,0.93268573,0.0314328,0.0358815,positif
1780196625-205,Panda_Vivo Y71,"alhamdulilah, paketnya udah sampai dan barangnya asli dan baru, trimakasi yang punya toko dan lazada sukses selalu",2025-12-18,0,alhamdulilah paketnya udah sampai dan barangnya asli dan baru trimakasi yang punya toko dan lazada sukses selalu,2025-12-18 00:00:00,0,0.96548,0.032636885,0.0018830479,positif
1780196625-206,Panda_Vivo Y71,"mantap tafi nya panik jaringan nya melalui wfi, gatau nya ada pengaturan nya, srkarang fah normal, mamtap, toko nya amanah.",2025-12-18,0,mantap tafi nya panik jaringan nya melalui wfi gatau nya ada pengaturan nya srkarang fah normal mamtap toko nya amanah,2025-12-18 00:00:00,2,0.00847119,0.030065997,0.9614628,negatif
1780196625-76,Panda_Vivo Y71,"lumayan bagus,cuman pengen yg warna hitam datang malah warna silver,ok gpp semoga awet",2025-12-19,0,lumayan bagus cuman pengen yang warna hitam datang malah warna silver ok tidak apa-apa semoga awet,2025-12-19 00:00:00,0,0.9606304,0.010541176,0.028828427,positif
1780196625-115,Panda_Vivo Y71,"sangat puas,barang sesuai pesanan. mksh ka",2025-12-19,0,sangat puas barang sesuai pesanan mksh ka,2025-12-19 00:00:00,0,0.9893133,0.009401724,0.0012850498,positif
1780196625-140,Panda_Vivo Y71,barang sesuai amanah,2025-12-19,0,barang sesuai amanah,2025-12-19 00:00:00,0,0.9882123,0.009069062,0.0027187187,positif
1780196625-166,Panda_Vivo Y71,hapenyasi baru luarnya aja dalemnyasi rongsok jualan apa mau nipu konsumen KECEWA saya booss,2025-12-19,0,hapenyasi baru luarnya aja dalemnyasi rongsok jualan apa mau nipu konsumen kecewa saya booss,2025-12-19 00:00:00,2,0.0006607148,0.0013131972,0.9980261,negatif
1780196625-372,Panda_Vivo Y71,ram 6 yg datang ram 4,2025-12-19,0,ram 6 yang datang ram 4,2025-12-19 00:00:00,1,0.009377653,0.87209094,0.11853144,netral
1780196625-212,Panda_Vivo Y71,"Baru, segel, dan bergaransi, Pelindung kaca Gorilla Glass 3, HP bagus dan murah, terimakasih 🙏",2025-12-20,0,baru segel dan bergaransi pelindung kaca gorilla glass 3 handphone bagus dan murah terima kasih,2025-12-20 00:00:00,0,0.7130811,0.27359727,0.013321577,positif
1780196625-217,Panda_Vivo Y71,"Pelindung kaca Gorilla Glass 3, Desain bodi aluminium, Baru, segel, dan bergaransi,",2025-12-20,0,pelindung kaca gorilla glass 3 desain bodi aluminium baru segel dan bergaransi,2025-12-20 00:00:00,1,0.003056668,0.9959687,0.0009746911,netral
1780196625-310,Panda_Vivo Y71,maaf baru  balas.barng udh  sampai  dengan aman. HP bagus. setelah  diaktifkan dan saya uji dengan menambahkan  1apk saja. mlbb langsung panas dan HP langsung  gk  sabil. Chargernya sangat  jelek setelah  melakukan pengisian  baterai  sampai 10jam. hpnya cocok  untuk  you tube dan whatsapp  saja,2025-12-20,0,maaf baru balas barng udh sampai dengan aman handphone bagus setelah diaktifkan dan saya uji dengan menambahkan 1apk saja mlbb langsung panas dan handphone langsung tidak sabil chargernya sangat jelek setelah melakukan pengisian baterai sampai 10jam hpnya cocok untuk you tube dan whatsapp saja,2025-12-20 00:00:00,0,0.49785098,0.01848835,0.4836607,positif
1780196625-109,Panda_Vivo Y71,bintang yang bicara.. berpungsi semoga awet,2025-12-21,0,bintang yang bicara berpungsi semoga awet,2025-12-21 00:00:00,0,0.90324813,0.09345798,0.0032939,positif
1780196625-357,Panda_Vivo Y71,"Toko  sangat tidak amanah pesan Vivo Y71 Ram 6Gb penyimpanan 128GB, yang dikirim Vivo Y66 Ram 4Gb penyimpanan 64Gb. Kapok beli lagi di toko ini, ditambah pengiriman sangat lama , benar2 tidak puas.",2025-12-21,0,toko sangat tidak amanah pesan vivo y71 ram 6gb penyimpanan 128gb yang dikirim vivo y66 ram 4gb penyimpanan 64gb kapok beli lagi di toko ini ditambah pengiriman sangat lama benar2 tidak puas,2025-12-21 00:00:00,2,0.005221741,0.0014260906,0.9933522,negatif
1780196625-80,Panda_Vivo Y71,"penjual  amanah,  harga murah  tapi  ga murahan.  terima kasih.  aku suka.",2025-12-23,0,penjual amanah harga murah tapi tidak murahan terima kasih aku suka,2025-12-23 00:00:00,0,0.99654585,0.0026550526,0.0007991056,positif
1780196625-62,Panda_Vivo Y71,"sangat memuaskan dengan harga yg sngat terjangkau 
barang sesusi gk ada lecet.y sama sekali jadi jngan ragu....",2025-12-24,0,sangat memuaskan dengan harga yang sngat terjangkau barang sesusi tidak ada lecet y sama sekali jadi jngan ragu,2025-12-24 00:00:00,0,0.9939878,0.0030250407,0.002987226,positif
1780196625-65,Panda_Vivo Y71,"sesuai pesanan mkshBaru, segel, dan bergaransi,",2025-12-24,0,sesuai pesanan mkshbaru segel dan bergaransi,2025-12-24 00:00:00,1,0.2332571,0.75826955,0.008473313,netral
1780196625-61,Panda_Vivo Y71,"Kapasitas baterai 3360mAh, Baru, segel, dan bergaransi, Desain bodi aluminium, Pelindung kaca Gorilla Glass 3,",2025-12-25,0,kapasitas baterai 3360mah baru segel dan bergaransi desain bodi aluminium pelindung kaca gorilla glass 3,2025-12-25 00:00:00,1,0.0036771018,0.99556917,0.00075376837,netral
1780196625-64,Panda_Vivo Y71,"Kamera belakang 13MP dengan lampu kilat, Baru, segel, dan bergaransi, Kapasitas baterai 3360mAh,",2025-12-25,0,kamera belakang 13mp dengan lampu kilat baru segel dan bergaransi kapasitas baterai 3360mah,2025-12-25 00:00:00,1,0.007753113,0.9913907,0.0008561151,netral
1780196625-59,Panda_Vivo Y71,bagus kk hp ya lumayan lah harga sgtu buat jualan online ayam geprek saya nti klau smpet saya kirim video ya...maaf y kk baru kirim ulasan ya...makasih 🤗🤗,2025-12-26,0,bagus kk handphone ya lumayan lah harga sgtu buat jualan online ayam geprek saya nti klau smpet saya kirim video ya maaf y kk baru kirim ulasan ya makasih,2025-12-26 00:00:00,0,0.4997835,0.44639894,0.053817593,positif
1780196625-203,Panda_Vivo Y71,"Desain bodi aluminium, Pelindung kaca Gorilla Glass 3, Alhamdulillah pesanan sampai dan sudah diambil sama teman, pertama di kirim baterai nya lowbat, sempat kesel tapi berikut nya langsung bisa nyala.. terima kasih",2025-12-26,0,desain bodi aluminium pelindung kaca gorilla glass 3 alhamdulillah pesanan sampai dan sudah diambil sama teman pertama di kirim baterai nya lowbat sempat kesel tapi berikut nya langsung bisa nyala terima kasih,2025-12-26 00:00:00,1,0.1418658,0.8013298,0.05680439,netral
1780196625-204,Panda_Vivo Y71,"Kamera belakang 13MP dengan lampu kilat, Baru, segel, dan bergaransi, Pelindung kaca Gorilla Glass 3, 8, Alhamdulillah terus amanah biar berkah",2025-12-26,0,kamera belakang 13mp dengan lampu kilat baru segel dan bergaransi pelindung kaca gorilla glass 3 8 alhamdulillah terus amanah biar berkah,2025-12-26 00:00:00,1,0.17418346,0.823208,0.0026085007,netral
1780196625-63,Panda_Vivo Y71,makasih byk lazada  barang utuh GK ada yg kurang..mkasih tokoya amanah.. lain waktu beli lagi,2025-12-27,0,makasih byk lazada barang utuh tidak ada yang kurang mkasih tokoya amanah lain waktu beli lagi,2025-12-27 00:00:00,0,0.988015,0.010213445,0.0017715025,positif
1780196625-82,Panda_Vivo Y71,"Pelindung kaca Gorilla Glass 3, Kapasitas baterai 3360mAh,",2025-12-27,0,pelindung kaca gorilla glass 3 kapasitas baterai 3360mah,2025-12-27 00:00:00,1,0.004095835,0.99508697,0.00081717974,netral
1780196625-129,Panda_Vivo Y71,terimakasih banyak ya boss,2025-12-27,0,terima kasih banyak ya boss,2025-12-27 00:00:00,0,0.73327637,0.25759348,0.00913018,positif
1780196625-56,Panda_Vivo Y71,"Alhamdulillah pesanan saya sudah saya terima. aaf baru bisa memberikan ulasannya.
Barang Gress masih di segel, dan sesuai pesanan. cukup puas dengan harga sangat murah dapat hp Vivo",2025-12-28,0,alhamdulillah pesanan saya sudah saya terima aaf baru bisa memberikan ulasannya barang gress masih di segel dan sesuai pesanan cukup puas dengan harga sangat murah dapat handphone vivo,2025-12-28 00:00:00,0,0.98995566,0.004312514,0.0057317843,positif
1780196625-57,Panda_Vivo Y71,"semua ok . pesen hitam datang putih . tapi ndak Apa Apa . lumayan Harga segitu .  staff baik sekali Dan ramah 🙏 . maksih seller ,  Baru, segel, dan bergaransi,",2025-12-28,0,semua ok pesen hitam datang putih tapi ndak apa apa lumayan harga segitu staff baik sekali dan ramah maksih penjual baru segel dan bergaransi,2025-12-28 00:00:00,0,0.8939986,0.055059977,0.050941452,positif
1780196625-202,Panda_Vivo Y71,alkamdulillah dah nyampai hpnya Masih segelan . semoga semua ok . Karena Harganya super murah entah itu stock lama atau rakitan semoga baik baik saja . sempet Ragu. pesen dua semua Sampai . makasih seller 🙏,2025-12-28,0,alkamdulillah dah nyampai hpnya masih segelan semoga semua ok karena harganya super murah entah itu stock lama atau rakitan semoga baik baik saja sempet ragu pesen dua semua sampai makasih penjual,2025-12-28 00:00:00,0,0.950621,0.025478866,0.023900168,positif
1780196625-58,Panda_Vivo Y71,barang nya udah sampai sesuai pesanan Reselles nya amanah peking nya rapi kurir nya juga ramah makasih banyak semua nya aku pasti akan berlangganan di sini 🙏🙏👍😍,2025-12-30,0,barang nya udah sampai sesuai pesanan reselles nya amanah peking nya rapi kurir nya juga ramah makasih banyak semua nya aku pasti akan berlangganan di sini,2025-12-30 00:00:00,0,0.9915691,0.007488968,0.00094193156,positif
1780196625-143,Panda_Vivo Y71,mantap makasi,2025-12-30,0,mantap makasi,2025-12-30 00:00:00,0,0.9954917,0.003650576,0.0008577979,positif
1780196625-67,Panda_Vivo Y71,trimakasih barang sesuai pesanan.lain kali beli lagi di sini karna tokonya amanah,2025-12-31,0,trimakasih barang sesuai pesanan lain kali beli lagi di sini karna tokonya amanah,2025-12-31 00:00:00,0,0.905865,0.091745116,0.0023898736,positif
1780196625-358,Panda_Vivo Y71,"baru sehari Udah ga bisa di pasang SIM-card, terus apk playstornya ga komplit aplikasinya, kecewa",2026-01-01,0,baru sehari udah tidak bisa di pasang sim card terus apk playstornya tidak komplit aplikasinya kecewa,2026-01-01 00:00:00,2,0.0010926678,0.0017377662,0.99716955,negatif
1780196625-178,Panda_Vivo Y71,Hp rusak tidak bisa hidup meski seharian di cas,2026-01-02,0,handphone rusak tidak bisa hidup meski seharian di cas,2026-01-02 00:00:00,2,0.0005591344,0.010145945,0.98929495,negatif
1780196625-86,Panda_Vivo Y71,mantapp.. berfungsi dgn baik. semoga awett terimakasih,2026-01-03,0,mantapp berfungsi dengan baik semoga awett terima kasih,2026-01-03 00:00:00,0,0.9884969,0.0067598405,0.0047432575,positif
1780196625-199,Panda_Vivo Y71,"Pelindung kaca Gorilla Glass 3, Baru, segel, dan bergaransi, sempet was 2 tp alhamdulillah seller amanah.smga berfungsi dgn baik.recomend ya",2026-01-03,0,pelindung kaca gorilla glass 3 baru segel dan bergaransi sempet was 2 tapi alhamdulillah penjual amanah smga berfungsi dengan baik recomend ya,2026-01-03 00:00:00,0,0.8988867,0.094222836,0.006890484,positif
1780196625-54,Panda_Vivo Y71,"Desain bodi aluminium, Pelindung kaca Gorilla Glass 3,",2026-01-05,0,desain bodi aluminium pelindung kaca gorilla glass 3,2026-01-05 00:00:00,1,0.003289571,0.9960592,0.0006512674,netral
1780196625-87,Panda_Vivo Y71,"Desain bodi aluminium, Baru, segel, dan bergaransi,",2026-01-06,0,desain bodi aluminium baru segel dan bergaransi,2026-01-06 00:00:00,1,0.005365656,0.99314004,0.0014943492,netral
1780196625-280,Panda_Vivo Y71,pokonya is the beast,2026-01-07,0,pokonya is the beast,2026-01-07 00:00:00,0,0.9898074,0.007148841,0.003043776,positif
1780196625-146,Panda_Vivo Y71,"Baru, segel, dan bergaransi, tapi knp y ini pas mo buat TLP vc,atau kirim pesan suara,g da suara y, mikrofon y jlk,g ada suara y SM sx,tp KLO buat YouTube ada,buat rekam suara pun g jln denyut y
awal buka baik semua,pas mo Wa,vc g da suara",2026-01-08,0,baru segel dan bergaransi tapi knp y ini pas mo buat tlp vc atau kirim pesan suara g da suara y mikrofon y jlk g ada suara y sm sx tapi kalau buat youtube ada buat rekam suara pun g jln denyut y awal buka baik semua pas mo wa vc g da suara,2026-01-08 00:00:00,2,0.0068914066,0.07394223,0.9191663,negatif
1780196625-267,Panda_Vivo Y71,bagus cuma pengiriman lama sekali 😌,2026-01-08,0,bagus cuma pengiriman lama sekali,2026-01-08 00:00:00,2,0.0016700956,0.0009897522,0.99734014,negatif
1780196625-60,Panda_Vivo Y71,"baik sesuai orderan.mkshKapasitas baterai 3360mAh, Kamera belakang 13MP dengan lampu kilat,",2026-01-09,0,baik sesuai orderan mkshkapasitas baterai 3360mah kamera belakang 13mp dengan lampu kilat,2026-01-09 00:00:00,1,0.08288678,0.9142901,0.0028231137,netral
1780196625-2,Panda_Vivo Y71,"Lazada emang Asyik , Udah dapet discount dapet voucher pula , gratis ongkir sudah pasti 
Seller juga terpercaya , Respon Chat bertanggung jawab.
Terima kasih
"" kepuasan pembeli adalah Do'a """,2026-01-10,0,lazada emang asyik udah dapet discount dapet voucher pula gratis ongkir sudah pasti penjual juga terpercaya respon chat bertanggung jawab terima kasih kepuasan pembeli adalah do a,2026-01-10 00:00:00,0,0.9712107,0.027111223,0.0016780469,positif
1780196625-53,Panda_Vivo Y71,"Alhamdulillah pesanan sampai dalam waktu yang pas, untung untungan sih, kadang datang hp nya mati gak ada baterai..",2026-01-11,0,alhamdulillah pesanan sampai dalam waktu yang pas untung untungan sih kadang datang handphone nya mati gak ada baterai,2026-01-11 00:00:00,0,0.99164295,0.004477876,0.0038791946,positif
1780196625-211,Panda_Vivo Y71,"Baru, segel dan berfungsi dengan baik cuma pengisian baterai cukup lama selebihnya oke",2026-01-11,0,baru segel dan berfungsi dengan baik cuma pengisian baterai cukup lama selebihnya oke,2026-01-11 00:00:00,0,0.58111316,0.22134608,0.1975407,positif
1780196625-132,Panda_Vivo Y71,"Baru, segel",2026-01-12,0,baru segel,2026-01-12 00:00:00,2,0.011472909,0.36624834,0.6222788,negatif
1780196625-252,Panda_Vivo Y71,"hp nya bagus Baru, segel, dan bergaransi,",2026-01-13,0,handphone nya bagus baru segel dan bergaransi,2026-01-13 00:00:00,0,0.87652236,0.1076133,0.0158643,positif
1780196625-55,Panda_Vivo Y71,"Kapasitas baterai 3360mAh, Kamera belakang 13MP dengan lampu kilat, Desain bodi aluminium,",2026-01-14,0,kapasitas baterai 3360mah kamera belakang 13mp dengan lampu kilat desain bodi aluminium,2026-01-14 00:00:00,1,0.008139274,0.9912594,0.0006012715,netral
1780196625-264,Panda_Vivo Y71,HP bgus KK baru ngk rugi beli hp ini,2026-01-14,0,handphone bgus kk baru ngk rugi beli handphone ini,2026-01-14 00:00:00,2,0.041090444,0.0037558426,0.95515364,negatif
1780196625-309,Panda_Vivo Y71,"Hp tidak support you tube,, sering error, susah di charger, kadang bisa kadang tidak bisa..",2026-01-15,0,handphone tidak support you tube sering error susah di charger kadang bisa kadang tidak bisa,2026-01-15 00:00:00,2,0.0014983222,0.062787496,0.93571424,negatif
1780196625-355,Panda_Vivo Y71,barang tidak sesuai sekali beli d sni kcwa banget parah ini toko hp cina males belanja dsni lagi klau jualan yg jujur kenapa,2026-01-17,0,barang tidak sesuai sekali beli d sni kcwa banget parah ini toko handphone cina males belanja dsni lagi klau jualan yang jujur kenapa,2026-01-17 00:00:00,2,0.0007865843,0.0010386755,0.9981748,negatif
1780196625-356,Panda_Vivo Y71,"kurang bagus, belum dua hari sudah bikin kesal, tombol on/off tidak berpungsi, pengisian daya dua hari dua malam hanya terisi separoh",2026-01-17,0,kurang bagus belum dua hari sudah bikin kesal tombol on off tidak berpungsi pengisian daya dua hari dua malam hanya terisi separoh,2026-01-17 00:00:00,2,0.00077524176,0.001647164,0.9975776,negatif
1780196625-363,Panda_Vivo Y71,"kurang bagus , datang bagus dua hari langsung mati",2026-01-17,0,kurang bagus datang bagus dua hari langsung mati,2026-01-17 00:00:00,2,0.0007090617,0.0012174285,0.99807346,negatif
1780196625-334,Panda_Vivo Y71,kualitas Hp tidak bagus  anti gores baret baret hp juga seperti  refurbish,2026-01-18,0,kualitas handphone tidak bagus anti gores baret baret handphone juga seperti refurbish,2026-01-18 00:00:00,2,0.0008240836,0.0017705598,0.99740535,negatif
1780196625-136,Panda_Vivo Y71,mohon di tindak lanjuti return nya.. karena barang hp TDK sesuai.. tdk bisa di pakai TDK ada jaringan,2026-01-22,0,mohon di tindak lanjuti return nya karena barang handphone tdk sesuai tdk bisa di pakai tdk ada jaringan,2026-01-22 00:00:00,2,0.0024577435,0.33558494,0.66195726,negatif
1780196625-257,Panda_Vivo Y71,"barang sesuai , thanks seller",2026-01-22,0,barang sesuai thanks penjual,2026-01-22 00:00:00,0,0.8991827,0.093424134,0.007393145,positif
1780196625-49,Panda_Vivo Y71,"Baru, segel, dan bergaransi, barang yang datang sesuai dengan yang dipromosikan.",2026-01-24,0,baru segel dan bergaransi barang yang datang sesuai dengan yang dipromosikan,2026-01-24 00:00:00,1,0.10754013,0.8332101,0.05924968,netral
1780196625-68,Panda_Vivo Y71,"thanks seller dan lazada paket sesuai pesanan, mudah 2 an awet Hpnya",2026-01-27,0,thanks penjual dan lazada paket sesuai pesanan mudah 2 an awet hpnya,2026-01-27 00:00:00,0,0.9883443,0.010649293,0.0010063756,positif
1780196625-196,Panda_Vivo Y71,oke batere kosong isi full baru bisa digunakan dengan harga segini lumayan buat YouTube anak2,2026-01-31,0,oke batere kosong isi full baru bisa digunakan dengan harga segini lumayan buat youtube anak2,2026-01-31 00:00:00,0,0.86808,0.056593988,0.07532598,positif
1780196625-249,Panda_Vivo Y71,"Baru, segel, dan bergaransi,",2026-02-03,0,baru segel dan bergaransi,2026-02-03 00:00:00,1,0.09677006,0.8905449,0.012684987,netral
1780196625-200,Panda_Vivo Y71,ternyata ini replika toh......ini gx asli.mati nyala mati nyala terus.gpp ttp kasih* 5,2026-02-04,0,ternyata ini replika toh ini gx asli mati nyala mati nyala terus tidak apa-apa ttp kasih 5,2026-02-04 00:00:00,2,0.013719683,0.10229969,0.8839807,negatif
1780196625-47,Panda_Vivo Y71,"bagus, like new, namun tidak rekomendasi bagi anak² yang bisa bermain game sambil di charge.. 

sesuai ekspektasi",2026-02-05,0,bagus like new namun tidak rekomendasi bagi anak² yang bisa bermain game sambil di charge sesuai ekspektasi,2026-02-05 00:00:00,2,0.025456088,0.028335843,0.9462081,negatif
1780196625-46,Panda_Vivo Y71,"Produk yang dikirimkan masih bagus dan masih tersegel semoga kualitasnya pun bagus Kapasitas baterai 3360mAh,",2026-02-06,0,produk yang dikirimkan masih bagus dan masih tersegel semoga kualitasnya pun bagus kapasitas baterai 3360mah,2026-02-06 00:00:00,0,0.9581155,0.026580011,0.015304465,positif
1780196625-43,Panda_Vivo Y71,maaf baru kasih ulasan paket sudah sampai sellernya amanah dan responnya cepat terima kasih semoga awet cuma belum di coba,2026-02-07,0,maaf baru kasih ulasan paket sudah sampai sellernya amanah dan responnya cepat terima kasih semoga awet cuma belum di coba,2026-02-07 00:00:00,0,0.86802495,0.09486305,0.03711196,positif
1780196625-191,Panda_Vivo Y71,"maap baru ngasih ulasan.buat yang punya bajet minim,jangan ragu beli di toko ini,murah meriah,pesanan sesuai.kelengkapan pulset,dan berpungsi dengan baik,nyaman di pake sehari hari.seler nya ramah,kulir ramah,mantap pokok nya.",2026-02-07,0,maap baru ngasih ulasan buat yang punya bajet minim jangan ragu beli di toko ini murah meriah pesanan sesuai kelengkapan pulset dan berpungsi dengan baik nyaman di pake sehari hari penjual nya ramah kulir ramah mantap pokok nya,2026-02-07 00:00:00,0,0.9969754,0.0013435083,0.0016810726,positif
1780196625-189,Panda_Vivo Y71,"Baru, segel, tp baterai cepat hangat. untuk saat ini aman semoga awet. terimakasih sesuai estimasi.",2026-02-10,0,baru segel tapi baterai cepat hangat untuk saat ini aman semoga awet terima kasih sesuai estimasi,2026-02-10 00:00:00,0,0.47988975,0.25743654,0.26267365,positif
1780196625-44,Panda_Vivo Y71,"hp mendarat dgn selamat hp nya juga bagus mulus g ada cacat pengirimannya jg cepat tp aga kecewa minta warna merah yg dikirim gold trs pas dicoba pake SIM card,sinyal datanya g muncul..😢 tp yaudhlah",2026-02-12,0,handphone mendarat dengan selamat handphone nya juga bagus mulus g ada cacat pengirimannya jg cepat tapi aga kecewa minta warna merah yang dikirim gold trs pas dicoba pake sim card sinyal datanya g muncul tapi yaudhlah,2026-02-12 00:00:00,2,0.004047278,0.0023414132,0.9936114,negatif
1780196625-52,Panda_Vivo Y71,"barang sesuai pengiriman cepat,tokonya amanah sukses selalu penjual yang baik👍👍👍👌",2026-02-12,0,barang sesuai pengiriman cepat tokonya amanah sukses selalu penjual yang baik,2026-02-12 00:00:00,0,0.9891235,0.009737592,0.0011389122,positif
1780196625-190,Panda_Vivo Y71,"Kamera belakang 13MP dengan lampu kilat, Baru, segel, dan bergaransi, pengiriman barang tepat waktu dan kemasan rapi",2026-02-12,0,kamera belakang 13mp dengan lampu kilat baru segel dan bergaransi pengiriman barang tepat waktu dan kemasan rapi,2026-02-12 00:00:00,1,0.40807313,0.58881176,0.0031151152,netral
1780196625-271,Panda_Vivo Y71,mantap,2026-02-13,0,mantap,2026-02-13 00:00:00,0,0.9971998,0.002069907,0.00073037326,positif
1780196625-236,Panda_Vivo Y71,"Pelindung kaca Gorilla Glass 3,",2026-02-15,0,pelindung kaca gorilla glass 3,2026-02-15 00:00:00,1,0.0033171582,0.9951998,0.0014830022,netral
1780196625-38,Panda_Vivo Y71,"jangan ragu kalau sayang anak beli disini aja
lumayan harga murah kualitas joss buat anak anak oke lah",2026-02-16,0,jangan ragu kalau sayang anak beli disini aja lumayan harga murah kualitas joss buat anak anak oke lah,2026-02-16 00:00:00,0,0.9966698,0.001447952,0.0018822767,positif
1780196625-40,Panda_Vivo Y71,"Kamera belakang 13MP dengan lampu kilat, Pelindung kaca Gorilla Glass 3, Kapasitas baterai 3360mAh,",2026-02-16,0,kamera belakang 13mp dengan lampu kilat pelindung kaca gorilla glass 3 kapasitas baterai 3360mah,2026-02-16 00:00:00,1,0.008146676,0.9912204,0.0006329137,netral
1780196625-39,Panda_Vivo Y71,"aslinya pesen y 55 warna hitam ,tpi yg dtg malah y 66 gold ,tpi gpp barngnya asli vivo dan baru masih segel,semoga awet,syangnya pengiriman  seminggu baru nyampe, lamaaaa banget.",2026-02-19,0,aslinya pesen y 55 warna hitam tapi yang datang malah y 66 gold tapi tidak apa-apa barangnya asli vivo dan baru masih segel semoga awet syangnya pengiriman seminggu baru nyampe lamaaaa banget,2026-02-19 00:00:00,0,0.76464576,0.038645335,0.19670892,positif
1780196625-366,Panda_Vivo Y71,batre nyah boros barang aman😌,2026-02-20,0,batre nyah boros barang aman,2026-02-20 00:00:00,2,0.0013091308,0.0010516002,0.9976393,negatif
1780196625-36,Panda_Vivo Y71,"alhamdulillah barangnya sudah keterima barangnya bagus pengiriman cepat barangnya semua baru Baru, segel, dan bergaransi, Kapasitas baterai 3360mAh, kurirnya baik dan ramah makasih lazada semoga bermanfaat amin.",2026-02-24,0,alhamdulillah barangnya sudah keterima barangnya bagus pengiriman cepat barangnya semua baru baru segel dan bergaransi kapasitas baterai 3360mah kurirnya baik dan ramah makasih lazada semoga bermanfaat amin,2026-02-24 00:00:00,0,0.98449695,0.012202522,0.0033006056,positif
1780196625-277,Panda_Vivo Y71,"produk datang smartfren rusak kotak xiaomi, guys hati hati dalam pembelian, gak tahu pihak mana yang bertanggung jawab ini, toko yang tidak jujur atau ekspedisi yang tidak jujur atau lazada kelalaian mengawasi",2026-02-26,0,produk datang smartfren rusak kotak xiaomi guys hati hati dalam pembelian gak tahu pihak mana yang bertanggung jawab ini toko yang tidak jujur atau ekspedisi yang tidak jujur atau lazada kelalaian mengawasi,2026-02-26 00:00:00,2,0.0010228183,0.0062418953,0.99273527,negatif
1780196625-35,Panda_Vivo Y71,"sebenarnya udah malas belanja di Lazada 
karena udah ga ada gratis ongkir
apalagi diskon,
cuma di toko ini harganya miring
ya lumayanlah 
rekomendasi banget deh di toko ini",2026-02-28,0,sebenarnya udah malas belanja di lazada karena udah tidak ada gratis ongkir apalagi diskon cuma di toko ini harganya miring ya lumayanlah rekomendasi banget deh di toko ini,2026-02-28 00:00:00,0,0.99042994,0.0027744449,0.0067955526,positif
1780196625-180,Panda_Vivo Y71,"Kamera belakang 13MP dengan lampu kilat, Kapasitas baterai 3360mAh, Baru, segel, dan bergaransi, Baru, segel, dan bergaransi, Pelindung kaca Gorilla Glass 3,",2026-02-28,0,kamera belakang 13mp dengan lampu kilat kapasitas baterai 3360mah baru segel dan bergaransi baru segel dan bergaransi pelindung kaca gorilla glass 3,2026-02-28 00:00:00,1,0.0033072676,0.99558747,0.0011053164,netral
1780196625-241,Panda_Vivo Y71,tapi batrenya sampai habis,2026-03-02,0,tapi batrenya sampai habis,2026-03-02 00:00:00,1,0.0054209433,0.600263,0.39431602,netral
1780196625-370,Panda_Vivo Y71,hpretak,2026-03-03,0,hpretak,2026-03-03 00:00:00,2,0.0068530357,0.00413519,0.98901176,negatif
1780196625-255,Panda_Vivo Y71,bagus,2026-03-06,0,bagus,2026-03-06 00:00:00,0,0.9961093,0.0022218486,0.0016688666,positif
1780196625-1,Panda_Vivo Y71,kemudahan penggunaan:,2026-03-07,0,kemudahan penggunaan,2026-03-07 00:00:00,0,0.96441656,0.033901908,0.0016814772,positif
1780196625-105,Panda_Vivo Y71,"Kapasitas baterai 3360mAh, Pelindung kaca Gorilla Glass 3, sayang kamera belakang nya rusak",2026-03-07,0,kapasitas baterai 3360mah pelindung kaca gorilla glass 3 sayang kamera belakang nya rusak,2026-03-07 00:00:00,1,0.0024003875,0.91259193,0.08500768,netral
1780196625-133,Panda_Vivo Y71,sudah d terima dngan utuh..dan barang lumayan lah dngan harga segitu..,2026-03-09,0,sudah d terima dngan utuh dan barang lumayan lah dngan harga segitu,2026-03-09 00:00:00,0,0.97666806,0.012909863,0.010422029,positif
1780196625-235,Panda_Vivo Y71,makasih sellernya amanah,2026-03-10,0,makasih sellernya amanah,2026-03-10 00:00:00,0,0.9916923,0.0065957354,0.001711933,positif
1780196625-179,Panda_Vivo Y71,"Kamera belakang 13MP dengan lampu kilat, Pelindung kaca Gorilla Glass 3, Desain bodi aluminium,",2026-03-26,0,kamera belakang 13mp dengan lampu kilat pelindung kaca gorilla glass 3 desain bodi aluminium,2026-03-26 00:00:00,1,0.0050950865,0.99431425,0.00059066224,netral
1780196625-234,Panda_Vivo Y71,good prodack.,2026-03-29,0,good prodack,2026-03-29 00:00:00,0,0.9914488,0.0061374973,0.0024136228,positif
1780196625-31,Panda_Vivo Y71,"untuk produk realpi k, 
hanya saja pesan warna hitam di kirim pink, 
pdhal utk anak laki 🤦🏻‍♀️
untung doi gk papa😁",2026-04-01,0,untuk produk realpi k hanya saja pesan warna hitam di kirim pink pdhal utk anak laki untung doi tidak papa,2026-04-01 00:00:00,1,0.05444451,0.907649,0.0379065,netral
1780196625-32,Panda_Vivo Y71,"baterai cepet panas, ko ini hp udah ada email nya ya berarti second ya bukan baruPelindung kaca Gorilla Glass 3,",2026-04-01,0,baterai cepet panas ko ini handphone udah ada email nya ya berarti second ya bukan barupelindung kaca gorilla glass 3,2026-04-01 00:00:00,2,0.0017054518,0.11897188,0.87932265,negatif
1780196625-223,Panda_Vivo Y71,baik. mudah2an awet,2026-04-02,0,baik mudah2an awet,2026-04-02 00:00:00,0,0.9908925,0.0064830086,0.0026244682,positif
1780196625-29,Panda_Vivo Y71,"Pelindung kaca Gorilla Glass 3, Desain bodi aluminium, Baru, segel, dan bergaransi, Kamera belakang 13MP dengan lampu kilat,",2026-04-10,0,pelindung kaca gorilla glass 3 desain bodi aluminium baru segel dan bergaransi kamera belakang 13mp dengan lampu kilat,2026-04-10 00:00:00,1,0.0035073238,0.99570125,0.0007913571,netral
1780196625-281,Panda_Vivo Y71,"kalo jualan yg bener lah,pesan y71 ram 6/128 yang datang y66 4/64,mau nipu aja",2026-04-11,0,kalo jualan yang bener lah pesan y71 ram 6 128 yang datang y66 4 64 mau nipu aja,2026-04-11 00:00:00,1,0.057214733,0.48758322,0.45520204,netral
1780196625-354,Panda_Vivo Y71,"baterai boros, jaringan lemot meskipun l sudah menggunakan wifi. beberapa aplikasi seperti tik tok tidak dapat berjalan. sehingga menyebabkan hp mati sendiri. awalnya gak bisa menggunakan wa, alasannya aplikasi tidak resmi. setelah menginstal wa di hp pancingan. Baru lah bisa buka Wa di hp ini. pikir pikir lagi kalau mau beli ya.",2026-04-11,0,baterai boros jaringan lambat meskipun l sudah menggunakan wifi beberapa aplikasi seperti tik tok tidak dapat berjalan sehingga menyebabkan handphone mati sendiri awalnya gak bisa menggunakan wa alasannya aplikasi tidak resmi setelah menginstal wa di handphone pancingan baru lah bisa buka wa di handphone ini pikir pikir lagi kalau mau beli ya,2026-04-11 00:00:00,2,0.007072499,0.00706344,0.9858641,negatif
1780196625-195,Panda_Vivo Y71,barang nya lumayan sesuai kbutuhan... untuk sehari hari,2026-04-16,0,barang nya lumayan sesuai kbutuhan untuk sehari hari,2026-04-16 00:00:00,0,0.9944542,0.003992604,0.0015532151,positif
1780196625-26,Panda_Vivo Y71,hp risa GK bisa baca kartu dijual ktnya ram 6 memori 128 tapi TPI yg dikirim ram  4 /64 mntap emak jdi penipu,2026-04-23,0,handphone risa tidak bisa baca kartu dijual ktnya ram 6 memori 128 tapi tapi yang dikirim ram 4 64 mntap emak jdi penipu,2026-04-23 00:00:00,2,0.00050703983,0.0032819745,0.99621093,negatif
1780196625-25,Panda_Vivo Y71,"Kondisi paket masih Utuh,Pengiriman Cepat,Kurirnya Amanah,meskipun Paket sempat HILANG oleh J&T Express di Orderan Pertama dan ada Refund Dana  oleh Lazada,tapi saya masih tetap Re-Order di Toko ini karena Review Pembelinya hampir mendekati Ekpetasi. Produk Hp yang saya pesan pertama adalah Vivo Y55 4G warna Hitam tapi yang sampai ke Alamat  adalah Vivo Y66 4G dengan versi android 14,1, Kapasitas Ram 4,0 GB dan Total Storage Capacity 64 GB  refurbished tapi Fullset, meskipun sering Loading sedikit  tapi tetap berfungsi dengan Baik,ada dikasih bonus Casingnya.Kualitas Produk sesuai Harga.Terima kasih",2026-04-30,0,kondisi paket masih utuh pengiriman cepat kurirnya amanah meskipun paket sempat hilang oleh j t express di orderan pertama dan ada refund dana oleh lazada tapi saya masih tetap re order di toko ini karena review pembelinya hampir mendekati ekpetasi produk handphone yang saya pesan pertama adalah vivo y55 4g warna hitam tapi yang sampai ke alamat adalah vivo y66 4g dengan versi android 14 1 kapasitas ram 4 0 gb dan total storage capacity 64 gb refurbished tapi fullset meskipun sering loading sedikit tapi tetap berfungsi dengan baik ada dikasih bonus casingnya kualitas produk sesuai harga terima kasih,2026-04-30 00:00:00,0,0.94884694,0.042197157,0.008955846,positif
1780196625-21,Panda_Vivo Y71,alhamdulillah hp nya udah datang pengiriman cepat cuman 2 hri udah nyampe.respon penjual cepet lagi..maksih seler .mdh2 hp nya awet,4 minggu lalu,0,alhamdulillah handphone nya udah datang pengiriman cepat cuman 2 hri udah nyampe respon penjual cepet lagi maksih penjual mdh2 handphone nya awet,2026-05-04 00:00:00,0,0.9943093,0.004519714,0.0011710144,positif
1780196625-24,Panda_Vivo Y71,"Baru, segel, dan bergaransi, Pelindung kaca Gorilla Glass 3, 
Semoga Hpnya Awet, Sayang Simcardnya cuman ad 1, Deskripsinya 2..
tapi gak masalah Yg penting Hpnya.
Semoga Tokonya Amanah.
Thank Lazada Dan Seller.",4 minggu lalu,0,baru segel dan bergaransi pelindung kaca gorilla glass 3 semoga hpnya awet sayang simcardnya cuman ad 1 deskripsinya 2 tapi gak masalah yang penting hpnya semoga tokonya amanah thank lazada dan penjual,2026-05-04 00:00:00,0,0.95194566,0.04283167,0.005222724,positif
1780196625-30,Panda_Vivo Y71,"makasih kak baranya udah sampe dngan mulus, cma pengiriman nya aga lama",3 minggu lalu,0,makasih kak baranya udah sampe dngan mulus cma pengiriman nya aga lama,2026-05-11 00:00:00,2,0.29038903,0.07177485,0.6378361,negatif
1780196625-138,Panda_Vivo Y71,kak kenapa gak ada sinyal nya,3 minggu lalu,0,kak kenapa gak ada sinyal nya,2026-05-11 00:00:00,2,0.00253185,0.4776431,0.5198251,negatif
1780196625-164,Panda_Vivo Y71,"pengiriman lumayan cepat, pesan hp warna hitam Di kirim warna putih... TPI ada kendala nih,, di pasang kartu gak ada sinyal, terus restart mulu...🙏🙏",3 minggu lalu,0,pengiriman lumayan cepat pesan handphone warna hitam di kirim warna putih tapi ada kendala nih di pasang kartu gak ada sinyal terus restart mulu,2026-05-11 00:00:00,2,0.0014626294,0.028658956,0.9698785,negatif
1780196625-184,Panda_Vivo Y71,"gimana ya kok gak ada sinyal, batrenya habis GK bisa di cas lagi",3 minggu lalu,0,gimana ya kok gak ada sinyal batrenya habis tidak bisa di cas lagi,2026-05-11 00:00:00,2,0.001266442,0.032138176,0.9665954,negatif
1780196625-193,Panda_Vivo Y71,"Baru, segel, dan bergaransi, bagus n worth it",3 minggu lalu,0,baru segel dan bergaransi bagus n worth it,2026-05-11 00:00:00,0,0.9840045,0.010737449,0.0052581076,positif
1780196625-353,Panda_Vivo Y71,produk ga berfungsi..ga amanah.. pengiriman cepat.cuma respon kurang.kpas dtng cuma unboxing.belum d periksa keadaan hpnya..pas d periksa ga berfungsi.cuma d pake sebentar.ga nyala lagi.,3 minggu lalu,0,produk tidak berfungsi tidak amanah pengiriman cepat cuma respon kurang kpas dtng cuma unboxing belum d periksa keadaan hpnya pas d periksa tidak berfungsi cuma d pake sebentar tidak nyala lagi,2026-05-11 00:00:00,2,0.003507617,0.02367789,0.97281456,negatif
1780196625-14,Panda_Vivo Y71,maaap baru kasih ulesan soal nya waktu pas datang anak saya nya belam da sekarang udah ada d rmh lumayan lah dengan harga segtu irit d. kantong toko nya amanah Abang Ade makasih,2 minggu lalu,0,maaap baru kasih ulesan soal nya waktu pas datang anak saya nya belam da sekarang udah ada d rmh lumayan lah dengan harga segtu irit d kantong toko nya amanah abang ade makasih,2026-05-18 00:00:00,0,0.98508716,0.011142736,0.0037701484,positif
1780196625-16,Panda_Vivo Y71,"Desain bodi aluminium, Kamera belakang 13MP dengan lampu kilat, Kapasitas baterai 3360mAh, semoga tidak ada kendala",2 minggu lalu,0,desain bodi aluminium kamera belakang 13mp dengan lampu kilat kapasitas baterai 3360mah semoga tidak ada kendala,2026-05-18 00:00:00,1,0.01827797,0.9804724,0.0012496866,netral
1780196625-23,Panda_Vivo Y71,"Baru, segel, dan bergaransi, Desain bodi aluminium, trimakasih barang sudah sampai hari ini",2 minggu lalu,0,baru segel dan bergaransi desain bodi aluminium trimakasih barang sudah sampai hari ini,2026-05-18 00:00:00,1,0.0034339824,0.982205,0.014361042,netral
1780196625-37,Panda_Vivo Y71,HP nya sdh datang makasih lazada dan toko nya,2 minggu lalu,0,handphone nya sdh datang makasih lazada dan toko nya,2026-05-18 00:00:00,0,0.49879792,0.49831745,0.0028846546,positif
1780196625-45,Panda_Vivo Y71,tks banyak sudah saya terima paketnya,2 minggu lalu,0,terima kasih banyak sudah saya terima paketnya,2026-05-18 00:00:00,0,0.8766461,0.1208178,0.0025361525,positif
1780196625-198,Panda_Vivo Y71,real pick toko nya amanah...,2 minggu lalu,0,real pick toko nya amanah,2026-05-18 00:00:00,0,0.96358395,0.03504218,0.0013739897,positif
1780196625-362,Panda_Vivo Y71,layar tidak bisa di sentuh,1 hari lalu,0,layar tidak bisa di sentuh,2026-05-31 00:00:00,1,0.0026891432,0.8408962,0.15641467,netral
1780196867-109,PinDuoDuo Y17 Ram,Semoga barang awet,"2026-01-27 12:11 | Variasi: Biru,4/128",1,semoga barang awet,2026-01-27 12:11:00,0,0.9860599,0.012176184,0.0017639517,positif
1780196867-113,PinDuoDuo Y17 Ram,bagus alhamdulilah reseler amanah cuma mau upload video ke panjangan jdi cuma bisa foto,"2026-01-27 15:48 | Variasi: Biru Muda,6/128",1,bagus alhamdulilah reseler amanah cuma mau upload video ke panjangan jdi cuma bisa foto,2026-01-27 15:48:00,2,0.026352989,0.15342642,0.82022053,negatif
1780196867-68,PinDuoDuo Y17 Ram,Bagus banget. Berfungsi normal. Semoga awet. Belikan orang tua,"2026-01-27 17:45 | Variasi: Biru,6/128",1,bagus banget berfungsi normal semoga awet belikan orang tua,2026-01-27 17:45:00,0,0.9941339,0.0030968103,0.0027693603,positif
1780196867-110,PinDuoDuo Y17 Ram,Udh ke3x order dsini.ssmuanya ok,"2026-01-28 09:50 | Variasi: Biru Muda,6/128",1,udh ke3x order dsini ssmuanya ok,2026-01-28 09:50:00,1,0.078947306,0.91916704,0.0018856473,netral
1780196867-1,PinDuoDuo Y17 Ram,Alhamdulillah udah kedua kalinya order HP di toko ini barang nya bagus dan ori tokonya amanah terimakasih,"2026-01-29 14:15 | Variasi: Biru Muda,8/256",1,alhamdulillah udah kedua kalinya order handphone di toko ini barang nya bagus dan original tokonya amanah terima kasih,2026-01-29 14:15:00,0,0.9910234,0.0076995194,0.0012770629,positif
1780196867-44,PinDuoDuo Y17 Ram,"Hp kw setelah cek imei gak terdaftar di vivo
Kirain ori","2026-01-29 23:11 | Variasi: Biru Muda,8/256",1,handphone tiruan setelah cek imei gak terdaftar di vivo kirain original,2026-01-29 23:11:00,2,0.0013588788,0.20928416,0.789357,negatif
1780196867-99,PinDuoDuo Y17 Ram,"hp nya bagus ..anak saya suka banget 
semoga hp nya awet... terima kasih shoppe","2026-01-31 20:41 | Variasi: Biru Muda,8/256",1,handphone nya bagus anak saya suka banget semoga handphone nya awet terima kasih shoppe,2026-01-31 20:41:00,0,0.9961449,0.002794911,0.0010601776,positif
1780196867-11,PinDuoDuo Y17 Ram,"bagus banget, rekomen sekali toko ini, semoga selalu amanah ya, respon penjualnya juga cepat dan baik banget","2026-02-01 06:37 | Variasi: Pink,8/256",1,bagus banget rekomen sekali toko ini semoga selalu amanah ya respon penjualnya juga cepat dan baik banget,2026-02-01 06:37:00,0,0.9966709,0.0019579856,0.0013710916,positif
1780196867-46,PinDuoDuo Y17 Ram,Better bisa dipake untuk anak sekolah,"2026-02-02 08:30 | Variasi: Biru Muda,6/128",1,better bisa dipake untuk anak sekolah,2026-02-02 08:30:00,0,0.90759593,0.08554352,0.0068605198,positif
1780196867-62,PinDuoDuo Y17 Ram,Terima kasih seller dan shopee barangnya sudah sampai sesuai deskripsi,"2026-02-04 14:10 | Variasi: Biru Muda,8/256",1,terima kasih penjual dan shopee barangnya sudah sampai sesuai deskripsi,2026-02-04 14:10:00,1,0.27821553,0.7153521,0.006432396,netral
1780196867-98,PinDuoDuo Y17 Ram,Bagus semoga awet 👍,"2026-02-06 17:35 | Variasi: Biru Muda,8/256",1,bagus semoga awet,2026-02-06 17:35:00,0,0.9903347,0.00738694,0.0022783289,positif
1780196867-36,PinDuoDuo Y17 Ram,packingnya aman bgt jadi ga takut ke bantjng2,"2026-02-06 21:57 | Variasi: Biru,8/256",1,packingnya aman banget jadi tidak takut ke bantjng2,2026-02-06 21:57:00,0,0.99698645,0.002439974,0.0005735848,positif
1780196867-16,PinDuoDuo Y17 Ram,barang bagus no kendala dan murah,"2026-02-06 22:01 | Variasi: Biru Muda,8/256",1,barang bagus no kendala dan murah,2026-02-06 22:01:00,0,0.9925687,0.0034496493,0.0039817463,positif
1780196867-43,PinDuoDuo Y17 Ram,"Barang sampri dengan selamat, terima kasih buat tokonya, semoga jaya selalau","2026-02-08 09:16 | Variasi: Pink,8/256",1,barang sampri dengan selamat terima kasih buat tokonya semoga jaya selalau,2026-02-08 09:16:00,0,0.88549316,0.11058999,0.0039168475,positif
1780196867-27,PinDuoDuo Y17 Ram,Barang sudah sampai di rumah aman barang dicek normal semua kwalitas bagus harga murah nanti mau ambil lgi,"2026-02-08 19:12 | Variasi: Biru Muda,8/256",1,barang sudah sampai di rumah aman barang dicek normal semua kwalitas bagus harga murah nanti mau ambil lgi,2026-02-08 19:12:00,0,0.8061646,0.16439182,0.029443508,positif
1780196867-32,PinDuoDuo Y17 Ram,"Alhmdulillah barang smpai dlm keadaan baik.normal.. Lengkap. Toko amanah.. 
.","2026-02-09 15:10 | Variasi: Biru,8/256",1,alhmdulillah barang smpai dlm keadaan baik normal lengkap toko amanah,2026-02-09 15:10:00,0,0.87465,0.12194677,0.0034032422,positif
1780196867-96,PinDuoDuo Y17 Ram,"Kapasitas tidak sesuai dengan yg ada di gambar, mudah-mudahan awet.","2026-02-09 15:47 | Variasi: Biru,8/256",1,kapasitas tidak sesuai dengan yang ada di gambar mudah mudahan awet,2026-02-09 15:47:00,2,0.0036126608,0.005703617,0.9906838,negatif
1780196867-28,PinDuoDuo Y17 Ram,Tidak ada stiker tanda baru atas layar.temperglass sudah terpasang,"2026-02-09 16:52 | Variasi: Biru Muda,8/256",1,tidak ada stiker tanda baru atas layar temperglass sudah terpasang,2026-02-09 16:52:00,1,0.0009379182,0.991185,0.00787705,netral
1780196867-60,PinDuoDuo Y17 Ram,pelapak amanah jangan ragu beli d sini...,"2026-02-10 12:34 | Variasi: Biru Muda,8/256",1,pelapak amanah jangan ragu beli d sini,2026-02-10 12:34:00,0,0.6685726,0.32852316,0.0029042256,positif
1780196867-80,PinDuoDuo Y17 Ram,Warna sesuai pink. Tidak kecewa pas ramah di kantong,"2026-02-10 22:23 | Variasi: Pink,8/256",1,warna sesuai pink tidak kecewa pas ramah di kantong,2026-02-10 22:23:00,0,0.9961138,0.0030612445,0.0008249449,positif
1780196867-20,PinDuoDuo Y17 Ram,Fitur mantap dilengkapi fingerprint,"2026-02-11 18:08 | Variasi: Biru Muda,8/256",1,fitur mantap dilengkapi fingerprint,2026-02-11 18:08:00,0,0.93685365,0.0625252,0.00062121096,positif
1780196867-91,PinDuoDuo Y17 Ram,"Hp bagus suka sama toko ini amanah,saya pesan 1 lagi","2026-02-12 01:32 | Variasi: Biru Muda,8/256",1,handphone bagus suka sama toko ini amanah saya pesan 1 lagi,2026-02-12 01:32:00,0,0.99348855,0.005670573,0.00084085204,positif
1780196867-119,PinDuoDuo Y17 Ram,"Bagus barang nya baru bukan seken ,,,jgn ragu y belanja di sini anak saya suka bnget","2026-02-12 06:02 | Variasi: Biru,8/256",1,bagus barang nya baru bukan seken jgn ragu y belanja di sini anak saya suka bnget,2026-02-12 06:02:00,0,0.99707377,0.0018604192,0.0010658298,positif
1780196867-74,PinDuoDuo Y17 Ram,"Terima kasih kak hp nya berpungsi dengan baik, terimakasih telah amanah semoga makin lancar kak usahanya,,,🤲","2026-02-12 10:29 | Variasi: Biru Muda,8/256",1,terima kasih kak handphone nya berpungsi dengan baik terima kasih telah amanah semoga makin lancar kak usahanya,2026-02-12 10:29:00,0,0.96379936,0.033561133,0.002639405,positif
1780196867-71,PinDuoDuo Y17 Ram,Terimakasih barangx udh smpai sesuai dgn deskripsi packingan sngat aman ok mantapss🥰,"2026-02-13 20:23 | Variasi: Biru Muda,6/128",1,terima kasih barangx udh smpai sesuai dengan deskripsi packingan sngat aman ok mantapss,2026-02-13 20:23:00,0,0.9943452,0.004775417,0.00087942614,positif
1780196867-17,PinDuoDuo Y17 Ram,Secara keseluruhan bagus .. berfungsi .. good pokoke,"2026-02-15 02:29 | Variasi: Biru,8/256",1,secara keseluruhan bagus berfungsi good pokoke,2026-02-15 02:29:00,0,0.9920522,0.0036816362,0.004266128,positif
1780196867-24,PinDuoDuo Y17 Ram,Terima kasih seller dan kurir,"2026-02-15 09:50 | Variasi: Merah,8/256",1,terima kasih penjual dan kurir,2026-02-15 09:50:00,0,0.9135105,0.08273677,0.0037527804,positif
1780196867-103,PinDuoDuo Y17 Ram,Hp  Vivo SDH sampai dpt harga bersahabat.langsung dipake anak.semoga awet,"2026-02-15 19:32 | Variasi: Biru,8/256",1,handphone vivo sdh sampai dapat harga bersahabat langsung dipake anak semoga awet,2026-02-15 19:32:00,0,0.9765105,0.022539107,0.00095037994,positif
1780196867-108,PinDuoDuo Y17 Ram,"Barang sesuai dg live, sangat bagus gak rugi dg harga sangat murah. Kwalitas ORI","2026-02-16 13:42 | Variasi: Biru Muda,8/256",1,barang sesuai dg live sangat bagus gak rugi dg harga sangat murah kwalitas original,2026-02-16 13:42:00,0,0.99598986,0.0027084136,0.0013018063,positif
1780196867-48,PinDuoDuo Y17 Ram,"Tadinya sempet ragu,alhamdulillah bgitu sampai barang nya bagus dan berguna","2026-02-16 16:34 | Variasi: Biru,8/256",1,tadinya sempet ragu alhamdulillah bgitu sampai barang nya bagus dan berguna,2026-02-16 16:34:00,0,0.9900641,0.0076298225,0.0023060315,positif
1780196867-77,PinDuoDuo Y17 Ram,barang sudah sampe kak tapi Vidio saya tidak bisa diupload jadi saya kirim foto saja disini,"2026-02-17 08:50 | Variasi: Pink,8/256",1,barang sudah sampe kak tapi vidio saya tidak bisa diupload jadi saya kirim foto saja disini,2026-02-17 08:50:00,1,0.0010175505,0.9718008,0.02718163,netral
1780196867-31,PinDuoDuo Y17 Ram,Alhamdulillah pesanan telah sampai kualitas pesanan sesuai ekspektasi,"2026-02-17 18:21 | Variasi: Biru,8/256",1,alhamdulillah pesanan telah sampai kualitas pesanan sesuai ekspektasi,2026-02-17 18:21:00,0,0.9852357,0.012887713,0.0018765464,positif
1780196867-40,PinDuoDuo Y17 Ram,"Sesuai pesanan warna, bagus dan hp baru... Gak sia² belanja di di tokoh ini barangnya benar dengan yang di pesan","2026-02-20 16:53 | Variasi: Pink,8/256",1,sesuai pesanan warna bagus dan handphone baru gak sia² belanja di di tokoh ini barangnya benar dengan yang di pesan,2026-02-20 16:53:00,1,0.064850934,0.9229562,0.012192854,netral
1780196867-82,PinDuoDuo Y17 Ram,"Sesuai dengan ekspektasi semoga bisa awet..
Gak sengaja ternyata sudah 2x pesan disini.. toko baik selalu memperhatikan feedback dr pembeli","2026-02-20 23:49 | Variasi: Merah,8/256, Biru Muda,8/256",1,sesuai dengan ekspektasi semoga bisa awet gak sengaja ternyata sudah 2x pesan disini toko baik selalu memperhatikan feedback dr pembeli,2026-02-20 23:49:00,0,0.9711057,0.026066985,0.002827267,positif
1780196867-75,PinDuoDuo Y17 Ram,"Semoga awet, dan bisa order lagi","2026-02-21 14:25 | Variasi: Pink,8/256",1,semoga awet dan bisa order lagi,2026-02-21 14:25:00,0,0.9718024,0.026237037,0.0019606631,positif
1780196867-7,PinDuoDuo Y17 Ram,Alhamdulillah paket sudah tiba dan sesuai pesanan Peking aman anti goncangan dan berfungsi dengan baik. Semoga awet,"2026-02-21 15:53 | Variasi: Pink,8/256",1,alhamdulillah paket sudah tiba dan sesuai pesanan peking aman anti goncangan dan berfungsi dengan baik semoga awet,2026-02-21 15:53:00,0,0.9895656,0.00919666,0.0012376547,positif
1780196867-10,PinDuoDuo Y17 Ram,Terima kasih barangnya sudah datang dengan keadaan baik,"2026-02-21 23:04 | Variasi: Biru Muda,8/256",1,terima kasih barangnya sudah datang dengan keadaan baik,2026-02-21 23:04:00,0,0.9149345,0.08016663,0.0048989304,positif
1780196867-42,PinDuoDuo Y17 Ram,"baru pertama kali beli hp online, awalnya ragu tapi setelah paketnya datang alhamdulillah sesuai di pict ayo ges jgn ragu untuk beli dan tanya sama kknya ya di live🙂‍↔️, pengiriman pake plastik berangin safety sampai ke kalsel wak🥴","2026-02-22 13:45 | Variasi: Pink,8/256",1,baru pertama kali beli handphone online awalnya ragu tapi setelah paketnya datang alhamdulillah sesuai di pict ayo ges jgn ragu untuk beli dan tanya sama kknya ya di live pengiriman pake plastik berangin safety sampai ke kalsel wak,2026-02-22 13:45:00,0,0.8278316,0.14821684,0.023951598,positif
1780196867-9,PinDuoDuo Y17 Ram,"Alhamdulillah udh sampai, bnr2 ngeplong soalnya dlu pernah beli hp mlh kena jebakan Batman, yg dtng mlh merk nya gak ada beli d atas 1 jutaan Lebih mlh d jual lagi parah bngt, tp d sini lapaknya beneran Jujur dan amanah bngt👍👍👍","2026-02-22 19:07 | Variasi: Biru Muda,8/256",1,alhamdulillah udh sampai bnr2 ngeplong soalnya dlu pernah beli handphone mlh kena jebakan batman yang dtng mlh merk nya gak ada beli d atas 1 jutaan lebih mlh d jual lagi parah bngt tapi d sini lapaknya beneran jujur dan amanah bngt,2026-02-22 19:07:00,0,0.9845508,0.00630458,0.009144578,positif
1780196867-18,PinDuoDuo Y17 Ram,"Hp yang di terima dalam kondisi baik, fitur lengkap, di dalam box nya sudah termasuk case dan charger, sangat di rekomendasi beli hp di sini👍","2026-02-23 13:41 | Variasi: Biru Muda,6/128",1,handphone yang di terima dalam kondisi baik fitur lengkap di dalam box nya sudah termasuk case dan charger sangat di rekomendasi beli handphone di sini,2026-02-23 13:41:00,0,0.9726327,0.021488413,0.0058788406,positif
1780196867-59,PinDuoDuo Y17 Ram,Jangan ragu pesan di toko ini . Toko nya sangat amanah.  Gak ada vidio Krn vidio nya terlalu panjang .TPI tokoh nya amanah,"2026-02-23 15:31 | Variasi: Pink,8/256",1,jangan ragu pesan di toko ini toko nya sangat amanah gak ada vidio krn vidio nya terlalu panjang tapi tokoh nya amanah,2026-02-23 15:31:00,0,0.98903453,0.007518141,0.0034473331,positif
1780196867-87,PinDuoDuo Y17 Ram,"Imei 1 dan 2 hp ini tdk terdeteksi di web cek imei vivo.
Pas connect email dan terkonfirmasi di hp yang sudah lebih terpasang Email, tertulis bukan Vivo Y17 tertulisnya Y19.

Kenapa sy beli, krn sy hanya butuh kamera biasa, bisa internet, body hp pink. Menurut saya hp ini adalah rakitan. Buat sy ini cukup sesuai kebutuhan sy","2026-02-23 18:14 | Variasi: Pink,8/256",1,imei 1 dan 2 handphone ini tdk terdeteksi di web cek imei vivo pas connect email dan terkonfirmasi di handphone yang sudah lebih terpasang email tertulis bukan vivo y17 tertulisnya y19 kenapa saya beli krn saya hanya butuh kamera biasa bisa internet body handphone pink menurut saya handphone ini adalah rakitan buat saya ini cukup sesuai kebutuhan saya,2026-02-23 18:14:00,0,0.43603855,0.34538314,0.21857837,positif
1780196867-4,PinDuoDuo Y17 Ram,Sukses selalu kk.. semoga sll amanah.. pesanan aman dan sesuai dg pesanan saya.. next order lg dsni.. mksh..,"2026-02-25 12:44 | Variasi: Merah,8/256",1,sukses selalu kk semoga sll amanah pesanan aman dan sesuai dg pesanan saya next order lg dsni mksh,2026-02-25 12:44:00,0,0.8396934,0.15585378,0.0044527994,positif
1780196867-6,PinDuoDuo Y17 Ram,Paket udah nyampe dgn baik anak sy suka Skali HPnya🥰,"2026-02-26 16:14 | Variasi: Biru,8/256",1,paket udah nyampe dengan baik anak saya suka skali hpnya,2026-02-26 16:14:00,0,0.99615246,0.0032414806,0.0006060381,positif
1780196867-70,PinDuoDuo Y17 Ram,wah dengan harga segini dapat barang yang oke. ajib,"2026-02-27 00:37 | Variasi: Merah,8/256",1,wah dengan harga segini dapat barang yang oke ajib,2026-02-27 00:37:00,0,0.99523264,0.001887737,0.0028796317,positif
1780196867-53,PinDuoDuo Y17 Ram,"Alhamdulillah.. Barang dah sampai.. Walaupun tidak sesuai estimasi... Kondisi bagus, trimakasih.. Semoga awet,,","2026-02-27 20:57 | Variasi: Merah,8/256",1,alhamdulillah barang dah sampai walaupun tidak sesuai estimasi kondisi bagus trimakasih semoga awet,2026-02-27 20:57:00,0,0.83831507,0.15196322,0.009721772,positif
1780196867-94,PinDuoDuo Y17 Ram,"barang Sudh smpai tujuan KK...bener"" amanah toko ini.....ini pembelian saya yg kdua di toko ini👍👍👍👍👍👍👍","2026-02-28 20:43 | Variasi: Biru Muda,8/256",1,barang sudh smpai tujuan kk bener amanah toko ini ini pembelian saya yang kdua di toko ini,2026-02-28 20:43:00,0,0.68961877,0.3021484,0.008232787,positif
1780196867-106,PinDuoDuo Y17 Ram,"Alhamdulillah pesanan mendarat dengan selamat semoga awet ya ke lengkapan nya full set baru lagi pengiriman cepat,good lah","2026-03-01 13:43 | Variasi: Biru Muda,8/256",1,alhamdulillah pesanan mendarat dengan selamat semoga awet ya ke lengkapan nya full set baru lagi pengiriman cepat good lah,2026-03-01 13:43:00,0,0.9954216,0.0028968456,0.0016816395,positif
1780196867-12,PinDuoDuo Y17 Ram,"Pesanannya sudah diterima dan berfungsi dengan baik, semoga awet pemakaiannya. Terima kasih 😔🙏🏻","2026-03-02 19:13 | Variasi: Biru Muda,8/256",1,pesanannya sudah diterima dan berfungsi dengan baik semoga awet pemakaiannya terima kasih,2026-03-02 19:13:00,0,0.9045578,0.08897391,0.0064683007,positif
1780196867-5,PinDuoDuo Y17 Ram,Hpx benar bagus dan sangat membatu anak saya dalam mengerjakan tugas,"2026-03-02 22:27 | Variasi: Biru,8/256",1,handphonenya benar bagus dan sangat membatu anak saya dalam mengerjakan tugas,2026-03-02 22:27:00,0,0.9962406,0.0025153665,0.0012439883,positif
1780196867-124,PinDuoDuo Y17 Ram,Terima kasih seler/toko,"2026-03-03 12:36 | Variasi: Biru Muda,4/128",1,terima kasih penjual toko,2026-03-03 12:36:00,0,0.96027046,0.037312634,0.002416864,positif
1780196867-104,PinDuoDuo Y17 Ram,Pokonya belaja ditoko ini sangat puas terimakasih seler,"2026-03-05 18:55 | Variasi: Biru Muda,8/256",1,pokonya belaja ditoko ini sangat puas terima kasih penjual,2026-03-05 18:55:00,0,0.99403,0.005012012,0.0009580912,positif
1780196867-14,PinDuoDuo Y17 Ram,semoga awet sampai dunia akhirat,"2026-03-09 16:19 | Variasi: Biru,4/128",1,semoga awet sampai dunia akhirat,2026-03-09 16:19:00,0,0.9913216,0.006600653,0.0020777225,positif
1780196867-47,PinDuoDuo Y17 Ram,"Semoga sukses selalu.. 
Terimakasih sudah amanah buat toko ya🙏","2026-03-12 18:19 | Variasi: Biru Muda,8/256",1,semoga sukses selalu terima kasih sudah amanah buat toko ya,2026-03-12 18:19:00,0,0.83556485,0.16169922,0.0027360518,positif
1780196867-107,PinDuoDuo Y17 Ram,"Sangat buruk barang kw,padahal co 2 hp.nyesel banget.imei palsu semua media TDK bisa di gunakan selalu di spam","2026-03-24 01:57 | Variasi: Biru,8/256",1,sangat buruk barang tiruan padahal checkout 2 handphone nyesel banget imei palsu semua media tdk bisa di gunakan selalu di spam,2026-03-24 01:57:00,2,0.0007968481,0.0010674738,0.9981357,negatif
1780196867-54,PinDuoDuo Y17 Ram,"Barang bagus ber pungsi dengan baik
Toko nya sangat amanah dan jujur .
Buat sobat ku dimna saja ber ada kalau mau belanja di toko ini jangan ragu lansung beli aja toko nya amanah dan bisa di percaya","2026-03-30 18:40 | Variasi: Biru Muda,8/256",1,barang bagus ber pungsi dengan baik toko nya sangat amanah dan jujur buat sobat ku dimna saja ber ada kalau mau belanja di toko ini jangan ragu lansung beli aja toko nya amanah dan bisa di percaya,2026-03-30 18:40:00,0,0.99302965,0.0035413164,0.003429018,positif
1780196867-61,PinDuoDuo Y17 Ram,Barang sudah sampai dan langsung unboxing Alhamdulillah suami suka karena hadiah buat suami berfungsi dengan baik sesuai dengan pesanan..,"2026-04-01 07:15 | Variasi: Biru Muda,8/256",1,barang sudah sampai dan langsung unboxing alhamdulillah suami suka karena hadiah buat suami berfungsi dengan baik sesuai dengan pesanan,2026-04-01 07:15:00,0,0.9945868,0.004760926,0.0006522351,positif
1780196867-122,PinDuoDuo Y17 Ram,"Alhamdulillah yg ke dua kalinya beli di toko pinduo duo ini amanah sekali gercep 
Semoga makin sukses toko nya.","2026-04-01 08:58 | Variasi: Merah,8/256",1,alhamdulillah yang ke dua kalinya beli di toko pinduo duo ini amanah sekali gercep semoga makin sukses toko nya,2026-04-01 08:58:00,0,0.99225485,0.0069516,0.0007936149,positif
1780196867-65,PinDuoDuo Y17 Ram,"Baru pertama beli hp online, Alhamdulillah hp berfungsi dgn baik","2026-04-02 15:38 | Variasi: Biru Muda,8/256",1,baru pertama beli handphone online alhamdulillah handphone berfungsi dengan baik,2026-04-02 15:38:00,0,0.78106505,0.21280015,0.006134889,positif
1780196867-85,PinDuoDuo Y17 Ram,"Bismillah semoga hp nya awet dipakai anak belajar,, terimakasih sellernya gercep & konfirmasi dulu sebelum kirim,, semoga berkah & laris manis amiin","2026-04-06 12:58 | Variasi: Biru Muda,8/256",1,bismillah semoga handphone nya awet dipakai anak belajar terima kasih sellernya gercep konfirmasi dulu sebelum kirim semoga berkah laris manis amiin,2026-04-06 12:58:00,0,0.98630816,0.011497666,0.0021942162,positif
1780196867-34,PinDuoDuo Y17 Ram,"Barang Sesuai, Harga Juga Bersahabat, Toko Amanah. Recomended Pokoknya Belanja Di Sini. . .","2026-04-07 02:02 | Variasi: Pink,8/256",1,barang sesuai harga juga bersahabat toko amanah recomended pokoknya belanja di sini,2026-04-07 02:02:00,0,0.9974865,0.0019925595,0.00052094104,positif
1780196867-76,PinDuoDuo Y17 Ram,Bagus HP nya sesuai gambar ga kecewa awalnya takut di kirim asal asalan tapi beneran HP nya,"2026-04-07 22:41 | Variasi: Biru Muda,8/256",1,bagus handphone nya sesuai gambar tidak kecewa awalnya takut di kirim asal asalan tapi beneran handphone nya,2026-04-07 22:41:00,0,0.9952064,0.0031771625,0.001616454,positif
1780196867-56,PinDuoDuo Y17 Ram,",chargeran jg berfungsi dengan baik
Setelah 3 hari dari pesanan dteng ,baru keliatan batre nya udh eror .
Dicas 30 menit langsung full 100% .tapi dpke hanya 2 menit lngsung mati","2026-04-08 22:32 | Variasi: Merah,8/256",1,chargeran jg berfungsi dengan baik setelah 3 hari dari pesanan dteng baru keliatan batre nya udh eror dicas 30 menit langsung full 100 tapi dpke hanya 2 menit lngsung mati,2026-04-08 22:32:00,2,0.016832935,0.05714313,0.9260239,negatif
1780196867-51,PinDuoDuo Y17 Ram,Alhamdulillah barangnya sudah sampai tujuan dengan selamat pengemasan cepat pengiriman barang standar respon penjual sangat baik Terima kasih buat penjual dan kurirnya 🙏🙏🙏 minus cuman free gift kurang satu yaitu headset. Saya maklumi aja barangnya bagus no minus masih tersegel,"2026-04-09 09:48 | Variasi: Biru Muda,8/256",1,alhamdulillah barangnya sudah sampai tujuan dengan selamat pengemasan cepat pengiriman barang standar respon penjual sangat baik terima kasih buat penjual dan kurirnya minus cuman free gift kurang satu yaitu headset saya maklumi aja barangnya bagus no minus masih tersegel,2026-04-09 09:48:00,2,0.21087626,0.018880451,0.7702433,negatif
1780196867-86,PinDuoDuo Y17 Ram,"barang ny datang dg cepat,bgus dan aman brang ny serta amanah dech pokok ny..ntah kami beli LG SMG rezk kita lancar.. Aamiin","2026-04-10 08:49 | Variasi: Pink,8/256",1,barang ny datang dg cepat bgus dan aman brang ny serta amanah dech pokok ny ntah kami beli lg smg rezk kita lancar aamiin,2026-04-10 08:49:00,0,0.9880903,0.010238096,0.0016715927,positif
1780196867-73,PinDuoDuo Y17 Ram,Sangat puas..td nya meragukan.. Alhamdulillah semua mendarat dgn sempurna..semoga awet yeww,"2026-04-10 10:18 | Variasi: Biru,8/256",1,sangat puas td nya meragukan alhamdulillah semua mendarat dengan sempurna semoga awet yeww,2026-04-10 10:18:00,0,0.9956232,0.0028410847,0.0015356415,positif
1780196867-95,PinDuoDuo Y17 Ram,"Overall bagus,harga murah barang sesuai ekspetasi.","2026-04-10 19:37 | Variasi: Pink,8/256",1,overall bagus harga murah barang sesuai ekspetasi,2026-04-10 19:37:00,0,0.9921967,0.003755151,0.0040482543,positif
1780196867-93,PinDuoDuo Y17 Ram,barang sudah diterima dengan baik😁,"2026-04-11 12:21 | Variasi: Pink,8/256",1,barang sudah diterima dengan baik,2026-04-11 12:21:00,0,0.9126598,0.08314104,0.004199137,positif
1780196867-117,PinDuoDuo Y17 Ram,"Hp aman bagus salah nya cuma satu pas di unboxing kameranya lecet dan buram, seperti second sekian dan terimakasih 🙏","2026-04-14 15:17 | Variasi: Biru Muda,8/256",1,handphone aman bagus salah nya cuma satu pas di unboxing kameranya lecet dan buram seperti second sekian dan terima kasih,2026-04-14 15:17:00,2,0.011693606,0.036430355,0.9518761,negatif
1780196867-105,PinDuoDuo Y17 Ram,Barang baru jgn ragu beli dsni..mantul,"2026-04-14 17:23 | Variasi: Biru Muda,8/256",1,barang baru jgn ragu beli dsni mantul,2026-04-14 17:23:00,0,0.9589818,0.037095297,0.0039228937,positif
1780196867-64,PinDuoDuo Y17 Ram,Awalnya takut dan ragu ternyata asli,"2026-04-14 19:09 | Variasi: Merah,8/256",1,awalnya takut dan ragu ternyata asli,2026-04-14 19:09:00,1,0.20296837,0.49689588,0.30013585,netral
1780196867-3,PinDuoDuo Y17 Ram,"Alhamdulillah berfungsi dengan baik.
Sempat was-was.
Karena sempat beli di toko sebelah,yang dikirim hp mati.
Terima kasih, semoga amanah.","2026-04-14 20:01 | Variasi: Biru Muda,8/256",1,alhamdulillah berfungsi dengan baik sempat was was karena sempat beli di toko sebelah yang dikirim handphone mati terima kasih semoga amanah,2026-04-14 20:01:00,0,0.6262918,0.28023905,0.09346907,positif
1780196867-21,PinDuoDuo Y17 Ram,"Penjualnya responsif dan amanah. barang keterima sesuai jadwalnya, paket diterima aman. Barang bagus. Terimakasih utk penjualnya dan kurirnya. Rekomendasi utk yg pengen beli HP bagus.","2026-04-14 20:55 | Variasi: Biru,8/256",1,penjualnya responsif dan amanah barang keterima sesuai jadwalnya paket diterima aman barang bagus terima kasih utk penjualnya dan kurirnya rekomendasi utk yang pengen beli handphone bagus,2026-04-14 20:55:00,0,0.994846,0.0042889575,0.0008649781,positif
1780196867-126,PinDuoDuo Y17 Ram,"Day 1 beli hp online, alhamdulillah sesuai ekspektasi, dtang di palu dtng dgan selamat","2026-04-15 19:10 | Variasi: Biru Muda,8/256",1,day 1 beli handphone online alhamdulillah sesuai ekspektasi dtang di palu dtng dgan selamat,2026-04-15 19:10:00,0,0.8922077,0.10524624,0.0025460478,positif
1780196867-25,PinDuoDuo Y17 Ram,Alhamdulillah paketan udah datang dengan selamat dan aman pekingnya mantap pokoknya tokonya amanah sesuai pesanan Joss mantap makasih selernya makasih tokonya semoga sukses selalu..,"2026-04-15 19:34 | Variasi: Biru,8/256",1,alhamdulillah paketan udah datang dengan selamat dan aman pekingnya mantap pokoknya tokonya amanah sesuai pesanan joss mantap makasih selernya makasih tokonya semoga sukses selalu,2026-04-15 19:34:00,0,0.99641705,0.0026385179,0.000944471,positif
1780196867-37,PinDuoDuo Y17 Ram,"recommended bangettt buat kalian yang cari hp low budget,mendang mending dan hp nya bagus,meskipun ga sebagus hp di toko asli nya,berfungsi dengan baik dan warna warnanya yang lucu lucu,besttt","2026-04-15 20:14 | Variasi: Pink,8/256",1,recommended bangettt buat kalian yang cari handphone low budget mendang mending dan handphone nya bagus meskipun tidak sebagus handphone di toko asli nya berfungsi dengan baik dan warna warnanya yang lucu lucu besttt,2026-04-15 20:14:00,0,0.9981552,0.00093781267,0.0009070619,positif
1780196867-49,PinDuoDuo Y17 Ram,Alhamdulilah sesuai ekspektasi.. minta langsung di nyalain dari sananya jd pas dateng tinggal masukin kartu aja..,"2026-04-16 18:10 | Variasi: Pink,8/256",1,alhamdulilah sesuai ekspektasi minta langsung di nyalain dari sananya jd pas dateng tinggal masukin kartu aja,2026-04-16 18:10:00,1,0.4101454,0.5815213,0.008333387,netral
1780196867-35,PinDuoDuo Y17 Ram,"Awalnya ragu tapi alhamdulillah toko ini memang amanah,,barangnya sampek dengan selamat gak ada lecet sedikitpun,,trima kasih","2026-04-18 13:03 | Variasi: Pink,8/256",1,awalnya ragu tapi alhamdulillah toko ini memang amanah barangnya sampek dengan selamat gak ada lecet sedikitpun trima kasih,2026-04-18 13:03:00,0,0.94442683,0.046097994,0.009475085,positif
1780196867-78,PinDuoDuo Y17 Ram,Maaf baru ksh ulasan baru smpt nih. Pkt dtng bbrp hri yg llu playanan COD. Deg2an Bru ini brniin bli brng elektronik scra online tdinya tkut aja. Tpi brniin diri dan hsil nya puasss dong real bgus sesuai bngt. The best kk amanah trus ya slm sukses. Pkonya jngn ragu bli d toko ini gaess ❤❤❤,"2026-04-18 16:27 | Variasi: Pink,8/256",1,maaf baru ksh ulasan baru smpt nih pkt dtng bbrp hri yang llu playanan cod deg2an bru ini brniin bli brng elektronik scra online tdinya tkut aja tapi brniin diri dan hsil nya puasss dong real bgus sesuai bngt the best kk amanah trus ya slm sukses pkonya jngn ragu bli d toko ini gaess,2026-04-18 16:27:00,0,0.9854903,0.008252297,0.006257365,positif
1780196867-39,PinDuoDuo Y17 Ram,"Puas bngt beli ditoko ini,,next mau psen lgi  ah😊😊,,dan jangan ragu buat beli disini🙏🏽","2026-04-18 17:43 | Variasi: Pink,8/256",1,puas bngt beli ditoko ini next mau psen lgi ah dan jangan ragu buat beli disini,2026-04-18 17:43:00,0,0.9894505,0.009430203,0.0011192914,positif
1780196867-58,PinDuoDuo Y17 Ram,Bagus semua dari mulai pengemasan hingga produk nya,"2026-04-18 17:56 | Variasi: Biru Muda,8/256",1,bagus semua dari mulai pengemasan hingga produk nya,2026-04-18 17:56:00,0,0.996241,0.0023659228,0.0013930446,positif
1780196867-81,PinDuoDuo Y17 Ram,"Toko Amanah,hp sampai Dengan sempurna.terimakasih seller","2026-04-18 22:57 | Variasi: Pink,8/256",1,toko amanah handphone sampai dengan sempurna terima kasih penjual,2026-04-18 22:57:00,0,0.9390415,0.05784608,0.0031124207,positif
1780196867-90,PinDuoDuo Y17 Ram,"Alhamdulillah paketan dach sampai tadi siang,berpungsi dengan baik,masih segel barang ORI,cuma gak di kasih headset nya aja.yg lain sich ok.semoga barangnya awet🙏","2026-04-18 23:23 | Variasi: Pink,8/256",1,alhamdulillah paketan dach sampai tadi siang berpungsi dengan baik masih segel barang original cuma gak di kasih headset nya aja yang lain sich ok semoga barangnya awet,2026-04-18 23:23:00,0,0.9760779,0.015559,0.008363108,positif
1780196867-79,PinDuoDuo Y17 Ram,allhamdulilah amanah,"2026-04-20 12:55 | Variasi: Pink,8/256",1,allhamdulilah amanah,2026-04-20 12:55:00,0,0.9686469,0.028802969,0.0025502364,positif
1780196867-52,PinDuoDuo Y17 Ram,Sangat bagus sesuai deskripsi harga sangat murah tapi barangnya asli....dpt softcase juga... terimakasih,"2026-04-21 05:49 | Variasi: Biru,8/256",1,sangat bagus sesuai deskripsi harga sangat murah tapi barangnya asli dapat softcase juga terima kasih,2026-04-21 05:49:00,0,0.98796123,0.006870466,0.0051683253,positif
1780196867-67,PinDuoDuo Y17 Ram,"sudah 2 kali pesan di toko ini..barang di terima dengan baik, terima kasih kepada  seller semoga laris manis dan dan terima kasih juga kepada kurir and shoppe..👍.","2026-04-21 10:15 | Variasi: Biru Muda,8/256",1,sudah 2 kali pesan di toko ini barang di terima dengan baik terima kasih kepada penjual semoga laris manis dan dan terima kasih juga kepada kurir and shoppe,2026-04-21 10:15:00,0,0.8589658,0.13827957,0.0027545562,positif
1780196867-115,PinDuoDuo Y17 Ram,Lbh jernih pas waktu live,"2026-04-24 13:31 | Variasi: Biru Muda,8/256",1,lbh jernih pas waktu live,2026-04-24 13:31:00,0,0.9790603,0.019227501,0.0017121348,positif
1780196867-2,PinDuoDuo Y17 Ram,hp harga murah dan kondisi bagus bekerja normal .. terima kasih seller .. kedepannya tetap amanah dan lebih baik lagi,"2026-04-24 17:38 | Variasi: Biru,8/256",1,handphone harga murah dan kondisi bagus bekerja normal terima kasih penjual kedepannya tetap amanah dan lebih baik lagi,2026-04-24 17:38:00,0,0.9704898,0.025860935,0.003649297,positif
1780196867-23,PinDuoDuo Y17 Ram,"Trimakasih banyak seller atas fast respon ya. Terimakasih barang mendarat dengan sempurna
Trimakasih lengkap dengan charger,hansed, temper glass,dan casing
Packaging aman pooolllll.
Tokonya amanah semgha lain kali bisa order lgi
Order di tgl 10 datang di tgl 24. Bukan karena seller nya tp xpedisi yang GK konsisten. Semgha kedepanya pilihan xpedisi lebih bagus lagi. Mungkin lain daerah lain juga kinerjanya. Sekali lagi makasi ya seller. Suksess sll","2026-04-25 20:14 | Variasi: Pink,8/256",1,trimakasih banyak penjual atas fast respon ya terima kasih barang mendarat dengan sempurna trimakasih lengkap dengan charger hansed temper glass dan casing packaging aman pooolllll tokonya amanah semgha lain kali bisa order lgi order di tgl 10 datang di tgl 24 bukan karena penjual nya tapi xpedisi yang tidak konsisten semgha kedepanya pilihan xpedisi lebih bagus lagi mungkin lain daerah lain juga kinerjanya sekali lagi makasi ya penjual suksess sll,2026-04-25 20:14:00,0,0.9873124,0.007612968,0.0050746202,positif
1780196867-111,PinDuoDuo Y17 Ram,"Maaf seller baru beri penilaian, untuk mengetahui hp berfungsi dengan baik tau tidak, ternyata daftar email sulit, wa beberapa hari digunakan untuk telfon luar negeri kena spam nomer sudah gak bisa dipake lagi terpaksa beli nomer baru, kecewa pas ada fitur tidak bisa digunakan dengan baik,, akhirnya beli hp second jauh lebih baik wa tidak pernah kena spam daftar emailpun lancar","2026-04-26 09:22 | Variasi: Biru,8/256",1,maaf penjual baru beri penilaian untuk mengetahui handphone berfungsi dengan baik tau tidak ternyata daftar email sulit wa beberapa hari digunakan untuk telfon luar negeri kena spam nomer sudah gak bisa dipake lagi terpaksa beli nomer baru kecewa pas ada fitur tidak bisa digunakan dengan baik akhirnya beli handphone second jauh lebih baik wa tidak pernah kena spam daftar emailpun lancar,2026-04-26 09:22:00,2,0.10044421,0.011215975,0.8883397,negatif
1780196867-26,PinDuoDuo Y17 Ram,"Alhamdulillah berfungsi dengan baik, barangnya masih di segel dan sesuai dengan deskripsi. Semoga awet barangnya.. terimakasih seller","2026-05-02 06:36 | Variasi: Merah,8/256",1,alhamdulillah berfungsi dengan baik barangnya masih di segel dan sesuai dengan deskripsi semoga awet barangnya terima kasih penjual,2026-05-02 06:36:00,0,0.95188206,0.030341195,0.017776767,positif
1780196867-84,PinDuoDuo Y17 Ram,"Sempet kecewa ketika GK bisa dipasang kartu,tapi seler baik bgt,diminta retur dan dikirim ulang,, jujur sempet ragu, karana pengiriman pribadi,GK bisa lewat aplikasi,tapi bismilah aja,,dan Alhamdulillah toko'y amanah bgt,trimakasih,,,jangan ragu order disini yaa,dijamin toko'y amanah🫰","2026-05-04 19:58 | Variasi: Biru,8/256",1,sempet kecewa ketika tidak bisa dipasang kartu tapi penjual baik banget diminta retur dan dikirim ulang jujur sempet ragu karana pengiriman pribadi tidak bisa lewat aplikasi tapi bismilah aja dan alhamdulillah toko y amanah banget trimakasih jangan ragu order disini yaa dijamin toko y amanah,2026-05-04 19:58:00,0,0.97034574,0.015359607,0.014294667,positif
1780196867-45,PinDuoDuo Y17 Ram,Alhamdulillah barang nya udah nyampe sesuai dwngan pesana  mudaha mudahan awet,"2026-05-05 13:57 | Variasi: Biru,8/256",1,alhamdulillah barang nya udah nyampe sesuai dwngan pesana mudaha mudahan awet,2026-05-05 13:57:00,0,0.9892702,0.009488812,0.001241009,positif
1780196867-29,PinDuoDuo Y17 Ram,Cepet sampai nya udh di coba berpungsi dengan baik...,"2026-05-06 08:44 | Variasi: Pink,8/256",1,cepet sampai nya udh di coba berpungsi dengan baik,2026-05-06 08:44:00,0,0.98392093,0.012070924,0.004008098,positif
1780196867-89,PinDuoDuo Y17 Ram,"Toko amanah barang original..
Semoga awet..
Terimakasih","2026-05-07 16:20 | Variasi: Biru Muda,8/256",1,toko amanah barang original semoga awet terima kasih,2026-05-07 16:20:00,0,0.9731909,0.024478167,0.0023309214,positif
1780196867-30,PinDuoDuo Y17 Ram,"pokoknya jangan ragu rangu pesen di toko ini,karna sudah di jamin aman dan terpercaya","2026-05-10 09:19 | Variasi: Pink,8/256",1,pokoknya jangan ragu rangu pesen di toko ini karna sudah di jamin aman dan terpercaya,2026-05-10 09:19:00,0,0.9932399,0.005763224,0.000996956,positif
1780196867-33,PinDuoDuo Y17 Ram,"Responsif, cepat, sesuai pesanan/deskripsi. Good jobs. Thanks🙏","2026-05-10 18:32 | Variasi: Biru,8/256",1,responsif cepat sesuai pesanan deskripsi good jobs thanks,2026-05-10 18:32:00,0,0.97789484,0.017895008,0.004210018,positif
1780196867-97,PinDuoDuo Y17 Ram,Kirain barangnya palsu ternyata bener datang hp sunguhan terimakasih minn,"2026-05-11 12:45 | Variasi: Biru Muda,8/256",1,kirain barangnya palsu ternyata bener datang handphone sunguhan terima kasih minn,2026-05-11 12:45:00,2,0.0008714962,0.023782829,0.97534573,negatif
1780196867-125,PinDuoDuo Y17 Ram,"Barang diterima dengan baik, tidak ada yang rusak , hp lengkap dengan charger, dan casing bublerupnya  bagus bangat, pengemasan sangat nyaman ya jadi hpnya gak rusak, hpnya nyala batre 92 persen, hpnya baru, sesuai harga, tapi yang kurang saya suka kameranya masih kurang, kalau buat konten masih kurang bersih.","2026-05-11 19:48 | Variasi: Biru,8/256",1,barang diterima dengan baik tidak ada yang rusak handphone lengkap dengan charger dan casing bublerupnya bagus bangat pengemasan sangat nyaman ya jadi hpnya gak rusak hpnya nyala batre 92 persen hpnya baru sesuai harga tapi yang kurang saya suka kameranya masih kurang kalau buat konten masih kurang bersih,2026-05-11 19:48:00,0,0.99392056,0.0014214873,0.004657967,positif
1780196867-121,PinDuoDuo Y17 Ram,Gak sama kaya yg bulan kmren beli padahal bulan kmren baru beli hp di toko nih juga tapi beda masih keliatan ori hp yg kmren buat cek IMEI juga sesuai sama yg di gugel tapi kalo hp yg baru dateng buat cek IMEI malah gak terdaftar,"2026-05-12 20:13 | Variasi: Biru,8/256",1,gak sama kaya yang bulan kmren beli padahal bulan kmren baru beli handphone di toko nih juga tapi beda masih keliatan original handphone yang kmren buat cek imei juga sesuai sama yang di gugel tapi kalo handphone yang baru dateng buat cek imei malah gak terdaftar,2026-05-12 20:13:00,2,0.013927016,0.028862953,0.95721006,negatif
1780196867-72,PinDuoDuo Y17 Ram,"kondisi barang bagus dan mulus
semua fitur berfungsi dengan normal tidak ada yang cacat
desain elegan, ringan, dan nyaman digenggam 
kapasitas baterai besar 5000 mah cukup awet digunakan seharian
kapasitas penyimpanan besar
ram 8 dan internal 256
keren semoga awet","2026-05-14 18:12 | Variasi: Biru Muda,8/256",1,kondisi barang bagus dan mulus semua fitur berfungsi dengan normal tidak ada yang cacat desain elegan ringan dan nyaman digenggam kapasitas baterai besar 5000 mah cukup awet digunakan seharian kapasitas penyimpanan besar ram 8 dan internal 256 keren semoga awet,2026-05-14 18:12:00,0,0.98780966,0.008465592,0.0037246954,positif
1780196867-118,PinDuoDuo Y17 Ram,"Hp tidak bisa menggunakan wa,sudah beberapa kali ganti kartu.tetap kena tinjau an.
Sangat menyesal.minta tolong solusinya buat penjual😩","2026-05-20 12:39 | Variasi: Biru,8/256",1,handphone tidak bisa menggunakan wa sudah beberapa kali ganti kartu tetap kena tinjau an sangat menyesal minta tolong solusinya buat penjual,2026-05-20 12:39:00,2,0.0007387747,0.004031158,0.9952301,negatif
1780196867-66,PinDuoDuo Y17 Ram,"Barang,a bgs tokoh,a amanah...semga sukses selalu..","2026-05-20 17:31 | Variasi: Biru,8/256",1,barang a bgs tokoh a amanah semga sukses selalu,2026-05-20 17:31:00,0,0.98813033,0.010148445,0.0017212238,positif
1780167137-1,TAOB1688_Ip 17 Pro,"mantap bos ku 
syaa mau pesan lagi harga bisa kurang bos",2026-04-14,1,mantap bos ku syaa mau pesan lagi harga bisa kurang bos,2026-04-14 00:00:00,0,0.96378875,0.028942661,0.007268546,positif
1780167137-2,TAOB1688_Ip 17 Pro,"𝑖𝑃ℎ𝑜𝑛𝑒 𝑝𝑎𝑙𝑠𝑢 𝑝𝑎𝑙𝑒 𝑘𝑖𝑟𝑎 𝑎𝑠𝑙𝑖
𝑜𝑟𝑎𝑛𝑔 𝑑𝑖 𝑘𝑜𝑛𝑡𝑒𝑟 𝑏𝑙𝑎𝑛𝑔 𝑏𝑢𝑘𝑎𝑛 𝑖𝑃ℎ𝑜𝑛𝑒 𝑎𝑠𝑙𝑖
 𝑝𝑎𝑛𝑡𝑎𝑠 𝑑𝑖 𝑗𝑢𝑎𝑙 𝑚𝑢𝑟𝑎ℎ.",3 minggu lalu,1,iphone palsu pale kira asli orang di konter blang bukan iphone asli pantas di jual murah,2026-05-11 00:00:00,2,0.00072796916,0.006808596,0.99246347,negatif
1780167137-3,TAOB1688_Ip 17 Pro,buat gaya lumayan cuman lemot ada yang gak lemot gak bang,2 minggu lalu,1,buat gaya lumayan cuman lambat ada yang gak lambat gak bang,2026-05-18 00:00:00,2,0.13207619,0.13908783,0.72883594,negatif
1780315618-1,TAOB88.SHOP_ip17,"Wort it banget dengan harga segini kualitas juga oke, responsif kamera bagus, dan ada cashback juga mantap!🫶",2026-02-13 09:10 | Variasi: Oren,1,wort it banget dengan harga segini kualitas juga oke responsif kamera bagus dan ada cashback juga mantap,2026-02-13 09:10:00,0,0.9978259,0.0014230907,0.0007509702,positif
1780315618-20,TAOB88.SHOP_ip17,"Barang nya sesuai di foto,barang bagus dngan harga segini sih udah bagus banget ya mnurut aku blanja di sini memuaskan,mksih seller mksih juga buat abg kurir",2026-02-18 10:10 | Variasi: Oren,1,barang nya sesuai di foto barang bagus dngan harga segini sih udah bagus banget ya mnurut aku blanja di sini memuaskan terima kasih penjual terima kasih juga buat abg kurir,2026-02-18 10:10:00,0,0.99139506,0.0029888197,0.005616107,positif
1780315618-39,TAOB88.SHOP_ip17,Tdk bisa berfungsi,2026-02-25 20:24 | Variasi: Oren,1,tdk bisa berfungsi,2026-02-25 20:24:00,2,0.00094504777,0.003364396,0.9956905,negatif
1780315618-35,TAOB88.SHOP_ip17,Pusat kontrol dan bulatan siri nya gadak min,2026-02-27 22:44 | Variasi: Oren,1,pusat kontrol dan bulatan siri nya gadak min,2026-02-27 22:44:00,2,0.001202654,0.008704925,0.99009234,negatif
1780315618-14,TAOB88.SHOP_ip17,Bagus bgt puas deh,2026-03-05 11:14 | Variasi: Oren,1,bagus banget puas deh,2026-03-05 11:14:00,0,0.99732095,0.0016312769,0.0010477315,positif
1780315618-16,TAOB88.SHOP_ip17,Sesuai pesanan ...cepat SMP...good👍,2026-03-05 19:08 | Variasi: Navy,1,sesuai pesanan cepat smp good,2026-03-05 19:08:00,0,0.99076945,0.0072223158,0.0020081915,positif
1780315618-37,TAOB88.SHOP_ip17,Tidak bisa aktif jaringan datanya,2026-03-13 21:26 | Variasi: Oren,1,tidak bisa aktif jaringan datanya,2026-03-13 21:26:00,1,0.002143842,0.7682792,0.22957695,netral
1780315618-48,TAOB88.SHOP_ip17,Next order lagi 😊😊😊,2026-03-17 12:57 | Variasi: Navy,1,next order lagi,2026-03-17 12:57:00,1,0.20756397,0.78752637,0.004909653,netral
1780315618-51,TAOB88.SHOP_ip17,Masya allah anak saya suka banget,2026-03-17 20:32 | Variasi: Oren,1,masya allah anak saya suka banget,2026-03-17 20:32:00,0,0.9970276,0.0022930624,0.0006794129,positif
1780315618-32,TAOB88.SHOP_ip17,Belum satu bulan sudah matot. Masih minta tolong admin tapi tiada kejelasan,2026-03-26 16:44 | Variasi: Oren,1,belum satu bulan sudah matot masih minta tolong admin tapi tiada kejelasan,2026-03-26 16:44:00,2,0.000658581,0.008069095,0.9912724,negatif
1780315618-44,TAOB88.SHOP_ip17,"dgn nominal segitu, oke si😉",2026-03-28 09:18 | Variasi: Navy,1,dengan nominal segitu oke si,2026-03-28 09:18:00,0,0.81280285,0.15400533,0.03319193,positif
1780315618-45,TAOB88.SHOP_ip17,Semoga awet dan tidak mudah error baik devicenya maupun softwarenya,2026-03-28 15:48 | Variasi: Oren,1,semoga awet dan tidak mudah error baik devicenya maupun softwarenya,2026-03-28 15:48:00,0,0.981679,0.015326684,0.0029942896,positif
1780315618-2,TAOB88.SHOP_ip17,Terima kasih aku dapat iPhone yang asli dengan harganya sangat tidak masuk akal terima kasih ayo semuanya buruan check out,2026-04-07 15:28 | Variasi: Oren,1,terima kasih aku dapat iphone yang asli dengan harganya sangat tidak masuk akal terima kasih ayo semuanya buruan check out,2026-04-07 15:28:00,2,0.0055638817,0.0055618524,0.9888743,negatif
1780315618-23,TAOB88.SHOP_ip17,"Sebening tetesan embun pagi
Secerah sinarnya mentari
Bila ku tatap wajahmu ibu
Ada kehangatan di dalam hatiku
Air wudhu selalu membasahimu
Ayat suci selalu dikumandangkan
Suara lembut penuh keluh dan kesah
Berdoa untuk putra putrinya
Oh ibuku engkaulah wanita
Yang ku cinta selama hidupku
Maafkan anakmu bila ada salah
Pengorbananmu tanpa balas jasa
Ya Allah ampuni dosanya
Sayangilah seperti menyayangiku
Berilah ia kebahagiaan
Di dunia juga di akhirat",2026-04-13 09:52 | Variasi: Navy,1,sebening tetesan embun pagi secerah sinarnya mentari bila ku tatap wajahmu ibu ada kehangatan di dalam hatiku air wudhu selalu membasahimu ayat suci selalu dikumandangkan suara lembut penuh keluh dan kesah berdoa untuk putra putrinya oh ibuku engkaulah wanita yang ku cinta selama hidupku maafkan anakmu bila ada salah pengorbananmu tanpa balas jasa ya allah ampuni dosanya sayangilah seperti menyayangiku berilah ia kebahagiaan di dunia juga di akhirat,2026-04-13 09:52:00,0,0.9239202,0.035251852,0.040827915,positif
1780315618-28,TAOB88.SHOP_ip17,Saya suka karna paketnya benar2 sampai dg harga segitu dan untuk kurir ny Terima kasih,2026-04-13 14:19 | Variasi: Hijau,1,saya suka karna paketnya benar2 sampai dg harga segitu dan untuk kurir ny terima kasih,2026-04-13 14:19:00,0,0.99528545,0.004153828,0.0005607184,positif
1780315618-30,TAOB88.SHOP_ip17,Kaca jernih seler juga ramah,2026-04-19 20:31 | Variasi: Navy,1,kaca jernih penjual juga ramah,2026-04-19 20:31:00,0,0.9940289,0.0053248177,0.0006463394,positif
1780315618-31,TAOB88.SHOP_ip17,Baik sesuai ekspetasi,2026-04-24 05:16 | Variasi: Navy,1,baik sesuai ekspetasi,2026-04-24 05:16:00,0,0.9347112,0.052014362,0.01327438,positif
1780315618-5,TAOB88.SHOP_ip17,"sebelum beli sempat ragu ragu, hpnya betulan di kirim apa enggak ternyata betulan di kirim sesuai pesanan ku.",2026-05-08 17:31 | Variasi: Oren,1,sebelum beli sempat ragu ragu hpnya betulan di kirim apa enggak ternyata betulan di kirim sesuai pesanan ku,2026-05-08 17:31:00,1,0.044472545,0.847631,0.1078965,netral
1780315618-42,TAOB88.SHOP_ip17,Respon kurang baik,2026-05-11 12:33 | Variasi: Oren,1,respon kurang baik,2026-05-11 12:33:00,2,0.0010472223,0.0012920473,0.99766076,negatif
1780315618-29,TAOB88.SHOP_ip17,Trm kasih paket udh di terima dgn baik dn mantep banget...,2026-05-13 07:46 | Variasi: Oren,1,terima kasih paket udh di terima dengan baik dn mantep banget,2026-05-13 07:46:00,0,0.9961957,0.0029512357,0.00085319416,positif
1780315618-26,TAOB88.SHOP_ip17,Mantulll,2026-05-17 12:08 | Variasi: Oren,1,mantulll,2026-05-17 12:08:00,0,0.9946873,0.003464521,0.0018481816,positif
1780315618-7,TAOB88.SHOP_ip17,Mirip banget aslinya klu cma sekedar pemakaian seadanya sdh ok. Tp klu mau cari yg sempurna beli aslinya ja😂. Cukup puas dengan yg ada ini,2026-05-19 13:55 | Variasi: Oren,1,mirip banget aslinya klu cma sekedar pemakaian seadanya sdh ok tapi klu mau cari yang sempurna beli aslinya ja cukup puas dengan yang ada ini,2026-05-19 13:55:00,0,0.9725141,0.0036254032,0.023860497,positif
1780315618-24,TAOB88.SHOP_ip17,"INTINYA JELEK BANGET KAMERA JELEK BATRE BOROS PANAS BANGET.
JANGAN BELI DI SINI YA GAYS KUALITAS BURUK!",2026-05-21 20:46 | Variasi: Oren,1,intinya jelek banget kamera jelek batre boros panas banget jangan beli di sini ya gays kualitas buruk,2026-05-21 20:46:00,2,0.000760291,0.00083281816,0.99840695,negatif
1780315618-43,TAOB88.SHOP_ip17,Mirip banget kayak ori,2026-05-31 16:11 | Variasi: Oren,1,mirip banget kayak original,2026-05-31 16:11:00,0,0.96918935,0.0067662215,0.024044348,positif
1780167045-1,Temu Toko_Ip 17 Pro,"Keren ini mah hp nya kecil tapi gak kecil baget anak saya suka buat bocill cocok dari pada harus rebutan sama saya😂 
Harga terjangkau kualitas gak perlu di ragukan lagi, gak perlu pikir panjang langsung checkout barang memuaskan terima kasih seller🫰🏻🫰🏻❤️❤️",2025-09-08 11:53 | Variasi: Silver,1,keren ini mah handphone nya kecil tapi gak kecil baget anak saya suka buat bocah cocok dari pada harus rebutan sama saya harga terjangkau kualitas gak perlu di ragukan lagi gak perlu pikir panjang langsung checkout barang memuaskan terima kasih penjual,2025-09-08 11:53:00,0,0.997142,0.0015014487,0.0013565479,positif
1780167045-2,Temu Toko_Ip 17 Pro,Di luar ekspetasi saya ga nyangka bakal SE cute ini😍 udah di coba berfungsi dengan baikk  ga nyesel deh pokoknya respon penjual pun cepat sekali 🫶hitam doff juga glossy mantullll🫶🫶🫶,2025-09-08 11:57 | Variasi: Hitam,1,di luar ekspetasi saya tidak nyangka bakal se cute ini udah di coba berfungsi dengan baikk tidak nyesel deh pokoknya respon penjual pun cepat sekali hitam doff juga glossy mantullll,2025-09-08 11:57:00,0,0.99621385,0.0017107798,0.002075278,positif
1780167045-3,Temu Toko_Ip 17 Pro,"Barang tidak sesuai deskripsi tidak bisa di Pakaikan SIM CARD HP nya juga lambat SIM terbaca tapi jaringan internet nya gak bisa di pake... Saya sudah masukin Telkomsel, AXIS dan M3 malah M3 tulisannya Roaming
Seller nya juga gak bales waktu di cht",2025-09-18 17:02 | Variasi: Grey,1,barang tidak sesuai deskripsi tidak bisa di pakaikan sim card handphone nya juga lambat sim terbaca tapi jaringan internet nya gak bisa di pake saya sudah masukin telkomsel axis dan m3 malah m3 tulisannya roaming penjual nya juga gak bales waktu di cht,2025-09-18 17:02:00,2,0.0017135156,0.020458978,0.9778275,negatif
1780167045-5,Temu Toko_Ip 17 Pro,"Awanya agak ragu, tapi setelah dicoba imut bgt dan lucu. Sinyal aman, wifi lancar. walau emang kinerja agak lemot dibanding hape normal. Tapi wajar untuk hape mini kayak gini. cocok buat second phone.",2025-09-28 20:52 | Variasi: Silver,1,awanya agak ragu tapi setelah dicoba imut banget dan lucu sinyal aman wifi lancar walau emang kinerja agak lambat dibanding handphone normal tapi wajar untuk handphone mini kayak gini cocok buat second phone,2025-09-28 20:52:00,0,0.99637777,0.0014750601,0.0021471304,positif
1780167045-6,Temu Toko_Ip 17 Pro,trmksi kak barang nya sudah sampai⭐⭐⭐⭐⭐,2025-10-14 22:25 | Variasi: Silver,1,trmksi kak barang nya sudah sampai,2025-10-14 22:25:00,1,0.21157809,0.78609455,0.0023274433,netral
1780167045-10,Temu Toko_Ip 17 Pro,Baguss bgtt gak nyesel beli disini,2025-10-30 10:47 | Variasi: Silver,1,baguss banget gak nyesel beli disini,2025-10-30 10:47:00,0,0.99722433,0.001471194,0.0013044483,positif
1780167045-25,Temu Toko_Ip 17 Pro,lucuuu,2025-11-02 19:58 | Variasi: Silver,1,lucuuu,2025-11-02 19:58:00,0,0.9968142,0.0017402801,0.0014455194,positif
1780167045-8,Temu Toko_Ip 17 Pro,mantpsssssssss,2025-12-23 17:06 | Variasi: Silver,1,mantap,2025-12-23 17:06:00,0,0.9971998,0.002069907,0.00073037326,positif
1780167045-20,Temu Toko_Ip 17 Pro,"Overall puas, lucu bgt gemess",2025-12-26 13:35 | Variasi: Oren,1,overall puas lucu banget gemess,2025-12-26 13:35:00,0,0.99694246,0.0014214551,0.001636052,positif
1780167045-22,Temu Toko_Ip 17 Pro,"thanks hpnya sudah di terima, pengiriman cepat dan anakku suka thanks kak",2025-12-27 14:19 | Variasi: Oren,1,thanks hpnya sudah di terima pengiriman cepat dan anakku suka thanks kak,2025-12-27 14:19:00,0,0.98663074,0.012620882,0.00074841134,positif
1780167045-17,Temu Toko_Ip 17 Pro,"BARANG RUSAK KOK DIJUAL!
Beli pertama warna oren, oke 
Segelan semua masih baru
Lalu saya beli kedua warna silver, barang datang ngga ada segel, screen protector sudah terpasang, curiga sudah bekas rusak orang retur sebelomnya, beneran, ga bisa nyala, ga bisa di charge
Ajukan pengembalian entah kenapa hari k3 sudah ga ada pilihannya
Seller dikontak tidak mau urus, tidak tanggung jawab, jelas barang ini rusak
Jahat yah, semoga kaya raya kamu kerja model seperti ini.
Ini sudah pasti barang returan dari orang lain yang rusak dikirim ke saya",2026-01-07 11:03 | Variasi: Grey,1,barang rusak kok dijual beli pertama warna oren oke segelan semua masih baru lalu saya beli kedua warna silver barang datang ngga ada segel screen protector sudah terpasang curiga sudah bekas rusak orang retur sebelomnya beneran tidak bisa nyala tidak bisa di charge ajukan pengembalian entah kenapa hari k3 sudah tidak ada pilihannya penjual dikontak tidak mau urus tidak tanggung jawab jelas barang ini rusak jahat yah semoga kaya raya kamu kerja model seperti ini ini sudah pasti barang returan dari orang lain yang rusak dikirim ke saya,2026-01-07 11:03:00,2,0.0031439885,0.0015623812,0.9952937,negatif
1780167045-19,Temu Toko_Ip 17 Pro,Hp utk anak2 sgt lucu,2026-01-12 14:40 | Variasi: Oren,1,handphone utk anak2 sgt lucu,2026-01-12 14:40:00,0,0.9950407,0.0033176448,0.0016417175,positif
1780167045-24,Temu Toko_Ip 17 Pro,bagussss skli..smoga awet,2026-01-14 01:54 | Variasi: Oren,1,bagussss skli smoga awet,2026-01-14 01:54:00,0,0.9931164,0.005034601,0.0018490448,positif
1780167045-15,Temu Toko_Ip 17 Pro,Barang tidak bisa di pake,2026-02-05 19:02 | Variasi: Oren,1,barang tidak bisa di pake,2026-02-05 19:02:00,2,0.0007622648,0.06894252,0.9302952,negatif
1780167045-7,Temu Toko_Ip 17 Pro,"ini hp nya tidak bisa nge baca sim card
terima kasih",2026-05-11 00:53 | Variasi: 4.5 Grey,1,ini handphone nya tidak bisa nge baca sim card terima kasih,2026-05-11 00:53:00,1,0.0016524418,0.9484974,0.0498501,netral
1780167045-16,Temu Toko_Ip 17 Pro,Hp nya tidak masuk jadi di charge,2026-05-13 18:21 | Variasi: 3.0 Oren,1,handphone nya tidak masuk jadi di charge,2026-05-13 18:21:00,1,0.0046784175,0.94105697,0.054264624,netral
1780167045-23,Temu Toko_Ip 17 Pro,Batre bocor,2026-05-29 19:40 | Variasi: 3.0 Oren,1,batre bocor,2026-05-29 19:40:00,2,0.00061404525,0.006362312,0.99302363,negatif
